:1000000008380020F52700000F950000E1270000C8
:10001000E1270000E1270000E1270000E1270000C0
:10002000000000000000000000000000592900004E
:10003000E127000000000000FD280000E12700008B
:100040001D2B00001D2B00001D2B00001D2B000090
:100050001D2B00001D2B00001D2B00001D2B000080
:100060001D2B00001D2B00001D2B00001D2B000070
:100070001D2B00001D2B00001D2B00001D2B000060
:100080001D2B00001D2B00001D2B00001D2B000050
:100090001D2B00001D2B00001D2B00001D2B000040
:1000A0001D2B00001D2B00001D2B00001D2B000030
:1000B0001D2B00001D2B00001D2B00001D2B000020
:1000C0001D2B00001D2B00001D2B00001D2B000010
:1000D0001D2B00001D2B00001D2B00001D2B000000
:1000E0001D2B00001D2B00001D2B00001D2B0000F0
:1000F0001D2B00001D2B00001D2B00001D2B0000E0
:100100001D2B00001D2B00001D2B00001D2B0000CF
:100110001D2B00001D2B00001D2B00001D2B0000BF
:100120001D2B00001D2B00001D2B00001D2B0000AF
:100130001D2B00001D2B00001D2B00001D2B00009F
:100140001D2B00001D2B00001D2B00001D2B00008F
:100150001D2B00001D2B00001D2B00001D2B00007F
:100160001D2B00001D2B00001D2B00001D2B00006F
:100170001D2B00001D2B00001D2B00001D2B00005F
:100180001D2B00001D2B00001D2B00001D2B00004F
:100190001D2B00001D2B00001D2B00001D2B00003F
:1001A0001D2B00001D2B00001D2B00001D2B00002F
:1001B0001D2B00001D2B00001D2B00001D2B00001F
:1001C0001D2B00001D2B00001D2B00001D2B00000F
:1001D0001D2B00001D2B00001D2B00001D2B0000FF
:1001E0001D2B00001D2B00001D2B00001D2B0000EF
:1001F0001D2B00001D2B00001D2B00001D2B0000DF
:100200001D2B00001D2B00001D2B00001D2B0000CE
:100210001D2B00001D2B00001D2B00001D2B0000BE
:100220001D2B00001D2B00001D2B00001D2B0000AE
:100230001D2B00001D2B00001D2B00001D2B00009E
:100240001D2B00001D2B00001D2B00001D2B00008E
:100250001D2B00001D2B00001D2B00001D2B00007E
:100260001D2B00001D2B00001D2B00001D2B00006E
:100270001D2B00001D2B00001D2B00001D2B00005E
:100280001D2B00001D2B00001D2B00001D2B00004E
:100290001D2B00001D2B00001D2B00001D2B00003E
:1002A0001D2B00001D2B00001D2B00001D2B00002E
:1002B0001D2B00001D2B00001D2B00001D2B00001E
:1002C0001D2B00001D2B00001D2B00001D2B00000E
:1002D0001D2B00001D2B00001D2B00001D2B0000FE
:1002E0001D2B00001D2B00001D2B00001D2B0000EE
:1002F0001D2B00001D2B00001D2B00001D2B0000DE
:100300001D2B00001D2B00001D2B00001D2B0000CD
:100310001D2B00001D2B00001D2B00001D2B0000BD
:100320001D2B00001D2B00001D2B00001D2B0000AD
:100330001D2B00001D2B00001D2B00001D2B00009D
:100340001D2B00001D2B00001D2B00001D2B00008D
:100350001D2B00001D2B00001D2B00001D2B00007D
:100360001D2B00001D2B00001D2B00001D2B00006D
:100370001D2B00001D2B00001D2B00001D2B00005D
:100380001D2B00001D2B00001D2B00001D2B00004D
:100390001D2B00001D2B00001D2B00001D2B00003D
:1003A0001D2B00001D2B00001D2B00001D2B00002D
:1003B0001D2B00001D2B00001D2B00001D2B00001D
:1003C0001D2B00001D2B00001D2B00001D2B00000D
:1003D0001D2B00001D2B00001D2B00001D2B0000FD
:1003E0001D2B00001D2B00001D2B00001D2B0000ED
:1003F0001D2B00001D2B00001D2B00001D2B0000DD
:100400001D2B00001D2B00001D2B00001D2B0000CC
:100410001D2B00001D2B00001D2B00001D2B0000BC
:100420001D2B00001D2B00001D2B00001D2B0000AC
:100430001D2B00001D2B00001D2B00001D2B00009C
:100440001D2B00001D2B00001D2B00001D2B00008C
:100450001D2B00001D2B00001D2B00001D2B00007C
:100460001D2B00001D2B00001D2B00001D2B00006C
:100470001D2B00001D2B00001D2B000053B94AB995
:10048000002908BF00281CBF4FF0FF314FF0FF309C
:1004900000F00CB8ADF1080C6DE904CE00F010F8D6
:1004A000DDF804E0DDE9022304B07047704700BFC7
:1004B000034613F8012B002AFBD1181A01387047A4
:1004C0002DE9F04786468C460846089E1546744638
:1004D0001946002B40F0C1808542B2FA82F245D91C
:1004E0004AB1C2F1200300FA02FC954094402EFA72
:1004F00003F343EA0C0C4FEA154EA8B2230CBCFBE5
:10050000FEF80EFB18CC08FB00F943EA0C439945B2
:1005100028D9EB1808F1FF3704D2994502D9A8F180
:1005200002072B44A3EB0903A4B2B3FBFEFC0EFBB2
:100530001C330CFB00F044EA0344A04214D92C19EC
:100540000CF1FF3304D2A04202D9ACF102032C44D7
:10055000241A43EA07401EB1D4400023346073607C
:10056000BDE8F0874746DDE76346F1E792BB431BF2
:1005700001214FEA154EAFB2200CB3FBFEFC0EFB7F
:100580001C330CFB07F840EA0343984561D9EB188C
:100590000CF1FF3004D2984502D9ACF102002B4493
:1005A000A3EB0803A4B2B3FBFEFC0EFB1C330CFB55
:1005B00007F744EA0344A7424DD92C190CF1FF3345
:1005C00004D2A74202D9ACF102032C44E41B43EA53
:1005D0000040C0E7C2F120039540944020FA03F1A7
:1005E0002EFA03F34FEA154E9040AFB20343B1FB2E
:1005F000FEFC0EFB1C10190C0CFB07F841EA004135
:10060000884522D969180CF1FF3004D2884502D9F7
:10061000ACF102002944A1EB08019BB2B1FBFEFC46
:100620000EFB1C110CFB07F743EA01439F420ED956
:10063000EB180CF1FF3104D29F4202D9ACF1020158
:100640002B44DB1B41EA004193E76046E3E7614648
:10065000F7E76046A4E76346B8E7834206D916B9D0
:10066000002108467CE7C6E900E0F9E7B3FA83F722
:100670008FB9834201D3724508D8BEEB020460EB08
:10068000030301209C461EB9002169E73846FAE7BA
:10069000C6E9004CF8E7C7F1200CBB400EFA07F59D
:1006A00022FA0CF42EFA0CF1BA401C4320FA0CF397
:1006B000B8404FEA144901431FFA84FEB3FBF9F82E
:1006C00009FB18300B0C08FB0EFA43EA00439A456D
:1006D00040D9E31808F1FF3004D29A4502D9A8F1B5
:1006E00002002344A3EB0A0389B2B3FBF9F809FB28
:1006F000183308FB0EFE41EA03418E452CD96118E0
:1007000008F1FF3304D28E4502D9A8F10203214437
:1007100043EA0040A1EB0E01A0FB02984145CE4602
:10072000434602D306D14D4504D20138B9EB020E3F
:1007300068EB0403002EA7D0B5EB0E0261EB0301BA
:1007400001FA0CFC22FA07F3F9404CEA0303C6E96C
:10075000003199E74046C5E74346D9E708B50D4B58
:100760001A68AAB901220C481A6000F05FF80B4819
:1007700000F05CF80A4800F059F80A4800F056F812
:10078000094800F053F8BDE80840084800F04EB8AA
:1007900008BD00BF5805002048AD000078AD00003E
:1007A00068AD000058AD000088AD000098AD0000B5
:1007B00010B5044658B1FFF77BFE0146204600F015
:1007C00089FDBDE810400121014800F083BD10BD46
:1007D000BCCB00000FB400B5C3B0449AB2B14FF423
:1007E000807145AB02A8019308F0F0F9011E0DDD00
:1007F000FF29C4BF0023FF2102A8C8BF8DF807311D
:1008000000F068FD0121044800F064FD43B05DF88C
:1008100004EB04B0704700BFBCCB00000048704739
:1008200028AF0000004870472CAF000050B1C368EB
:1008300043B1054A13680F2B9FBF591C1160034A2F
:1008400042F82300704700BF5C05002060050020CF
:10085000014B1868704700BF5C050020044B1B6803
:10086000834286BF034B53F820000020704700BF2F
:100870005C0500206005002003289ABF024B53F856
:1008800020000248704700BF38AD000033AF0000C1
:1008900038B50D46044660B159B1E022002109F097
:1008A000E7FB2B6823606B686360AB68A360014B58
:1008B000236138BD59AF000000232DE9F04FDFF868
:1008C000C081704EDFF8C091DFF8C0A1704DC1B09B
:1008D000C8F800303360C9F80030CAF800302B6027
:1008E000FFF73CFF6B48FFF763FF00F083FC044613
:1008F00069496A48FFF76EFFB4B1D4E9001268484D
:10090000FFF768FFA07DE37AA27A217A0590607DE7
:100910000490207D0390207C0290E07B0190607B1E
:1009200000906048FFF756FF00F0DEFC069000F0F4
:10093000DFFC074600F0CAFC8346FFF76FFF044662
:10094000FFF770FF4FF47A733A46CDE90240CDE9E4
:1009500000B30699544B5548FFF73CFFFFF778FF6B
:1009600000270690069B9F421DD102972B68504896
:100970000193DAF800300093D9F800303268D8F8E3
:100980000010FFF727FF4B48FFF712FF08F088FC25
:100990003368002B71D12868003818BF012040420D
:1009A00041B0BDE8F08F3846FFF758FF04460028F5
:1009B0003FD0C368002B3CD0014608A8FFF768FF72
:1009C000D4E9013221683C48FFF704FF08A8E36836
:1009D00098479DF82C0003283DD8DFE800F0022C52
:1009E0003036D8F800300133C8F80030089CDDF804
:1009F00028B0FFF741FF0C9A30490346002A08BF90
:100A00000A462F48214600925A46FFF7E3FE4FF070
:100A1000000B08AC3E9B2B489B4508991FD39DF8C3
:100A20002C000791FFF728FF079902462648FFF799
:100A3000D1FE013796E7336801333360D6E7D9F842
:100A400000300133C9F80030D0E7DAF80030013364
:100A5000CAF80030CAE72B6801332B60C6E7A36AE7
:100A6000164A0BF1010B002B08BF13460093236AB3
:100A7000A269FFF7AFFE1834CCE74FF0FF308FE7E5
:100A8000B0050020AC050020A8050020A40500202A
:100A9000A00500205CAF00006CAF00007AAF000042
:100AA0008BAF0000ABAF00000020A10723B0000017
:100AB0001BB1000067B100007EB00000BDCB00009C
:100AC000A3B00000D5B0000002B1000000212DE964
:100AD000F04FADF56D7D0DF120080546052240462D
:100AE000079108F058FB07AF0146002840F09980B5
:100AF0000CAE0522304608F04EFB0446002840F0BC
:100B0000938010AB9B46DFF838914E4A4E490DF169
:100B1000900A4FF0000C0BEB0410C3E900869F60B5
:100B2000C0F80CC04FF480604FF0020CCDF800907C
:100B3000CDE9010C5046059300F08CFB002875D1DF
:100B4000059B0134052C40493E4A03F110030AF18C
:100B5000A00A09F58069DCD1A146404608F03BFBBC
:100B6000002865D1B9F10109F7D142F2107008F0FF
:100B7000FDFA00285ED101233B6041F28831304606
:100B800008F017FB0746002856D1013CF5D1224654
:100B90004FF0FF36A146A0460BEB0213DB68002B9B
:100BA0004CD09E4228BF1E469C4238BF1C46013294
:100BB00013EB090348F10008052A9946ECD1234BB1
:100BC0000522284622490093002308F044FA214BCD
:100BD0004A4600934346DFF8808028461F4908F0C4
:100BE0003AFA3246002328461D49CDF8008008F025
:100BF00032FA2246002328461A49CDF8008008F030
:100C00002AFA194B42F21072009328460023174922
:100C100008F021FA164B2F732B610DF56D7DBDE8A1
:100C2000F08F144B0127F6E7134BFBE7134BF9E763
:100C3000134BF7E7134BF5E7134BF3E7134BF1E7D0
:100C4000080E00209190000053B200006CB200002A
:100C500064B200007AB2000092B2000074B20000E8
:100C600081B200009DB20000BAB20000AEB2000036
:100C700031B2000075B1000093B10000B0B10000C6
:100C8000CCB10000E8B1000001B2000017B20000D2
:100C900001222DE9F04786B00746114602A808F068
:100CA0007AFA044600284AD108F0F5FA81468A46C5
:100CB0004FF48065002102A808F07BFA002842D199
:100CC00002A808F088FA804600283ED1013DF1D103
:100CD00008F0E1FA484571EB0A0304F58064E7D3B4
:100CE0001B4BB0EB090561EB0A069D4276F1000350
:100CF000DED3184B2246384617490093434608F086
:100D0000AAF9164B2A46384615490093334608F08F
:100D1000A2F914482A463346A4FB0001FFF7AEFBB4
:100D20000B461149024600913846104908F093F9E4
:100D30000F4B87F80C803B6106B0BDE8F0870D4B88
:100D40004FF00108F5E70C4BFAE70C4BF8E700BF52
:100D500080969800FAB5000029B300003CB300006B
:100D600034B3000040420F003FB30000DEB2000089
:100D700005B30000B0B30000EFB20000D2B1000034
:100D80002DE9F04788B00746002103A808F02BFAA8
:100D9000044600284AD108F07EFA81468A464FF47C
:100DA0008065002103A808F026FA002842D103A894
:100DB00008F033FA804600283ED1013DF1D108F019
:100DC0006AFA484571EB0A0304F58064E7D31B4BCC
:100DD000B0EB090561EB0A069D4276F10003DED314
:100DE000174B2246384617490093434608F033F91B
:100DF000154B2A46384615490093334608F02BF91F
:100E000013482A463346A4FB0001FFF737FB0B4685
:100E100010490246009138460F4908F01CF90F4B63
:100E200087F80C803B6108B0BDE8F0870C4B4FF0B1
:100E30000108F5E70B4BFAE70B4BF8E780969800B3
:100E4000FAB5000029B300003CB3000034B3000041
:100E500040420F003FB30000DEB2000087B3000045
:100E60004DB3000061B3000073B300002DE9F04101
:100E7000C2B010AD00210446284608F0B4F901467E
:100E8000002860D104AF0122384608F084F90146F9
:100E900000285AD108AE0122304608F07CF90146FC
:100EA000002854D10DF130080122404608F073F9B2
:100EB00000284ED140F206630222ADF864304FF4B0
:100EC0008063CDE90132294B294A0093294915ABAA
:100ED0001AA8CDE91557CDE9176800F0BBF900282D
:100EE00039D141F28831384608F063F9002834D10D
:100EF0009DF86430002B32D1284608F08EF9054663
:100F0000304625B908F067F91B4B012616E008F0BA
:100F100062F941F28831404608F04BF908BB9DF870
:100F2000656006BB1AA808F028F9144B2A460093FE
:100F300020460023124908F08EF8124B26732361D5
:100F400042B0BDE8F081104BDFE7104BDDE7104BFE
:100F5000DBE7104BD9E7104BD7E7104BD5E7104B29
:100F6000D3E7104BD1E7104BCFE700BF082200209A
:100F7000D3900000BFB4000037B40000D9B4000023
:100F8000CFB400009FB400004DB30000A9B300002F
:100F9000C8B3000093B10000E8B3000003B4000040
:100FA0001CB4000058B400006DB4000010232DE9FB
:100FB000F04F97B007461A463E490BA808F038F99B
:100FC000054600286BD10146102203A809F050F80D
:100FD0001022294607A809F04BF808F05CF9814671
:100FE0008A46DFF8D4B02C4684EA0B030493334BD3
:100FF0000022E3180593324B03A90BA80394069330
:1010000008F021F9024600284DD107A90BA808F0E5
:101010002EF98046002848D1102207A903A809F01C
:101020000AF8002843D1013405F580639C42DBD1E6
:1010300008F031F9484571EB0A032ED3214BB0EB90
:10104000090561EB0A069D4276F1000325D31E4B8C
:10105000224638461D490093434607F0FCFF1C4BCF
:101060002A4638461B490093334607F0F4FF1A48D6
:101070002A463346A4FB0001FFF700FA0B46174946
:10108000024600913846164907F0E5FF154B87F8F0
:101090000C803B6117B0BDE8F08F2546A3E7124BEB
:1010A0004FF00108F3E7114BFAE7114BF8E7114B4A
:1010B000F6E700BF000D00207856341200EFCDABEC
:1010C000AA55AA5580969800F0B5000029B30000F3
:1010D0003CB3000034B3000040420F003FB30000B7
:1010E000DEB20000CEB500007CB5000090B5000077
:1010F000A2B50000B7B500002DE9F04F85B0044659
:1011000008F0C9F880460A20894608F02FF80546FD
:1011100008F0C1F806460F46002D4BD1404571EB53
:10112000090344D3B0EB080B61EB09030393264B8F
:10113000DFF898A00A22204625490093002307F0F3
:101140008AFF4FF47A72002320462249CDF800A08E
:1011500007F081FF42F21072002320461E49CDF8AD
:1011600000A007F078FF42F22832002320461B49F6
:10117000CDF800A007F06FFF46EA08065A46204661
:10118000039B1749CDF800A047EA090707F063FF62
:101190003E4312D042F228339B45039B73F1000378
:1011A0000ED3104B2573236105B0BDE8F08FAB461D
:1011B0000395BCE701250C4BF4E704250B4BF1E745
:1011C00001250B4BEEE700BFC6B600003CB30000A4
:1011D000BCB60000CCB60000D4B60000DFB60000FC
:1011E00034B30000A7B6000036B600004AB60000CF
:1011F00072B6000000487047A8AD000038B50D4633
:101200000446D0B10E4B1B7873B90E4940F24633F9
:101210000D4A0E4808F0FFF80D4808F0FCF840F2BF
:101220004631094808F0EEF805F0C0FF002105F04E
:10123000EDFD2846A047002038BD0220FCE700BF96
:10124000030E00204DB7000022B7000060B7000079
:101250007DB70000F0B589B01546DDE90E120446F1
:101260009DF84060F8B1F5B1E9B1E2B1042EC0E9F2
:10127000255396BF0D4B07209857002300260027C3
:10128000CDE90303CDE901332046CDE90667084BDC
:10129000009405F0E9F80028C4F890000CBF06207F
:1012A000002009B0F0BD0220FBE700BF9FB700009F
:1012B00047910000002108B50348FFF79FFF003861
:1012C00018BF0120404208BD8190000000487047CF
:1012D00040420F00024618B111B1024808F06EB842
:1012E000704700BFB2B7000000487047B7B70000B2
:1012F00000487047C3B70000B2F5802F2DE9F041D8
:1013000010D2042A28D8454940F21A23444A4548B5
:1013100008F081F8444808F07EF840F21A2140486D
:1013200008F070F80823D21ACC1D114424F00704E9
:1013300021F00701091B17294FEAD1060ED83B49B6
:1013400040F22323364A374808F065F8364808F05B
:1013500062F840F22321E2E70423E4E70025046079
:1013600031462046A660E56007F0D5FFB6F5004F90
:101370002CBF08230423421D92000833D11DDB0833
:1013800003EBD103B3424FEAD10739D801302946E4
:10139000A2F1100204F11000B8BF2A4608F068FE5E
:1013A0003A462946204607F0B2FF2B462A462946F0
:1013B000204607F083FFA6EB0708204629460122B6
:1013C00007F08DFF4246394607F0A1FF3B462A460B
:1013D0003946204607F072FF3146204607F097FF56
:1013E00043462A463146204607F068FF31462046EC
:1013F000012207F074FF3946BDE8F04107F09ABFBB
:101400000B494FF40E73064A064808F004F80648E4
:1014100008F001F84FF40E7181E700BFB1B8000089
:10142000E3B7000060B70000D2B80000EBB80000DE
:1014300014B90000014B1B68184700BFF0000020E2
:10144000014B1860704700BFF000002007B50B4645
:10145000002102460091034800F090F803B05DF8C7
:1014600004FB00BF35140000044608B508461146C9
:101470001A46A0470A4B1B7873B90A4940F2463313
:10148000094A0A4807F0C7FF094807F0C4FF40F2BD
:101490004631054807F0B6FF05F088FE01F018FA5E
:1014A000030E00204DB7000022B7000060B7000017
:1014B0007DB70000F0B5024601680A270020074EFC
:1014C0000B461C780131355D6D0701D41360F0BD0A
:1014D00007FB0043A3F13000F2E700BFD6D20000C3
:1014E0002DE9F84F15469A46D378234A6F2B12F808
:1014F00003B081460F460BF0030B2BD026D8582B98
:101500000CBF10260A26DDF8288032460023484604
:101510003946FEF7B3FF092A08F1FF38D4B21ED8C6
:101520003034B145E4B277F1000788F8004001D3C8
:10153000D04511D82B789B0605D5082E15D1AB7850
:1015400043F00803AB704046BDE8F88F03F0F703A3
:10155000702BD5E70826D6E781460F46D5E7BBF1C5
:10156000010F0CBF37345734DBE7102EEBD1AB78CB
:1015700043F01003E6E700BFD6D200002DE9F04F9C
:101580008A4616461C46002597B00390307808B965
:10159000284655E325280AD05146039B9847002842
:1015A000C0F24E83731C01350493049EEEE71822AB
:1015B000002110A808F05CFD7378252B00F0A380B3
:1015C000002398469E469C461846711C0F4611F80B
:1015D000012B2B2A00F0C68000F2BD80202A00F0EB
:1015E000C480232A00F0C4802BB19DF8483043F01A
:1015F00040038DF84830B8F1000F05D09DF8483011
:1016000043F020038DF84830BEF1000F05D09DF85F
:10161000483043F010038DF84830BCF1000F05D07E
:101620009DF8483043F008038DF8483028B19DF804
:10163000483043F004038DF848309DF8483003F0FB
:101640004401442903D16FF386138DF848309DF887
:1016500048302A2A43F0800309978DF8483040F03B
:101660008C809DF8493043F001038DF849307B1C94
:101670001A782E2A0CBF012100219DF8492061F320
:1016800041028DF849200CD15A1C09925A782A2A15
:1016900040F083809DF84920023342F004028DF827
:1016A00049201A786C2A00F0A48000F28680682A0B
:1016B00000F08C806A2A00F0A5804C2A00F0AA80F5
:1016C0001A4612F8013B782B04928DF84B309DF8A6
:1016D000492000F217816D2B00F2A980692B00F2DE
:1016E0001181572B00F2BE80412B03D0453B022BCA
:1016F00000F2088104229DF84A3062F302038DF85B
:101700004A300123CAE08DF84B30B31C04939DF896
:101710004930D90740F1FD8054F8048BB8F1000F2F
:1017200007DA9DF84820C8F1000842F004028DF85D
:1017300048205A0740F1F68054F804BBBBF1000F73
:1017400080F2F5809DF849306FF341038DF8493000
:101750004FF0FF3BEBE02D2A0DD0302A7FF444AF51
:10176000012333E74FF0010C30E74FF0010E2DE776
:101770004FF001082AE7012028E709A8FFF79AFEA1
:10178000099BBB423FF474AF9DF848201390C00FF3
:1017900060F341028DF848206AE709A8FFF78AFE46
:1017A0009DF848301490C3F3400242EAD07262F3CD
:1017B00041038DF84830099B73E7742A26D07A2AB2
:1017C0007FF47EAF06219DF849200CE05A78682A04
:1017D0009DF8492006D1012161F3C6028DF8492008
:1017E00002336DE7022161F3C6028DF8492001330F
:1017F00066E75A786C2A9DF8492001D10421EBE76D
:101800000321F0E705219DF84920ECE707219DF829
:101810004920E8E7BDF8482022F4F04222F0020215
:1018200042F4804242F00202ADF84820DFE76E3B0E
:10183000D9B201238B4040F282410B4238D113F0E0
:10184000240F52D1DF075DD503219DF84A3061F3A3
:1018500002038DF84A3002F07803A3F140004342BE
:1018600043411BE00120A3F15801C9B200FA01F184
:1018700011F4624F7FF43EAF40F6010739421DD1AB
:1018800011F4043F3ED09DF84A3060F3020302F0A9
:101890007802402A8DF84A3034D000239DF8482041
:1018A000C2F340010B4363F341028DF848202EE759
:1018B00002219DF84A3061F30203E8E702209DF817
:1018C0004A1002F0780260F30201402A8DF84A10B3
:1018D00002BF9DF8481041F001018DF84810632BBC
:1018E000DBD1131E18BF0123D8E703219DF84A302E
:1018F00012F0780F61F302038DF84A3014BF012310
:101900000023CBE79DF8483043F001038DF84830C1
:10191000C3E79DF94820002AACBF4FF0FF38DDF83F
:101920004C8006E79F077FF513AFDDF850B000232A
:10193000CDE913339DF84A309DF8491003F00703B1
:10194000012BC1F3C30132D1CB1E042B04D8DFE835
:1019500003F0204545202000236801294FEAE37267
:10196000CDE910321BD19DF94030DA17CDE91032A4
:1019700004349DF8483013F003074FD032465146E7
:10198000049B039807F027FD0028C0F25981054405
:101990000BE654F8043BDA17CDE91032E9E70229E7
:1019A000E6D11AB243F3C033CDE91023E0E7022BAE
:1019B00024D1CB1E042B04D8DFE803F01810101834
:1019C000180001294FF0000254F8043B14D00229FA
:1019D000CDE91032CDD19BB21093CAE7073424F081
:1019E0000704F4E80223CDE91023C2E754F8043BCE
:1019F000109300231193BCE7DBB2CDE7042B08D191
:101A0000073424F00704D4E900230834CDE9102377
:101A1000AFE7032BADD154F8043BDDE79DF84B0055
:101A200078283FF6C2AD62281ED8252850D0582805
:101A30007FF4BBADDDE910010DF13E03009312AA66
:101A40000AABFFF74DFDBBF1000F814680F2C1806C
:101A5000B9F1000F3FF4A9AD0DF13E06A6EB090365
:101A6000002F7BD0013379E0633815283FF69DAD18
:101A700001A252F820F000BF4B1B0000A91B000080
:101A8000AB150000AB150000AB150000AB15000056
:101A9000A91B0000AB150000AB150000AB15000042
:101AA000AB150000F51B0000CD1B0000091B00005A
:101AB000AB150000AB150000E11A0000AB150000EB
:101AC000CD1B0000AB150000AB150000CD1B0000C6
:101AD0005146039B98470028C0F2B280013564E567
:101AE000BBF1000FDDF840900ADB5946484608F08C
:101AF000C7FAB9F1000F3FF458AD09EB000620E03A
:101B00004846FEF7D5FCF8E71098002800F08680DC
:101B10000DF13E060AAB0021009612AAFFF7E0FC89
:101B2000BDF84A30BBF1000F03F0EF0343F4F0437C
:101B300043F010038146ADF84A3049DA00283FF4FB
:101B400034AD0027A6EB090308E0109B00278DF8B1
:101B5000283001230DF129060DF128099DF84A10BE
:101B600011F0100206925FD00233139A13440592CB
:101B70004A0644BF14995B18B8F1000F6DDDA8EB5D
:101B800003089DF848305807C3F3800B65D4590605
:101B900059D53FB151463846039B984700284FDB43
:101BA0005F46013530234FE01E075ABFC3F30013D1
:101BB0005F012B27DDE91023002BBFF63BAF52421C
:101BC00063EB43032D27CDE9102333E7002731E7EB
:101BD00000279DF848100DF13E03A3EB09036FF3B6
:101BE00086119B458DF848107FF632AFABEB0303AF
:101BF00013932DE7109B07293FF6D7ACDFE801F0E0
:101C00000C04060C08080C0C1D70CEE41D80CCE4FE
:101C1000EA17C3E90052C8E41D60C6E4304E074627
:101C20000523A6F1050999E7080748BF01339CE79A
:101C3000184607935146039B98470028079B04DAF0
:101C400017B0BDE8F08F2023C346594600290BF199
:101C5000FF3BEDDC4544D8466D1A37B15146384656
:101C6000039B98470028EBDB01359DF84A30DA06E4
:101C700001D41B0706D551463020039B9847002806
:101C8000DEDB0135069B3BB151469DF84B00039BC3
:101C900098470028D4DB0135059F2F4406E05146C4
:101CA0003020039B98470028CADB01357B1B002BA3
:101CB000F5DC33464A465146039807F08CFB002872
:101CC000BEDB0544A844A8EB0503002B7FF76DACF1
:101CD00051462020039B98470028B1DB0135F2E7ED
:101CE00044B900002DE9F84F0446A38B08461907B4
:101CF000154612D4022803F0070165D1204607F0EB
:101D000097FB88B10138042800F23781DFE810F032
:101D10005C0035018200D400040101280CBF43F0AF
:101D2000100143F02001A1831434204605F0D4FBB8
:101D3000002840F09D819A494FF49A73994A9A4835
:101D400007F069FB2146B1E003F00702501F0128AC
:101D50001ED80020062A2768C4E9000014D13A469C
:101D600003E0E08B0130E0831268002AF9D123F010
:101D7000070343F002022046A28307F059FB90B309
:101D800042F02002A2832EE023F007039AB2F2E78A
:101D9000042A33D123F007039AB22046A28307F026
:101DA00047FB10B142F02002A283A38B03F0070986
:101DB000894540F0EC80A18BCA0640F1508121F0AA
:101DC0001003A38301F00701D4F81880A38BB8F1A6
:101DD000000FB9DA0022276823F00703C4E90022C4
:101DE00043F00103A383A38B03F00709894540F067
:101DF000CF80002FDFD00026B24644E06B4940F28E
:101E00001B136B4A684807F006FB40F21B11684839
:101E100007F0F8FA49B167494FF4AB73644A624876
:101E200007F0F9FA4FF4AB71F1E723684BB9624957
:101E300040F257135E4A5C4807F0EDFA40F2571142
:101E4000E5E723691E684EB95C494FF4AD73584A03
:101E5000554807F0E0FA4FF4AD71D8E70F468846D1
:101E60004FF00609A38B23F0070343F006039BB250
:101E7000A383A268002A40F08D80002F40F08D805F
:101E8000002E98D0BA4643F0080304F1140B5846CC
:101E9000A38305F021FB002840F09A8040494FF4CD
:101EA0009A73404A404807F0B6FA5946444807F04A
:101EB000B2FA4FF49A71ADE0022909D0414940F2DB
:101EC0005D133B4A384807F0A6FA40F25D119EE7E1
:101ED000E78B4FB13C494FF4AF73354A324807F0B6
:101EE0009AFA4FF4AF7192E723695E684EB93349AD
:101EF00040F261132E4A2C4807F08DFA40F261112E
:101F000085E7A38BB84623F0070343F004039BB295
:101F10004FF00409A383ACE7012909D02B494FF402
:101F2000B273234A204807F076FA4FF4B2716EE795
:101F300023684BB9204940F265131D4A1A4807F03F
:101F40006AFA40F2651162E723699E684EB91B493F
:101F50004FF4B473164A144807F05DFA4FF4B471A5
:101F600055E70027A38BB84623F0070343F005038A
:101F70009BB24FF00509A3837BE70C4940F26B133A
:101F80000B4A094807F047FA40F26B113FE7002778
:101F900000266EE74FF0010A75E7924673E700BF2F
:101FA00018BA0000EBB9000060B7000073C9000068
:101FB00045B900006AB9000076B9000099B900007F
:101FC0002FBA0000B0B90000C6B90000D5B90000B2
:101FD00085F31188BFF36F8FBAF1000F1CD177BB67
:101FE00016B120462549B047EFF31185202383F32E
:101FF0001288BFF36F8F584605F060FA38BB88230C
:102000001F4A2049204807F006FA59461F4807F0A2
:1020100002FA88211A48FBE6A1680029DFD00D6882
:102020000029DCD043464A462046D1F804A0D047D8
:102030001DB12B6829461D46F2E72B46FAE73946C3
:1020400043464A4620463F6807F01EFAC7E758460F
:1020500005F058FAA38B23F00803A383ABE68B06A5
:102060007FF562AE21F02003A38301F0070145E66E
:1020700085F31188BFF36F8FBDE8F88F91200000C2
:10208000EBB9000044BA000060B7000059BA000084
:10209000F8B504460D4600F11406EFF3118720232E
:1020A00083F31288BFF36F8F304605F007FA68B9E3
:1020B00088230C4A0C490D4807F0ADF931460C480D
:1020C00007F0A9F98821074807F09CF9304605F088
:1020D00019FAA5613A462046BDE8F8400121FFF70C
:1020E00001BE00BFEBB9000044BA000060B70000B9
:1020F00059BA00002DE9F04704460F4607F0B4F93D
:10210000051E68DB04F11409EFF3118A202383F321
:102110001288BFF36F8F484605F0D0F9804660B94A
:102120008823384A3849394807F075F9494638480C
:1021300007F071F98821334842E0484605F0E2F99A
:102140004FF6FF72E38BA68B934206F0070645D04D
:10215000022E15D135460133E383484605F0BCF91C
:10216000002841D14FF49A73264A2A49274807F09C
:1021700052F94946284807F04EF94FF49A71DAE7C8
:10218000062E13D8DFE806F0092D12120904090003
:102190006FF085054FF00008DFE700233B606368C0
:1021A00083B9C4E9007786B13546F3E71B49174880
:1021B0004FF4E4731A4A07F02EF94FF4E47118480B
:1021C00007F020F91F606760EDE7524602212046C4
:1021D000FFF788FD35462846BDE8F0876FF00A0511
:1021E000D8E76FF00405D5E78AF31188BFF36F8F46
:1021F000B8F1000FEFD0002332463946204607F0F1
:1022000043F9E8E7EBB9000044BA000060B700000A
:1022100059BA000018BA00002FBA0000D5B9000062
:1022200045B9000008B54268034602F00302032ADC
:10223000816002D02AB1002000E0006800225A60CC
:1022400008BD054905484523054A07F0E4F845213E
:10225000034807F0D7F800BF73C9000060B700005B
:102260006FBA0000014B036000207047C0AD000052
:1022700008B5044807F0A2F8034807F09FF80020CB
:1022800008BD00BF95BA0000CABA000008B50348EF
:10229000034A0021121A07F032F908BD3803002062
:1022A000040E0020074808B5074A0849121A07F02B
:1022B00028F9BDE808400648064A0749121A07F0FF
:1022C00020B900BF60000020380300200CD40000BB
:1022D00060000020600000200CD4000038B50546E6
:1022E0000C4699B1D1E901230F48096807F066F857
:1022F000D4E90423E1680D4807F060F8E1690C486F
:1023000007F05CF8A1690B4807F058F8012D05D1DA
:10231000EFF305810848103907F050F821462846A8
:10232000BDE8384003F0BEB9F8BA000028BB000091
:1023300058BB000068BB000097BB000030BFFFF730
:10234000FDBF00BF054B5A699B689A421FBF044AF4
:10235000536843F08053536004F006B884060020AD
:1023600000ED00E010B5204C204807F027F8A36AE4
:10237000990137D51E4807F021F81E20A36ADA011B
:1023800003D51C4807F01AF81F20174CA36ADB027C
:1023900003D5194807F012F80220A36A1C0303D5DD
:1023A000164807F00BF821200F4CA36A590303D5F8
:1023B000134807F003F82220A36A9A0303D51148B3
:1023C00006F0FCFF2320084CA36ADB0303D50E486C
:1023D00006F0F4FF2420A36A6FEA03436FEA134375
:1023E000A36210BD1D20C9E700ED00E0ABBB0000FB
:1023F000C4BB0000D8BB0000F3BB00001EBC000043
:102400003DBC000063BC00007EBC000070B5244CE5
:10241000064624480D4606F0D1FFA36AD90435D5F7
:10242000214806F0CBFF1720A36A1A0503D51F48E1
:1024300006F0C4FF18201A4CA36A9B050FD51C4850
:1024400006F0BCFFA16BA36A180407D5194806F073
:10245000B5FF1EB1A36A23F40043A3621920104CF8
:10246000A36A590503D5144806F0A8FF1A20A36AE9
:10247000DA050DD5114806F0A1FF1B20084A936A22
:1024800043F47F43936200232B7070BD1620CBE78B
:10249000A36A9B04F2D50A4806F090FF1C20EDE7E2
:1024A00000ED00E0AABC0000C1BC0000D3BC0000ED
:1024B000E7BC000001BD000017BD000033BD0000F7
:1024C0004CBD000070B5304C064630480D4606F055
:1024D00075FFA36AD90646D52D4806F06FFF112077
:1024E000A36A1A0703D52B4806F068FF1220264C72
:1024F000A36A9B070FD5284806F060FF616BA36AAB
:10250000180607D5254806F059FF1EB1A36A23F027
:102510008003A36213201C4CA36ADA0703D520486A
:1025200006F04CFF1420A36A9B0603D51D4806F055
:1025300045FF1520144B9A6AD60602D49A6A94076E
:1025400013D59B6AD90610D5174940F22D13174AA7
:10255000174806F060FF174806F05DFF40F22D11A6
:10256000124806F04FFF1020BAE7074B9A6A92060E
:1025700042BF5A6A22F400525A629A6A42F0FF023B
:102580009A6200232B7070BD00ED00E07CBD00005E
:1025900093BD0000D3BC0000C7BD0000E0BD00003B
:1025A000F7BD00004CBD000049BE000017BE000092
:1025B00060B7000093BE0000F0B56F4B044658684A
:1025C00000258BB0C0F3080385F31188BFF36F8F2C
:1025D00002F07F46B6F17F4F06D102F00C06082EBE
:1025E00011D1664806F0EAFE654940F21443654A97
:1025F000654806F010FF654806F00DFF40F21441F3
:10260000604806F0FFFE16074CBF0C460125002C63
:10261000EAD00026DA1E8DF80760092A00F29A80B7
:10262000DFE802F0058E927198989898989658482D
:1026300006F0C4FE8DF807604F4EF36A9A0704D582
:10264000544806F0BBFE002326E0F36A002B01DAB3
:102650005148F6E7F36A5B0065D5504806F0AEFED8
:102660007369A26943F480737361BFF34F8FBFF343
:102670006F8F736932F8022C23F480737361BFF398
:102680004F8FBFF36F8F4DF602739A4223D12168AB
:10269000434806F093FE23689DF80720CAB902AEAE
:1026A00004F12007324620686168083403C2BC4246
:1026B0001646F7D1099A002D58D0C2F3080121B966
:1026C0006FEA52226FEA42220992184602A9FFF7E6
:1026D00005FE0BB0F0BDB36ADBB233B101200DF1E2
:1026E0000701FFF7EFFE0346D6E7B36A13F47F4F07
:1026F00005D001200DF10701FFF788FEF3E7B36A6B
:10270000B3F5803F02D3FFF72DFEECE7254940F2F9
:10271000ED231C4A1C4806F07EFE234806F07BFE93
:1027200040F2ED216CE71F494FF43C73154A1648FF
:1027300006F071FE1D4806F06EFE4FF43C715FE737
:1027400000200DF10701CCE700200DF10701D3E7D0
:10275000174876E7A3F11002164B10F4F87F1649DC
:10276000164818BF194606F029FE6CE722F4FF72DE
:1027700022F00102A8E700BF00ED00E025BF000045
:1027800051BF000017BE000060B7000064BF00002A
:10279000A2BF0000BABF0000DCBF0000EBBF00001A
:1027A0000BC0000073C9000028C000004CC000002E
:1027B0007CC000000CBF0000F7BE0000A1C00000FC
:1027C000064B5A6942F010025A615A6942F480621B
:1027D0005A615A6922F008025A61704700ED00E020
:1027E000EFF30880EFF3098101B57246FFF7E4FECD
:1027F00001BD00BF002080F31488BFF36F8F00205D
:1028000080F30A8880F30B88124880F3088801F06F
:10281000BFFB002010490860BFF34F8F00F032F873
:10282000202080F311880D484FF0AA014FF4006278
:1028300006F065FE09484FF40061401880F30988EE
:10284000EFF314800221084380F31488BFF36F8FE5
:1028500000F004F90838002094ED00E0082600207C
:10286000002318460649D1F89020C2F3072293426C
:1028700000DB7047C1F89830C1F8A0000133F6E7DB
:1028800000ED00E010B572B6002484F31388FFF762
:10289000E7FF23464FF0FF300C4A03F120010133DC
:1028A000102B42F82100F8D100234FF0FF30074AE7
:1028B00003F160010133102B42F82100F8D162B618
:1028C000BFF34F8FBFF36F8F10BD00BF00E100E07B
:1028D000084B9B6883420BD1EFF3058343B1064B52
:1028E0005A6842F080525A605A6A22F400425A6290
:1028F00004F062BC8406002000ED00E014498A6800
:102900004FF030001044EFF3098C80E8F01F2020D6
:1029100080F31288BFF36F8F0E4F4FF000664A6945
:102920008A603E60D2F884000023C2F8843080F3CD
:10293000118802F1300090E8F01F8CF3098802F151
:10294000000004B506F0EEFDBDE80440704700004D
:102950008406002004ED00E01EF0040F0CBFEFF32E
:102960000880EFF30980816911F8021C0229FFD069
:1029700001B5724606F0C7FD01BD00BF00B20028D8
:1029800007DB01234109034A00F01F00834042F89E
:102990002130704700E100E000B200280CDB01228A
:1029A0000649430900F01F008240203341F82320EC
:1029B000BFF34F8FBFF36F8F704700BF00E100E0A0
:1029C000054B420953F82220012300F01F0003FAAF
:1029D00000F01040704700BF00E100E038B54B1C2C
:1029E000072B04460D460FD96B23104A1049114896
:1029F00006F011FD294610480723224606F00BFD7C
:102A00006B210A4806F0FEFC00B20028ACBF00F1C2
:102A100060400A4A4FEA4313DBB2ABBF00F56140A6
:102A200000F00F0080F80033135438BDB5C000002B
:102A3000ECC0000060B7000007C1000014ED00E02A
:102A4000044B054A23F07F039360BFF34F8FBFF31E
:102A50006F8F70470000000000ED00E008B5FFF741
:102A6000EFFF074AD2F8883023F47003C2F88830A9
:102A7000FFF70CFCFFF716FC00F040F802F028FF0F
:102A800000ED00E042F8203C009B0B4942F81C3C62
:102A9000019B21F0010142F8183C029B42F8081CFE
:102AA00042F8143C4FF0807342F8043C0023203A73
:102AB0000265C0F8843070476914000000B50B4B04
:102AC0000E4698601546436F83F30B882C4686F3B9
:102AD00009880020034B984720460021002200234C
:102AE000014C204733950000691400008406002043
:102AF0001022014B1A61704700ED00E000232020F6
:102B000040F20F1210B5044CE1180133934281F8E2
:102B10000003F9D110BD00BF00E100E008B5EFF3FC
:102B20000583064A103B02EBC30152F833004968A3
:102B30008847BDE80840FFF705BC00BF30A400008F
:102B40001FB5094C094A23460121094800F0FAF84B
:102B500000230393074B0121E41A01A80193029477
:102B600000F014F904B010BD00F0022000000020B5
:102B7000C0AD00003803002010B50C7A0B6804F0DB
:102B80001F0223F01F031A43CB68640923F01F03BD
:102B9000054943EA440343F00103C1F89800C1F832
:102BA0009C20C1F8A03010BD00ED00E010B5074B2F
:102BB000D3F89030C3F30723013B984202D8FFF7C4
:102BC000DBFF10BD6FF01500FBE700BF00ED00E07C
:102BD0002DE9F04F0F46144606464FF000084D4DC4
:102BE00085B0B84580F29280D6F80490B9F1000F14
:102BF00036D0B9F11F0F40F2878019F01F0F40F057
:102C00008380D6F800A01AF01F0F7DD1504606F041
:102C1000B3FC834609EB0A00013806F0ADFC83459E
:102C200072D11BF1160F6FD05C456DDDC5F898B001
:102C3000D5F89C10C5F898B0D5F8A03021F01F0148
:102C400043F01F0AD6E900321A44994202F1FF39D3
:102C50001ED1CA4508D131465FFA8BF006F095FCCB
:102C600008F101080C36BCE73146C5F898B0D5F834
:102C70009C3022F01F0203F01F031343C5F89C3061
:102C8000E0B206F082FC10F1160F3DD0441CE7E7DD
:102C9000C5F898B0D5F8A020013B23F01F0302F03F
:102CA0001F021343CA453146E0B2C5F8A030E8D050
:102CB00006F06BFC10F1160F26D0C5F898B0D5F8C9
:102CC0009C209DF808300AF1FF3A62F304038DF866
:102CD0000830D5F8A0309DF808205B0863F3471250
:102CE0008DF80820D6E900321344009323F01F0327
:102CF0005344A3EB0903013023F01F036946C0B21C
:102D00000393FFF753FFBEE76FF01504204605B0AD
:102D1000BDE8F08F00ED00E00522044BC3F89420DD
:102D2000BFF34F8FBFF36F8F704700BF00ED00E020
:102D3000BFF35F8F0022024BC3F89420704700BF9F
:102D400000ED00E038B50C4D0C462A78FFF740FF47
:102D5000287016300FD14FF4C473084A0849094847
:102D600006F059FB2146084806F055FB4FF4C471A4
:102D7000024806F047FB38BD000E002047C10000A6
:102D800073C9000060B7000076C100002DE9F74F5D
:102D9000314E894605464FF00008B3462F4FC845CF
:102DA00002DB03B0BDE8F08FD5F804A0BAF1000F44
:102DB0004CD029680846019106F0DEFB01990446D3
:102DC0000AEB0100013806F0D7FB84424FF01402F1
:102DD000234B15D002FB08F36FF015024BF80320CC
:102DE0004FF4CC731F4A2049204806F014FB494693
:102DF0001F4806F010FB4FF4CC711A4806F002FB96
:102E000014F1160F3460EBD01978A142E8DD02FB13
:102E100008B0C7F89840C7F89840D7F89C4000F130
:102E20000801007B64F304000871D7F8A0000C7956
:102E3000400860F347140C71D7F89C1021F01F0173
:102E40007160D7F8A01021F01F01316108F101086D
:102E500014360C35A3E700BFB405002000ED00E0F8
:102E6000000E002047C1000073C9000060B70000D9
:102E7000A2C100002DE9F041694C6A4ED4F89030AF
:102E80003568C3F307239D4286B013D940F201236E
:102E9000654A6649664806F0BEFAD4F8902029468D
:102EA0006448C2F3072206F0B6FA40F201215E48F8
:102EB00006F0A8FA0020FFF73BFF5F4BC4F8C030D4
:102EC00085421BD15D4C01A82570FFF7CBF9002589
:102ED00006464FF006085A4FAE4216D1002023781E
:102EE0004F49D1F89020C2F307229342C0F292805A
:102EF0000020FFF711FF06B0BDE8F081716801EB1B
:102F00000011FFF739FE0130DAE7019A290102EBDF
:102F10000513D3F80CC00CEA0700B0F5800F47D0BA
:102F200007D8B0F5801F17D0B0F5001F23D00135AA
:102F3000D2E7B0F1006F5CD0B0F1805FF7D1586894
:102F40009B685258013B20F01F010B44CDE902025F
:102F500023F01F0301220BE0586852589B68CDE90B
:102F600002022122013B20F01F010B4423F01F032A
:102F70008DF8102029E0586852589B68CDE902026C
:102F80004122013B20F01F010B4423F01F031CF0E2
:102F9000010F8DF81020059318D02A498323224A67
:102FA000234806F038FA284806F035FA83217EE7F0
:102FB000586852589B6820F01F01013BCDE902027E
:102FC0000B4423F01F038DF810800593207802A98D
:102FD000FFF7ECFD002819DA144940F22B23124ABE
:102FE000134806F018FA194806F015FA40F22B219A
:102FF0005DE758689B685258013B20F01F010B4465
:10300000CDE9020223F01F036122B1E723780133E7
:1030100023708CE7C1F89830C1F8A000013360E755
:1030200000ED00E0CCAD000047C1000073C9000016
:1030300060B70000D1C10000AAFF4400000E0020CC
:103040000000F0FF05C200002BC200005AC20000C1
:1030500008B50B4BC3F1005303F53C33B3F5006FD8
:103060000CD208499223084A084806F0D4F90848C7
:1030700006F0D1F99221044806F0C4F9002008BDF9
:1030800008380020C3C2000093C2000060B70000EF
:103090000BC30000014B1860704700BFF400002014
:1030A00010B5074C2368C2180648C0F1005101F55D
:1030B0003C318A4236BF22604FF0FF30C01810BD4D
:1030C000C80500200838002010B558B909490A4839
:1030D00040F2C713094A06F09EF940F2C7110748AB
:1030E00006F090F94FF0FF32BDE810404FF0FF338B
:1030F00002F082BE93C3000060B7000093C20000DC
:1031000008B558B90749084840F2E313074A06F0E2
:1031100082F940F2E311054806F074F9BDE8084071
:1031200002F03ABF93C3000060B7000093C20000F2
:1031300008B5244A244B1A6000F060F84FF47A6115
:103140002248D0F82436C3F30802C3F309434B43A3
:1031500082F480721E49883201FB02334FF4FA2157
:103160005B00B3FBF1F201FB12331A49B3F57A3F6E
:1031700028BF0132C1F80429D0F820364FF47A6014
:10318000C3F30802C3F30943434342F21C5082F4E1
:10319000807202F2172200FB02334FF47A701B0A8E
:1031A000B3FBF0F200FB12330020B3F5FA7F4FF0CF
:1031B000010328BF0132C1F81C27C1F80009C1F87A
:1031C000003608BD0020A107F401002000C0FF0068
:1031D000F82A00800000125048B1054B054A1B68D0
:1031E000B3FBF2F35843044B43F001031847704715
:1031F000F401002040420F0020AD00000122024BEC
:10320000C3F80424704700BF002008E037B540230E
:103210000C460A490093411A491105462346084ABB
:10322000084806F0CEF9011E05DA2846234603B009
:10323000BDE83040184703B030BD00BFE0050020B6
:103240002D960000A4A3000010B5EFF311842023F5
:1032500083F31288BFF36F8F074A136823F00201CC
:10326000DB07116002D4012000F0A6FF84F311886F
:10327000BFF36F8F10BD00BF38060020C9B201290F
:1032800008B509D9084909487E23094A06F0C3F858
:103290007E21074806F0B6F80C22036901FB0233D1
:1032A000986C00F0070008BD0BC4000060B7000078
:1032B000CEC3000070B5C9B2012903690BD9194901
:1032C00019484FF4E873194A06F0A5F84FF4E8716D
:1032D000164806F097F8EFF31185202484F312883E
:1032E000BFF36F8F0C2606FB0134A46C14F0C004EE
:1032F00008D0A24206D085F31188BFF36F8F4FF03C
:10330000FF3070BD012206FB01339A6485F31188FA
:10331000BFF36F8F436803EBC1035B6898470020DE
:10332000EFE700BF0BC4000060B70000CEC3000091
:1033300070B50D4606490446411A49114022054818
:10334000FFF7B8FF2B4601462046BDE870401847FE
:10335000E0050020A4A30000F8B5002201210546E5
:1033600040F20510FFF73AFB0F4800F0B1FE0446AB
:10337000B8B900F0CDFE2F690C49384606F09AF82E
:10338000031E09DB0126BE642D69084905F12000F2
:1033900006F090F8031E02DA1C462046F8BD6E6562
:1033A000FBE76FF00404F8E731340000F4AD0000EF
:1033B0001FB500220123CDE902236B46084ACDF850
:1033C00000D0CDF804D006F02AF9002805DB4FF430
:1033D000FA720023684602F04DFF05B05DF804FB69
:1033E000399600000C22104B014602FB00330020EE
:1033F00030B4D3E910521864EFF31180202484F321
:103400001288BFF36F8F9C6C04F0C00444F0020478
:103410009C6480F31188BFF36F8F1DB12B4630BCC5
:103420000248184730BC7047E0050020A4A3000004
:1034300008B506281CD8DFE800F025250D0F042567
:103440002500114B986C10F007001BD1BDE8084017
:10345000FFF7C8BF0120F9E70C4940F2FA230C4AF4
:103460000C4805F0D8FF40F2FA21094805F0CAFFE0
:1034700006494FF44173064A064805F0CCFF4FF465
:103480004171F2E708BD00BFE005002073C90000EC
:10349000CEC3000060B7000010B4EFF31182202308
:1034A00083F31288BFF36F8F1648016841F002045E
:1034B0000460C80707D482F31188BFF36F8F01201F
:1034C00010BC00F049BE1049D1F80C14C903F2D564
:1034D000EFF3118083F31288BFF36F8F0B498B6C6E
:1034E00003F0C00343F002038B6480F31188BFF341
:1034F0006F8F82F31188BFF36F8F002010BCFFF72E
:1035000071BF00BF3806002000E01050E005002029
:103510002DE9F041012206464049D1E8EF3FC1E8DC
:10352000E02F0028F9D1A3B93D493E484B60CB605C
:103530008A60FEF7DFFD00280BDA3B4940F2A32347
:103540003A4A3B4805F067FF40F2A321374805F0AF
:1035500059FF5EB3731E012B56D8012E06D1354B91
:10356000D3F8503403F00303012B1FD006F0D5FA33
:103570000546E8B9304B1B78D3B1042207462D4BE2
:10358000C3F808232B4CDFF8B480D4F84C24D4F8CB
:103590004C34D20315D503F00303012B01D0012EC7
:1035A0000FD165B387F31188BFF36F8FBDE8F0814A
:1035B000EFF31187202383F31288BFF36F8F012568
:1035C000E0E7BDB1384605F0C8FFD4F8403413F049
:1035D000FF03DAD1D4F80821002AD6D0C4F8083184
:1035E000D4F8083120220123C4F84034C8F8A021BF
:1035F0002361CAE70021012003F04EFDE5E7042224
:103600000C4BC3F80423D1E70D4940F2B523074A18
:10361000074805F000FF40F2B52197E7DC050020E0
:10362000CC050020000600202FC40000CEC30000FF
:1036300060B7000000E01050030E002000E100E041
:1036400073C9000008B5074806F01FFA38B10648EC
:10365000FFF720FD0448FDF7F3FE002008BD6FF0E2
:103660001200FBE714A400006D3600000A2838B5EC
:103670000446074D04D1AB680D2128465B68984786
:10368000AB6803485B68E1B29847204638BD00BF8D
:1036900014A4000010B5036961B920494F23204AE2
:1036A000204805F0B8FE204805F0B5FE4F211C4823
:1036B00005F0A8FE486850B91C495023184A19481B
:1036C00005F0A9FE1A4805F0A6FE5021EFE758685C
:1036D000F8B1884219D19C680868A142586000D1AD
:1036E0009860002008602AB15A680A609A68596098
:1036F00002B99960002010E0814206D1086820607C
:1037000098688142EDD19C60EBE704460068002890
:10371000F2D1002AE8D16FF0150010BD81C400007D
:1037200045C4000060B700008AC4000099C40000CE
:10373000ABC4000008B503685F2B4FEA531107D8EC
:103740000C4A03F01F0352F82120DA40D2070BD4B1
:1037500009490A484FF47473094A05F05CFE4FF4B6
:103760007471074805F04EFE0360064B53F82100C4
:1037700008BD00BF1CAE0000F5C4000060B700002B
:10378000C2C4000010AE000070B5446801F01F050F
:10379000207C86B045EA4015A068002871D0B2F5BB
:1037A000001F04D1294601F0F7FA00204DE06068BF
:1037B000667CB2F5800F46624FF0000601A80196C4
:1037C000466031D1B3F1007F14BF052304238DF887
:1037D00004300023CDE904030393E368CB40D90709
:1037E00035D4B2F1A07F32D168460095FFF7A2FF31
:1037F000009B203350F82330DB0728D46A46294643
:10380000A06801F04DF9163019D0CDF808D029463E
:10381000A06803AA00F0DAFF002816DB012229467F
:10382000A06801F037FAC0E7B3F1C06F05D0B3F17B
:10383000007F14BF01230223C9E70323C7E76946BA
:10384000A06801F003FA0028DFDA06B070BD6A460E
:103850002946A06801F024F90028D8D19DF800106D
:10386000A06801F0D3F90028D1D00749074840F2F9
:10387000F113074A05F0CFFD40F2F111044805F0BD
:10388000C1FD6FF08500E0E744C5000060B70000AF
:1038900018C500002DE9F043466840F20635337C38
:1038A000D00601F01F0747EA431748BF032302EA87
:1038B000050558BFC2F3401387B0B5F5837F1446A2
:1038C0008DF8033044D00DD8062D43D005D8A5B1CE
:1038D000022D12D06FF0150037E0B5F5807FF9D1D9
:1038E00001250AE040F20222954235D0B5F5407F2D
:1038F00034D0B5F5007FEDD104250123220303FA6E
:1039000001F12DD573685960B06870BB03A80397A7
:10391000FFF710FF039B00EB830084F48033C3F3B5
:103920000043C4F34044D0F8802044EA43049DF8A7
:10393000033022F4706244EA830422F00F0244EA66
:1039400005231343C0F88030002007B0BDE8F083A2
:103950000925D2E70825D0E70625CEE70525CCE7DF
:10396000630344BF73689960CEE739460DF10202E4
:1039700001F096F814F4403F804617D13946B068FC
:1039800001F02CF9B8F1000FDED19DF80210B068FB
:1039900001F03CF90028D7D01E491F48FC231F4ADC
:1039A00005F039FDFC211D4805F02CFD4FF0000904
:1039B00001ABCDE90199CDE90439CDF80C90394638
:1039C000B06803AA00F002FF4845BDDB14F40033E1
:1039D00014D09DF8033084F48034C4F300448DF88F
:1039E0000E308DF80C508DF80D404B463946B068BE
:1039F00003AA00F0B3FF0028C4DAA5E7CDE9043339
:103A00000DF1030303933946B06803AA00F0DEFE0C
:103A1000F1E700BF44C5000060B7000018C5000012
:103A20004209022A034670B503D0012A1FD002B30F
:103A300070BD154E326951680029F9D0012503F097
:103A40001F030C689D400029F2D08A682A4014D0D8
:103A50004B6883B90D4974230D4A0E4805F0DBFC11
:103A60000D4805F0D8FC7421094805F0CBFC0B4E3D
:103A7000E0E70B4EDEE7304698471CB1236821464D
:103A80001C46E0E72346FAE7F8A300004DC5000016
:103A900045C4000060B70000ABC40000DCA3000018
:103AA000C0A3000038B54568A868C0B101F07CF833
:103AB0000146A0B9A86801F027F8044688B9024673
:103AC0000949A86800F0D4FF22460121DB20FEF757
:103AD00085FF2246012140F20D10FEF77FFF0020F6
:103AE00038BD6FF00400FBE7213A000008B5036819
:103AF0005F2B4FEA531107D80C4A03F01F0352F80B
:103B00002120DA40D2070BD409490A484FF47473D4
:103B1000094A05F080FC4FF47471074805F072FC07
:103B20000360064B53F8210008BD00BF70AE0000D3
:103B3000F5C4000060B70000C2C4000064AE00001D
:103B40002DE9F04F1546824640F2FF19DFF86CB1BF
:103B500085B000EB8108D04503D1002005B0BDE859
:103B6000F08FDAF80010C1F3C322082AC1F3080469
:103B700000F2A080524B4C4508BF4FF0FF34B1F12A
:103B8000D05F9F5C4FEA116210D2192A12D8DFE889
:103B900002F0142265622930621111111111111104
:103BA000111111111111111168737679382A6CD025
:103BB0004E2A53D06FF08500D0E7C5F80446601C4C
:103BC00014D0012603A80394FFF790FF039A06FA86
:103BD00002F2426004E0C5F80C46621C06D00026E2
:103BE000314614E0631CC5F8004661D10AF1040AAD
:103BF000B1E7661CC5F80446F8D0012603A8039473
:103C0000FFF774FF0121039A01FA02F28260DAF8E9
:103C10000020039402F40040002818BF002103A8EC
:103C200018BF012601920091FFF760FF039C019AE3
:103C300000EB8400D0F88040C2F3412C00993A0296
:103C400042EA8C020A4304EA0B04224342EA460297
:103C5000C0F88020CAE7C5F80846BEE7C5F8104698
:103C6000ADE7C5F86045611CDAF80020BED0C2F3AC
:103C70000042002AC1D0A4E7C5F86445F3E7C5F8BF
:103C80006845F0E7C5F86C45EDE703A80394FFF736
:103C90002DFF039A631C00EB8200D0F8802022F0F5
:103CA000E04242F08042C0F880209FD0012697E792
:103CB0000026A3E76FF0150050E700BFF0F0FCFF0F
:103CC0007BC500002DE9F04104460D46476805F02C
:103CD00024FF88B12021EFF311831A4681F3128863
:103CE000BFF36F8F60680068D0F83001D0B983F3FC
:103CF0001188BFF36F8FEEE71E4B1B78002BE9D0C6
:103D00004FF02008642663681B68D3F83031FBB994
:103D1000012005F073FD013EF5D10021012003F0E3
:103D2000BBF9EFE77B6A00201D706368796A1B6846
:103D3000C3F83C170121C3F84017C3F83001D3F88A
:103D40003001196582F31188BFF36F8FBDE8F081F0
:103D5000EFF311831A4688F31288BFF36F8F6168FF
:103D60000968D1F830110029DCD183F31188BFF341
:103D70006F8FD2E7030E00202DE9F0411D46114E52
:103D80001446D6E90087B2EB080065EB0701002373
:103D90004FF47A72FCF772FB4FF47A73A0FB0313B3
:103DA00011EB080147EB0307074BC6E90017C3E90E
:103DB000004500240025054BC3E90045BDE8F0415E
:103DC00003F010BD580300204003002050030020E2
:103DD00038B500220121E420FEF700FE1A4A002037
:103DE000D2F8183723F44033C2F8183701F012FA2A
:103DF000002828DB0120154901F0BCFA002822DB4D
:103E000001F0CAF94FF47A72002304460D46FCF71C
:103E100035FB4FF0FF304FF0FF31A41A0C4A65EB31
:103E20000303C2E900430B4AC2E900430A4B0022E4
:103E3000C3E90001094B0A49187A01F0D5F9672254
:103E40000020084B1A6038BD00200E50F001002001
:103E5000580300203803002040030020E801002020
:103E6000793D00006806002008B501F095F9074A81
:103E7000D2E90032C01A064B61EB0201C3E900012E
:103E80004FF47A720023FCF7F9FA08BD58030020BA
:103E900050030020F7B5234B8446234F187A234B59
:103EA000D7E90045D3E900239D4208BF944214D1CD
:103EB0001F4B9C4511D84FF47A7101FB0CF101297D
:103EC00038BF012101220C1945F10005C7E9004561
:103ED00003B0BDE8F04001F0F7BA164B164AD3E93B
:103EE0000061D2E90032F61841EB02014FF47A7E0C
:103EF00032460B46CCFB0E239442C7E9002375EBF8
:103F000003070DD2A41B65EB0105C82C75F1000554
:103F1000B4BF01210021009101F096FA03B0F0BD79
:103F20000021F8E7E80100204803002040030020BA
:103F30009BC420005803002050030020064BD3F8F8
:103F400040231C2A05D1D3F84403431E584258414C
:103F500070470020704700BF00C0FF0003689A0749
:103F60000CD50368DB070DD50922074BC3F80C25D8
:103F70000F22C3F8042501221A60FEE7034B0360F9
:103F8000EF3B0360704700BF00801050F000FA5014
:103F900008B50123404A4148C2F80038404AD2F8E7
:103FA00040231C2A04BF3F4AC2F80C34FFF7D6FF57
:103FB0000830FFF7D3FF0830FFF7D0FF0830FFF7D6
:103FC000CDFF00F5F470FFF7C9FF374AD2F88C3007
:103FD00043F44063C2F88C300022D30003F57F0322
:103FE00003F54043D3F8001401310AD0D3F800148C
:103FF00039B1D3F800140132D3F80434402A0B60ED
:10400000EBD1254BD3F84024002A41D0FFF796FF8F
:1040100048B1234BD3F83423244B9A429EBF1E4B06
:10402000234AC3F84026FFF789FF18B1214B224AE3
:10403000C3F8AC27FFF782FF48B13422164BC3F810
:104040002426D3F83C2622F40022C3F83C261B4B3E
:104050001549D3F80026D20744BF6FF00102C3F818
:104060000026174BD3F8182522F00302C3F81825B1
:10407000D3F8182542F00302C3F81825D1F88C2094
:1040800042F44062C1F88C200022C3F8A02508BD8C
:10409000C822C3F84024B9E70000125000C50D50F3
:1040A00000C0FF000030055000ED00E0001D0A18C0
:1040B00040E0A91E00A0085078000A0400E010505B
:1040C00000B00450014B1B68184700BF6C0600206D
:1040D00010B50C4C237993B9012323710A4B0028A6
:1040E000206018BF184600F0A3F950B923680748AC
:1040F000002B08BF1846BDE8104000F0A7B86FF0CD
:10410000770010BD6C060020C540000067980000D5
:1041100008B50D4B1A794AB90C490D48B1230D4A1F
:1041200005F079F9B1210B4805F06CF91B6853B122
:1041300040F20510FEF744FC28B9BDE8084040F203
:104140000510FEF71BBC08BD6C060020CCC50000A6
:1041500060B700008FC5000008B5124B1B795BB932
:10416000114940F20513114A114805F054F940F283
:1041700005110E4805F046F958B101280DD00D493A
:104180004FF49273094A0A4805F045F94FF49271C9
:10419000EFE7BDE8084000F06BB8BDE8084000F06C
:1041A00055B900BF6C060020CCC500008FC50000CB
:1041B00060B7000073C9000008B5124B1B795BB9EA
:1041C000114940F22B13114A114805F024F940F22D
:1041D0002B110E4805F016F928B1012807D1BDE8CA
:1041E000084000F079B9BDE8084000F091B80949ED
:1041F0004FF4A573054A064805F00DF94FF4A57173
:10420000E7E700BF6C060020CCC500008FC50000AA
:1042100060B7000073C9000038B504230A4C42F2AD
:104220001075C4F80833012363610023C4F8083112
:10423000D4F80831D4F84C34DB0304D5012005F060
:10424000DDFA013DF6D138BD00E01050064A137981
:104250003BB9012110601171044A1846C2F840347C
:1042600070476FF0770070477406002000E0105030
:1042700010B5224C23794BB921492248E523224A23
:1042800005F0C9F8E521204805F0BCF81F4BD3F82C
:104290004C14D3F84C24C80318D502F00302012AA9
:1042A00003D00AB1FFF7B8FF0022184BC3F840242F
:1042B0000022C3F80821D3F8082101221A612268DC
:1042C00072B9D3F80821002AFBD011E0D3F84824B2
:1042D000D107E9D5D3F850249207E3D422681AB164
:1042E0000422C3F8042310BDD3F80821002AFBD010
:1042F0000022C3F80821D3F80831F4E7740600203F
:10430000CCC5000060B70000EAC5000000E0105016
:1043100008B5094B1B795BB9084909484FF49173FB
:10432000084A05F078F84FF49171064805F06AF8EC
:10433000BDE80840FFF770BF74060020CCC5000040
:1043400060B70000EAC5000070B501251E4C1F4E85
:10435000D4F80C0300F00C0000B970BDB0FA80F086
:104360000021C0F11F00830003F580739BB203F1AD
:10437000A04303F58713196005FA00F202281B68B1
:10438000C4F8082313D1D4F84C34D4F84C349B0728
:104390000AD10423C4F84054C4F804332561D4F886
:1043A0000C0300F00C00D7E733689847F7E708499B
:1043B00008484FF4F573084A05F02DF84FF4F571ED
:1043C000054805F01FF800BF00E0105074060020FB
:1043D00073C9000060B70000EAC50000712238B55B
:1043E000104B0021C3F80823012242F210745A60D6
:1043F000C3F80011D3F800110B490A4DD1F840134E
:104400001C2908BFDA60D5F80C3413F4803305D0CA
:10441000012005F0F3F9013CF5D138BD034A537191
:10442000FBE700BF00E0105000C0FF007C0600204A
:10443000054B0246187918B91A6001221A717047A3
:104440006FF07700704700BF7C06002008B51C495C
:104450000B794BB91B491C4892231C4A04F0DBFF23
:1044600092211A4804F0CEFF0022194BC3F8102104
:10447000D3F81001C3F81821D3F81801C3F8142198
:10448000D3F814011348D0F840031C2804BF0120BE
:104490009860C3F80021D3F8002101221A600A684D
:1044A00052B90B4BD3F80021002AFBD00022C3F8ED
:1044B0000021D3F8003102E07122C3F8042308BDC3
:1044C0007C060020CCC5000060B700002DC60000AF
:1044D00000E0105000C0FF0008B5084B1B794BB935
:1044E00007490848B223084A04F095FFB22106485C
:1044F00004F088FFBDE80840FFF770BF7C0600208D
:10450000CCC5000060B700002DC60000F8B501263C
:10451000214C224DD4F80C3303F0710303B9F8BDDC
:10452000B3FA83F30021C3F11F039A0002F58072EE
:1045300092B202F1A04202F58712116006FA03F767
:10454000052B1268D8B2C4F808731DD0202F0ED8DE
:10455000D3B1042B0FD0124912484FF49D73124A65
:1045600004F059FF4FF49D710F4804F04BFF062BE8
:10457000F1D1697108E002236B71C4F81411D4F809
:1045800014312023C4F804332B689847D4F80C3333
:1045900003F07103C2E700BF00E010507C0600206A
:1045A00073C9000060B700002DC600005F2898BFE7
:1045B000074B4FEA50129FBF53F8223000F01F0004
:1045C00023FA00F000F0010088BF0020704700BF10
:1045D000D8AE0000034A4309D35C00F01F00184422
:1045E000C0B270472BC7000010B504460846FFF75D
:1045F000F1FF00B204EB4000838ADA051CD5C3F357
:10460000432123F4F853838204F1120204F1580089
:1046100032F8023F13F4807F03D0C3F3432399425F
:104620000AD09042F4D1002204EBC1035A6004F195
:10463000600005F0FFF800B910BD064906484FF4C8
:10464000DB73064A04F0E7FE4FF4DB71034804F025
:10465000D9FE00BF44C5000060B70000ACC6000032
:1046600010B5016804460846FFF7A0FF58B9104985
:104670004FF474730F4A104804F0CDFE4FF4747178
:104680000C4804F0BFFE01F01F035F2923604FEACE
:10469000511209D9094940F2D933064A064804F0B3
:1046A000BAFE40F2D931EBE7054B53F8220010BDBA
:1046B000F5C40000C2C4000060B7000073C9000068
:1046C000CCAE0000072808B50BD90849084840F2CD
:1046D000A733084A04F09FFE40F2A731054804F0D2
:1046E00091FE800000F5807008BD00BFA2C60000EA
:1046F00060B700006DC60000F0B50646002487B024
:10470000114F019117F8012B06AB03EBD20313F8FD
:10471000143C02F00702D34013F0010306D1013428
:10472000032CEFD10023184607B0F0BD074A03ADB4
:1047300007CA85E8070055F824100A6A46F82420BD
:104740000A62002AEBD0EEE73BC7000000AD000094
:10475000F7B504460846FFF73DFF06B204EB4606F0
:10476000B38A0D46DB072BD5204605F064F92946B0
:10477000204605F081F858B1204605F0ABF800223C
:10478000276800B207EB8003C3F81025C3F8102593
:10479000204600242946FFF727FFB48201A801958F
:1047A000FFF75EFF019B00EB8300D0F88020064BF3
:1047B000134043F00203C0F88030204603B0F0BD40
:1047C0006FF01500FAE700BFF0F0FCFF2DE9F043B1
:1047D0000E461746044685B058B95D495D4840F21B
:1047E0005E435D4A04F017FE40F25E415A4804F011
:1047F00009FE0846FFF7EEFED7F800800546B8F13F
:10480000000F1AD0204605F05AF828BB4346CDE9E0
:1048100000008DF80E008DF80F000DF10F023046EC
:104820000DF10E0105F07FF82AB204EB4202938AE3
:1048300023F0020343F0010393827B68002B34D002
:104840003146204693F80080D3F8049005F02CF808
:1048500028B1B9F1000F1FD06FF0150028E028B281
:1048600004EB4000838A23F4604323F02003838217
:10487000B9F1000F10D0B8F1030FEDD87B682168B3
:104880005B6893F800C001EB8C01B8F1000F12D106
:10489000C1F81085C1F810852AB204EB4202938A50
:1048A00023F01C0343EA88039382BB6853BB0020B8
:1048B00005B0BDE8F083D1F8102522F00302C1F85D
:1048C0001025226802EB8C03D3F8102522F447321E
:1048D00022F47C72C3F8102541F6F072D3F810155B
:1048E00002EA061242EA08420A43C3F8102504EB22
:1048F0004C03A3F86460838A43EA4C3343F02003FB
:104900008382C9E73146D3E900782046FFF76CFE81
:10491000002FCCD063689F4206D004F1600004F001
:104920006FFF002804DAC3E7A3689845F5D100209B
:1049300004EBC003C3E901782DB204EB4505AB8A53
:10494000C0B243EA402343F48073AB82AFE700BFB9
:10495000EAC6000060B70000ACC600002DE9FF41C8
:104960000D4617461E46044658B93D493D484FF48A
:104970008D633D4A04F04FFD4FF48D613A4804F0D9
:1049800041FD0846FFF726FE804627B3204604F087
:104990008BFF18B9204604F06FFF18BB294620464C
:1049A00004F075FF10B17B78012B1BD001238DF82B
:1049B0000F3000237A1CCDE900732846BB1C0DF193
:1049C0000F0104F0B0FF0FFA88F304EB43039A8A57
:1049D00042F003029A82002E40D02946204604F07D
:1049E00063FF20B96FF0150004B0BDE8F08100222C
:1049F000377823684FEA870C03EB8703C3F8102549
:104A0000C3F810250FFA88F204EB4202938A23F4CC
:104A1000604323F0200393827078F8B12168134B30
:104A20006144D1F81045B6782340C1F8103541F6FD
:104A3000F073000400F4403003EA0513034330052B
:104A4000D1F8104500F4801003432343C1F810351A
:104A5000938A43EA473343F0200393820020C3E75D
:104A6000EAC6000060B70000ACC600000FE0ECFF33
:104A700008B558B90749084840F27143074A04F09D
:104A8000CAFC40F27141054804F0BCFCC0E90312C5
:104A900008BD00BFEAC6000060B70000ACC6000059
:104AA00070B51546044658B9134940F27A43134A83
:104AB000134804F0B0FC40F27A41104804F0A2FC24
:104AC0004AB9104940F223330C4A0D4804F0A3FCC4
:104AD00040F22331F1E704F0CFFE48B10846FFF77A
:104AE00079FD04EB40040020A38A5B0B2B7070BDA2
:104AF0006FF01500FBE700BFEAC60000ACC600007F
:104B000060B70000F5C600002DE9F041044658B931
:104B1000204921484FF49163204A04F07CFC4FF473
:104B200091611E4804F06EFC90F8745090F8757016
:104B300065BBA84646222946143005F099FA184B61
:104B4000266853F83770AF4213D1002540F20D109C
:104B5000C6F84451D6F84431124B9E4208BFDB20C0
:104B6000FDF70CFF0123284684F874302366BDE866
:104B7000F081E8B2FFF7A6FDA0F580739B08112B2A
:104B800004BF46F8008033580135DCE76FF077004A
:104B9000EDE700BFEAC6000060B70000ACC6000049
:104BA000E4AE000000A00D5008B558B90849094806
:104BB00040F28F43084A04F02EFC40F28F41064831
:104BC00004F020FC90F87400003818BF012008BDE4
:104BD000EAC6000060B70000ACC6000008B558B9CE
:104BE0000749084840F29D43074A04F014FC40F28C
:104BF0009D41054804F006FCBDE80840FFF7A8BD4C
:104C0000EAC6000060B70000ACC6000008B558B99D
:104C10000A490B4840F2A4430A4A04F0FCFB40F264
:104C2000A441084804F0EEFB074B90F8750003EB35
:104C30008000BDE8084004F0FDBD00BFEAC60000EA
:104C400060B70000ACC60000F801002010B50C46AB
:104C500058B90C490C4840F2AB430C4A04F0DBFB5A
:104C600040F2AB41094804F0CDFB094B90F87500C8
:104C700003EB800004F0C4FD0028A4BF20700020D6
:104C800010BD00BFEAC6000060B70000ACC600005F
:104C9000F80100202DE9F3410D461646044658B9A7
:104CA00038494FF4A563384A384804F0B4FB4FF450
:104CB000A561354804F0A6FB04F0E9FD48B9344984
:104CC00040F23543304A314804F0A5FB40F235410B
:104CD000EFE7204604F0D0FD276800B3204604F03B
:104CE000E3FD8046D8B9204604F0F4FD0546FFF701
:104CF000E9FC47F800803B5823682AB203EB8203A3
:104D0000D3F8102542F00102C3F8102526B1012383
:104D10002268AB40C2F8143302B0BDE8F081D7F886
:104D200014339B035CBF4FF40033C7F814334EB900
:104D3000184940F24F43144A144804F06CFB40F207
:104D40004F41B6E72846FFF745FC04EB4004A38A31
:104D5000C3F38203042B11D0052B11D001A80195B8
:104D6000FFF77EFC019BC168D94001F001010231CF
:104D7000284602B0BDE8F04104F022BE0321F7E767
:104D80000221F5E7EAC60000ACC6000060B70000EB
:104D9000FFC6000020C7000008B558B907490848F9
:104DA00040F22F53074A04F036FB40F22F510548DA
:104DB00004F028FBBDE8084004F03DBEEAC6000050
:104DC00060B70000ACC600002DE9F04F07468BB07D
:104DD00058B97649764840F25C63764A04F01BFB8A
:104DE00040F25C61734804F00DFB814659F8043BC6
:104DF00090F87540D3F8141300936F4BC9B241F487
:104E0000003153F83420009804F0E9FD8103054691
:104E10003AD50023CDE907330993674B07A803EB85
:104E2000C4035B6819460193FFF766FC042303EB98
:104E3000C40303934FF0000B604B0DF11C0A029367
:104E4000029A5D4912F8013B0292039A02EBD302E7
:104E50008A5C03F0070322FA03F3DA071AD40BF192
:104E6000010BBBF1030F0AF1040AE9D14FF4003141
:104E70000022009804F0B3FD019907A8FFF73CFC5D
:104E80000028D7D125F400350124002D77D10BB0AF
:104E9000BDE8F08F4A4B5B440493DAF80010002918
:104EA000DDD091FAA1F1B1FA81F1049B1C7841EABD
:104EB00044142046FFF78EFB07EB4000B0F8148047
:104EC000C8084FEA9803059301231AF8002001F05F
:104ED000070103FA01F122EA01020AF8002006A8FC
:104EE0000694FFF7BDFB069A059B203250F822205E
:104EF000C8F382065B07B046C2F3014223D52146C0
:104F00004846D6B2424604F0EFFC06A80694FFF7E6
:104F1000A7FB069B203350F82330C3F301439E4286
:104F200007D10021204604F04BFD3146204604F015
:104F300047FD06A80694FFF793FB0122069B02FAA1
:104F400003F30362A9E7022A0DD10321204604F0EE
:104F500037FD06F00503012BEBD1424621464846BA
:104F600004F0C2FCE5E702212046059204F028FD8A
:104F7000032EF2D0059A032ADBD1022EECE795FA34
:104F8000A5F3B3FA83F3009904FA03F225EA0205C4
:104F900003F5A27251F8222007EB43034846B3F809
:104FA0006410C2F3014204F09FFC6EE7EAC6000001
:104FB00060B70000ACC60000E4AE00003BC70000D4
:104FC0003BC700000123034A03FA00F09368034340
:104FD000936070476000002073B504460191EFF3C1
:104FE0001186202383F31288BFF36F8F0B4D019B33
:104FF0006A6801A81340019304F002FC002807DB53
:1050000001226B68824023EA02036B60207000205B
:1050100086F31188BFF36F8F02B070BD600000206F
:1050200008B5154B027AD3F8101521F001010A4397
:10503000C3F810250268B2F5803F0BD30F4940F248
:10504000B9730F4A0F4804F0E6F940F2B9710C4801
:1050500004F0D8F9C3F8A4264268FF2A09D90A49FE
:1050600040F2C473064A074804F0D5F940F2C4710F
:10507000EDE7C3F8AC2608BD00200E5071C7000054
:105080003EC7000060B7000099C700000B2808B5B4
:1050900001D800290BDA0B490B4840F216530B4A92
:1050A00004F0B9F940F21651084804F0ABF90001D8
:1050B00000F1A04041EAC27100F56220C0F8281555
:1050C00008BD00BF1BC8000060B700003EC700005D
:1050D0000B2808B50BD90B490B4840F20B530B4A70
:1050E00004F099F940F20B51084804F08BF90001E3
:1050F00000F1A04000F56220D0F82415D0F820057A
:1051000008BD00BFBFC7000060B700003EC7000079
:105110000B2808B50BD911494FF4A063104A114868
:1051200004F079F94FF4A0610D4804F06BF9B3F580
:10513000801F09D30C4940F20253094A094804F080
:105140006AF940F20251EFE7000100F1A04000F5DA
:105150006220C0F82025C0F8243508BDBFC7000074
:105160003EC7000060B7000057C80000012303FAE3
:1051700000F010F0670F0AD0064B5B68DB4303F0CA
:10518000670303420CBF6FF01500002070474FF01B
:10519000FF3070476000002038B50E4B1B78012BA4
:1051A0000BD14FF0FF326FF040430B4CD4E90001BC
:1051B000824273EB0105F9D338BD0849084840F233
:1051C0001913084A04F027F940F21911054804F0B0
:1051D00019F900BF6000002040270E5074C800007D
:1051E00060B70000D3C7000030B50C25074B1C1872
:1051F00094F8544005FB0433C3E9031218750123E6
:10520000034A8340C2F8243330BD00BF6000002051
:1052100000200E50F0B5504D85B02C78002C40F099
:1052200095804E4A01AB07CA83E807004C491846EF
:10523000D1F8102522F00202C1F81025FFF7F0FE88
:105240000723672202F001012144013BCCB24FEA5F
:105250005202F7D1052C7CD119464FF0010C3E4E7D
:1052600000246720CFB204E00CFA02F220EA020028
:10527000013490FAA0F25FFA84FEBE45B2FA82F2DF
:10528000F2D30131327505292A4482F8547006F1AF
:105290000C06E5D10121002432489A0801FA02F2F5
:1052A00012F0670F18BF1C500433302BF5D1E420E7
:1052B000FDF764FB2A4B0024D3F81025012622F0C9
:1052C0000202C3F8102540F6FF72C3F82823C3F882
:1052D0008041C3F88040C3F88441C3F88440C3F8D8
:1052E0008841C3F88840C3F88C41C3F88C40C3F8A8
:1052F0009041C3F89040C3F89441C3F89440C3F878
:105300009841C3F89840C3F89C41C3F89C40C3F847
:10531000A041C3F8A040C3F8A441C3F8A440C3F817
:10532000A841C3F8A840C3F8AC41C3F8AC401E661E
:105330000D4B0E4A1B685D20B3FBF2F358430C4B38
:105340003343984720462E7005B0F0BD6FF07700CC
:10535000FAE76FF08B00F7E7600000200CAD00006B
:1053600000200E5000210E50F401002040420F009A
:1053700030AD000038B52D4B0C461B78012B0BD0FF
:105380002B492C4840F206232B4A04F044F840F203
:105390000621294804F036F8284BD3F81025950744
:1053A0003DD4D3F8102542F00202C3F81025C0B155
:1053B000D3F8482712F0010202BFD3F8481741F092
:1053C0000101C3F848171D4BD3F84017D3F8441711
:1053D0004900F9D42AB9D3F8482722F00102C3F8CA
:1053E0004827174B174A1B681449B3FBF2F303EB2A
:1053F0004313BBB1D1F84027D1F8445715F080458D
:105400000BD14FF0FF312046FFF7E6FD002803DB0C
:105410002078FFF7D7FD284638BD013BE9E76FF05C
:105420007700F9E76FF07300F6E700BF6000002037
:1054300074C8000060B70000D3C7000000200E5001
:10544000F401002040420F002DE9F04104461D46C2
:10545000FFF78CFE904607469DF8186058B1154935
:10546000154840F2BB23154A03F0D5FF40F2BB219B
:10547000124803F0C7FF12490B1993F854300C334C
:1054800001EBC30041F8332045602B4620466EB146
:105490000C4EA400FFF73CFE33592BB1FFF77CFE06
:1054A0004045A94100D23751BDE8F081BDE8F04147
:1054B000FFF72EBE9DC8000060B70000D3C70000F4
:1054C0006000002000210E50F8B50546FFF74EFEA3
:1054D00058B11149114840F21933114A03F09BFFAA
:1054E00040F219310E4803F08DFF0E48431993F82E
:1054F00054300C3350F8334000EBC30CDCF804603C
:10550000641846F1000640F83340CCF804602846A1
:10551000BDE8F840FFF7BABD9DC8000060B70000C5
:10552000D3C70000600000202DE9F7432C4B2D4F1E
:10553000D3F82C6307F1880916B903B0BDE8F083EE
:1055400096FAA6F80123B8FA88F803FA08F3D943C3
:1055500026EA030607EB080393F854500C2303FBD9
:105560000573187D40450BD01F49204840F2B733E2
:105570001F4A03F050FF40F2B7311D4803F042FFCD
:105580001C4CDB684FEA880214441BB3D9E8EF3F98
:1055900003EA0102C9E8EC2FBCF1000FF6D123FAAF
:1055A00008F3DB0711D5FFF793FD02460B46216890
:1055B0000029C1D0002121600C2101FB057529695A
:1055C00040460091E9688847B6E707EBC503D3E991
:1055D0001823ECE72268002AAED02360ACE700BFB6
:1055E00000200E5060000020BCC8000060B7000022
:1055F000D3C7000000210E50064C08B506490748E5
:1056000040F2D623224603F006FF40F2D621204680
:1056100003F0F8FEE0C8000014C9000060B7000005
:10562000202908B501D9FFF7E7FF054B40EA012023
:10563000C3F80005D3F80024D207FBD508BD00BF8E
:1056400000B0045038B5436905463BB90024EA6808
:105650006042537843F00103537038BD98470446C5
:105660000028F3D000F1FF03FE2B0ED92123094AB5
:1056700009490A4803F0CFFE29680948224603F089
:10568000CAFE2121034803F0BDFEEB6844421C70B2
:10569000DDE700BF3AC900005DC9000060B7000047
:1056A00075C90000F8B504460D46EFF311872023B5
:1056B00083F31288BFF36F8F164B9E6804F0F8F9DE
:1056C000042C0CD114498723144A154803F0A3FE77
:1056D000144803F0A0FE8721104803F093FE85B123
:1056E000EB69C3F3080363B1022C0AD00E498E2381
:1056F0000A4A0B4803F08FFE0C4803F08CFE8E2103
:10570000EAE787F31188BFF36F8F3046BDE8F840B2
:10571000FDF7DEB884060020BCC900009AC900006D
:1057200060B70000D9C9000073C900000ECA0000AC
:1057300038B50A4B53F82040013053F82050A542A9
:1057400000D838BD606830B1037EDB0701D4FFF7B5
:1057500079FF0834F3E723689847FAE7F4AE0000CE
:10576000012270B5374B032086B01A70FFF7E0FFB7
:1057700004F03CFA0420FFF7DBFF334C334DAC421E
:10578000264628D932494423324A334803F043FE9F
:10579000324803F040FE44212E4803F033FE54F813
:1057A0000C3C059354F8103C049354F8143C0393B8
:1057B00054F8183C029354F81C3C019354F8203CD4
:1057C000009354E90A2354E90C0100F0E5FD54F874
:1057D000303C5E65D3E7AE4204F13004DFD301F024
:1057E0000FFA194C1E4EAC421FD919496823194AA9
:1057F000194803F010FE194803F00DFE6821CBE7AD
:10580000D4E90A23B3F1FF3F08BFB2F1FF3F05D04F
:1058100052EA0301206803D101F070FC3034E2E762
:105820003146183001F0A4FEF8E7E9D301F05AFA46
:1058300003F037FD0B4A137B23F00103137306B00B
:1058400070BD00BF030E0020A8AC0000A8AC000093
:1058500060CA00003FCA000060B700008DCA0000A7
:10586000879B0000F0030020902370B5134E0122A7
:1058700003FB0066002386B0CDE904230F220193C9
:10588000CDE9023214230E4D0E4903FB00550446A8
:1058900001EB40214FF4007230460B4B009500F0B5
:1058A0007BFD737B2C7423F004037373074B01346B
:1058B00003EBC423EE606B6006B070BD6003002094
:1058C00084060020082E0020DD5900000826002054
:1058D0007FB50020FFF72CFF324B03F5006282F307
:1058E000088883F30A88E0232F4C84F822300023B1
:1058F000E37723766376A37684F82030626A42F4F5
:10590000E022626284F82330FCF75AFFFDF7F0F8DA
:105910004FF0FF33A362E362FDF7ACFAFDF710F935
:10592000224800F0E7FD224B224A93420ED9224939
:10593000CC23224A224803F06EFD224803F06BFD7F
:10594000CC211E4803F05EFD1C33EEE7FCD30120A2
:10595000FFF7EEFE02201C4CFFF7EAFE01F04EFAC4
:105960001A4B00255C611A4B4FF40062059301232A
:105970001849CDE903532046174BCDE90155009551
:1059800000F00AFD0646637B204623F004036373A0
:1059900000F0E0FE2846FFF767FF314620460E4A3A
:1059A000FDF78CF80826002000ED00E080040020C0
:1059B000A4A3000030A40000ACCA00003FCA00004D
:1059C00060B700008DCA0000F003002084060020AC
:1059D000C4CA0000083000206157000008B50D4B14
:1059E0009B6893F90E30002B09DB2024EFF3118321
:1059F00084F31288BFF36F8F03F0A2FDF6E7064928
:105A000006481C23064A03F006FD1C21044803F047
:105A1000F9FC00BF84060020EACA000060B700005D
:105A2000C9CA000008B583684BB90B490B488F23DE
:105A30000B4A03F0F0FC8F21094803F0E3FCD0E9A6
:105A4000003213605A600023427BC0E9003322F029
:105A500002024273836008BD3DCB000060B70000C6
:105A600012CB00002DE9F74F04460F4691461E4623
:105A70009DF830A0EFF3058373B152EA06030BD013
:105A80005D4981235D4A5E4803F0C5FC5D4803F033
:105A9000C2FC8121594819E004F10805EFF311888F
:105AA0004FF0200B8BF31288BFF36F8F284601F065
:105AB00005FD68B98823544A5449514803F0ABFCAA
:105AC0002946534803F0A7FC88214F4803F09AFC6D
:105AD000284601F017FD626A23699A4274D2EFF3F7
:105AE00011838BF31288BFF36F8F83F31188BFF399
:105AF0006F8F5BB94749A623474A414803F08BFCA7
:105B0000404803F088FCA6214348DFE72668B442FA
:105B10001AD0CEB13046FFF785FF06F1180001F02C
:105B200003FEE26800243946306904F094FA3046F6
:105B3000C6F8884000F00EFE4146284601F006F8FF
:105B4000204603B0BDE8F08F206A6169884202D325
:105B5000A369984207D331499C23284A284803F077
:105B60005AFC9C2196E7E268BAF1000F21D0394631
:105B700004F071FA236AE2681344A2692362934233
:105B800001D163692362636A01336362002428469A
:105B900001F0A2FC50BB4FF49A731B4A20491848ED
:105BA00003F039FC29461F4803F035FC4FF49A7185
:105BB0008BE7E069814208BFE361E0693946801AFA
:105BC000E06104F048FADEE759EA06030BD0164B11
:105BD00022469B6841461F612846CDE9009600F0A9
:105BE0005BFE0446ACE76FF02204D0E788F311882F
:105BF000BFF36F8FA4E700BF76CB000054CB00004B
:105C000060B70000BBCB0000EBB9000044BA000055
:105C100059BA0000BECB000012CB0000D6CB00006A
:105C200018BA00002FBA0000840600202DE9F743BF
:105C30000446884617461D46EFF3058383B152EAB2
:105C400005030DD05F494FF48A735F4A5F4803F044
:105C5000E2FB5F4803F0DFFB4FF48A715A4818E01B
:105C600004F10806EFF31189202383F31288BFF3B0
:105C70006F8F304601F022FC68B98823554A564997
:105C8000524803F0C8FB3146544803F0C4FB882156
:105C9000504803F0B7FB304601F034FC636A002B38
:105CA00064D0E2684046E16904F0D5F9E369E2684E
:105CB0001344A269E361934204BF6369E361636AC9
:105CC000013B6362EFF31183202282F31288BFF35A
:105CD0006F8F83F31188BFF36F8F5BB94049A623A1
:105CE000404A3A4803F097FB394803F094FBA62159
:105CF0003C48CEE72568AC4248D0002D47D0284626
:105D0000FFF790FE05F1180001F00EFD206A6369AF
:105D1000984202D3A369984209D333494FF4977349
:105D2000294A2A4803F077FB4FF4977196E72969CF
:105D3000E26804F090F9236AE26828461344A269F5
:105D40002362934204BF63692362636A013363621F
:105D50000024C5F8884000F0FDFC4946304600F0BC
:105D6000F5FE2546284603B0BDE8F08357EA050353
:105D70001FD01E4B22469B684946C3F81080304610
:105D8000CDE9007500F088FD0546EBE700253046BB
:105D900001F0A2FB80B94FF49A730E4A14490B48E4
:105DA00003F039FB3146134803F035FB4FF49A7189
:105DB0006EE76FF02205EAE789F31188BFF36F8F72
:105DC000D0E700BF76CB000054CB000060B70000E6
:105DD000BBCB0000EBB9000044BA000059BA000088
:105DE000BECB000012CB0000D6CB00008406002002
:105DF00018BA00002FBA00002DE9F34104461746F7
:105E00001E46EFF3058565B158496F23584A594836
:105E100003F001FB584803F0FEFA6F21544803F0E9
:105E2000F1FAEFF31188202383F31288BFF36F8F09
:105E3000524801F043FB60B98823514A51494D480B
:105E400003F0E9FA4D49504803F0E5FA88214C483F
:105E5000E5E74A4801F056FBE3684C4A9BB1A0686D
:105E60009168884229D057EA06032ED1434801F0B1
:105E700033FBA0B188F31188BFF36F8F6FF00F0071
:105E800002B0BDE8F081916891F90E100133E36032
:105E900093683A482161A36001F01EFB78B94FF482
:105EA0009A73374A3A49334803F0B5FA33493948C7
:105EB00003F0B1FA4FF49A71C9E72169E6E788F374
:105EC0001188BFF36F8F0020DAE791F90E1090F977
:105ED0000E306FF07E029942A8BF19469142B8BFBA
:105EE00011468B4202DD03F0FDFD05462246414688
:105EF000CDE90076214800F0CFFC0028E3D0EFF395
:105F00001186202383F31288BFF36F8F1B4801F0A3
:105F1000D5FA002890D0194801F0F4FAA068C0B171
:105F2000236821699C420AD04BB193F90E30994203
:105F3000A8BF19466FF07E039942B8BF194603F017
:105F4000D1FD30B131460D4800F000FE6FF00A007F
:105F500096E7002DF6D1094801F0BEFA00289ED040
:105F600086F31188BFF36F8FF0E700BF44CC0000C9
:105F700022CC000060B7000056CC0000A406002030
:105F8000EBB9000044BA000059BA000084060020B2
:105F900018BA00002FBA0000F8B50546EFF30583E4
:105FA00063B15549D723554A554803F034FA55484B
:105FB00003F031FAD721514803F024FA8368002B0B
:105FC00000F09380504A9268934240F09180C368F9
:105FD0003BB94E49EF23494A494803F01CFAEF21E7
:105FE000E9E7012B03D0013BC3600020F8BDEFF3CC
:105FF0001187202484F31288BFF36F8F444801F087
:106000005DFA60B98823434A43493D4803F003FAE7
:106010003F49424803F0FFF988213E48CCE73C481D
:1060200001F070FA2969A86803F05CFDEFF31183B1
:1060300084F31288BFF36F8F83F31188BFF36F8FE0
:106040005BB93749A623374A2D4803F0E4F93648AF
:1060500003F0E1F9A6213348AEE72C68A54215D13B
:1060600000232B48C5E9023301F036FA002837D166
:106070004FF49A73274A2D49214803F0CCF924495B
:106080002B4803F0C8F94FF49A71C6E7002CE7D00B
:10609000A3683BB927498F23224A194803F0BBF96B
:1060A0008F21D8E70026D4E9003213605A60637B61
:1060B000C4E9006623F002036373A66004F11800CC
:1060C00001F032FBAC6094F90E3020462B61C4F82D
:1060D000886000F03FFB39460D4800F037FD84E74B
:1060E00087F31188BFF36F8F7FE76FF015007DE7AF
:1060F0004FF0FF307AE700BF44CC000022CC000014
:1061000060B7000056CC0000840600207BCC000065
:10611000A4060020EBB9000044BA000059BA000000
:10612000BECB000012CB0000BBCB000018BA0000B1
:106130002FBA00003DCB000008B583684BB90B496E
:106140000B488F230B4A03F066F98F21094803F0AF
:1061500059F9D0E9003213605A600023427BC0E94C
:10616000003322F002024273836008BD3DCB000081
:1061700060B7000012CB000070B50446EFF3118643
:10618000202585F31288BFF36F8F304801F096F910
:1061900060B988232E4A2F492F4803F03CF92B4938
:1061A0002E4803F038F98821294818E0274801F0E3
:1061B000A9F9EFF3118385F31288BFF36F8F83F38F
:1061C0001188BFF36F8F63B92549A623254A22485A
:1061D00003F021F9244803F01EF9A621214803F019
:1061E00011F92568AC4213D095B12846FFF7A4FFFA
:1061F00005F1180001F098FA00232846C5F8883008
:1062000000F0A8FA3146BDE87040104800F09EBC8E
:10621000D4E902329A4218BF01330C48A36001F05E
:106220005BF968B94FF49A73094A10490A4803F0B8
:10623000F2F806490E4803F0EEF84FF49A71B3E70E
:1062400086F31188BFF36F8F70BD00BFA8060020D2
:10625000EBB9000044BA000060B7000059BA000072
:10626000BECB000012CB0000BBCB000018BA000070
:106270002FBA0000F7B5044616461D46EFF3058316
:106280007BB152EA05030CD02D4988232D4A2E48B4
:1062900003F0C1F82D4803F0BEF88821294803F027
:1062A000B1F8EFF31187202383F31288BFF36F8FC8
:1062B000274801F003F960B98823264A2649224875
:1062C00003F0A9F82249254803F0A5F888212148C0
:1062D000E5E71F4801F016F9A368D3B1013B1C485C
:1062E000A36001F0F9F868B94FF49A73194A1C4990
:1062F000154803F090F816491A4803F08CF84FF44B
:106300009A71E4E787F31188BFF36F8F002003B021
:10631000F0BD56EA05030BD10D4801F0DDF8002869
:10632000E2D087F31188BFF36F8F6FF00F00EEE7B5
:1063300022463946CDE90065054800F0ADFAE6E7AA
:10634000B2CC000092CC000060B70000BBCB0000D4
:10635000A8060020EBB9000044BA000059BA0000BA
:1063600018BA00002FBA00000A4B9A68537B13F04A
:1063700001030ED1526F1168B1F1F03F09D04FF017
:10638000F031116083F31188BFF36F8F0223184639
:1063900002DF7047840600202DE9F04385B00F9D91
:1063A00004460F2D0F4698463AD1294B98453BD1CC
:1063B00004F15803C4E91633109B00262373042309
:1063C0000732A57322F007052A46AA2163733846CF
:1063D000C4E90666A660E67303F04AFE4FF0F033A8
:1063E0003B600E9BC4E91D75E66702930D9B07EBAE
:1063F000050901930C9B4A460093394643462046C3
:10640000FCF740FB134B66659B6884F86C600BB12E
:10641000D3F880304846C4F8803005B0BDE8F0833A
:1064200005F110031E2BC3D940F24B230A4A0B4936
:106430000B4802F0F0FF29460A486FF00F030E22C6
:1064400002F0E9FF40F24B21034802F0DBFF00BFFE
:10645000DD59000084060020FFCC000022CD0000A2
:1064600060B70000A2CD0000F0B587B00446DDE9BA
:106470001276EFF3058575B1194940F21A33194ABE
:10648000194802F0C8FF194802F0C5FF40F21A315E
:10649000144802F0B7FF0595109D04950F9D0395D4
:1064A0000E9D02950D9D01950C9D0095FFF774FFC3
:1064B000B6F1FF3F08BFB7F1FF3F05D056EA07032B
:1064C00005D1204600F01AFE204607B0F0BD3A463E
:1064D000334604F11800064901F04AF8F4E700BF1A
:1064E00044CC0000FFCC000060B70000D3CD00001A
:1064F000879B000040F2011383810023C0E91D3314
:10650000C0F88030014B9860704700BF84060020BF
:1065100070B590F90D20437B002A55DBDD0653D181
:106520002B4A43F080039042437309D129495223F7
:10653000294A2A4802F06FFF5221274802F062FFE1
:10654000DC0707D526495323234A244802F063FF7A
:106550005321F2E7234A114651F8183FD4698B4280
:1065600007D1C0E900142060D06111E09C42F8D04E
:106570001B68002BF5D090F90E5093F90E60B542D0
:10658000F4D0AE42F2DD5C68C0E9003420605860AF
:1065900093698B4200D003B9D368916859B9124905
:1065A000EA23124A0D4802F036FF114802F033FF89
:1065B000EA210E48C2E7487BC00604D1C8897F287B
:1065C00001D9986908B1536170BD5161FCE700BF02
:1065D000600300201ACE0000F8CD000060B7000074
:1065E0003BCE00008406002080CE000054CE000088
:1065F000BBCB000010B590F90D200146002A437B6B
:106600001BDA204A03F07F039042437309D11E49ED
:106610005A231E4A1E4802F0FEFE5A211B4802F071
:10662000F1FEDC0707D51B495B23184A184802F026
:10663000F2FE5B21F2E703F076FA1748044654F8BD
:10664000183F8268A34200D003B9C3688A4216D0BB
:106650005AB91249EA23124A0D4802F0DCFE1148E9
:1066600002F0D9FEEA210E48D9E7517BC90606D1CE
:10667000D1897F2903D99969002908BF134643614D
:1066800010BD00BF600300201ACE0000F8CD00004E
:1066900060B700003BCE00008406002080CE0000E2
:1066A00054CE0000BBCB000008B583684BB9094944
:1066B00009488F23094A02F0AEFE8F21074802F0F5
:1066C000A1FE03F030FA437B23F00203437300235F
:1066D000836008BD3DCB000060B7000012CB000016
:1066E00010B50446FFF740FE144B8CB19A68527BFC
:1066F00012F0090F0CD11249D223124A124802F0AB
:106700008AFE124802F087FED2210E4802F07AFE7D
:106710006FF00A019A68C2F888100D49C2F88440E7
:106720004A6842F080524A60002282F31188BFF327
:106730006F8F9B68D3F8880010BD00BF84060020CF
:10674000D1CE0000A7CE000060B700003ACF000015
:1067500000ED00E038B50446EFF31185202383F304
:106760001288BFF36F8F174800F0A8FE68B988231E
:10677000154A1649164802F04EFE1249154802F015
:106780004AFE8821104802F03DFE0E4800F0BAFE95
:106790002046FFF7BDFE0B4800F09EFE68B94FF49F
:1067A0009A73094A0C490A4802F035FE05490B481C
:1067B00002F031FE4FF49A71E4E785F31188BFF3DC
:1067C0006F8F38BDAC060020EBB9000044BA000062
:1067D00060B7000059BA000018BA00002FBA0000D4
:1067E00070B504460D46EFF31186202383F312881B
:1067F000BFF36F8F214800F061FE68B98823204AFB
:106800002049214802F007FE1C49204802F003FEFF
:1068100088211B4802F0F6FD184800F073FE0023A3
:1068200094F86C10627B84F86C3091B18DB1134890
:1068300000F052FEE8B94FF49A73114A1449124815
:1068400002F0E9FD0D49134802F0E5FD4FF49A719D
:10685000DFE712F0280FEAD1A36813B12046FFF753
:1068600023FF637B204623F004036373FFF750FE8E
:10687000DDE786F31188BFF36F8F70BDAC06002093
:10688000EBB9000044BA000060B7000059BA00003C
:1068900018BA00002FBA00002DE9F843324D044623
:1068A000DDE90898A8420E4617460BD12F4930481B
:1068B00040F29E232F4A02F0AEFD40F29E212D4869
:1068C00002F0A0FDEFF31183202383F31288BFF3BE
:1068D0006F8F284600F0F2FD60B98823264A2749C9
:1068E000234802F098FD2946254802F094FD8821AE
:1068F0002148E5E7284600F005FE224B39469D6811
:10690000284603F018F9B8F1FF3F08BFB9F1FF3F7F
:1069100006D04A4643461C4905F1180000F028FEFF
:10692000204600F0D9FD68B918494FF4B773124AF0
:106930000F4802F070FD2146154802F06CFD4FF43F
:10694000B771D5E7084800F0C7FD40B90F494FF4CB
:10695000B773094A064802F05EFD0349ECE730468A
:10696000BDE8F843FFF7BCBEAC06002062CF0000D4
:1069700060B70000F8CD0000EBB9000044BA000099
:1069800059BA000084060020879B000018BA000056
:106990002FBA0000F8B504460D46EFF31187202307
:1069A00083F31288BFF36F8F5A4800F087FD60B9F8
:1069B0008823594A59495A4802F02DFD55495948EA
:1069C00002F029FD8821544818E0524800F09AFD51
:1069D000637B03F01F02002A0CBF0126002663D14F
:1069E000514A03F07F039442637309D14F495A23FC
:1069F0004F4A4B4802F00FFD5A214D4802F002FD6C
:106A0000D90707D54B495B23494A454802F003FDA6
:106A10005B21F2E7204603F086F8637B6DB243F01A
:106A20008003DA07A573637307D542495323404AAD
:106A30003B4802F0F0FC5321DFE73F4A114651F892
:106A4000183F8B422ED1D069C4E900100460D46194
:106A50000FE09842F8D01B68002BF5D093F90EC0D8
:106A60006545F6D0AC45F4DD5868C4E900300460F3
:106A70005C6093698B4200D003B9D36853612548A9
:106A800000F02AFD00283ED14FF49A73224A2B4988
:106A9000234802F0C0FC1F49294802F0BCFC4FF417
:106AA0009A7190E7D069D7E79B072AD5A16841B9C9
:106AB00024491B488F23244A02F0ADFC8F21224831
:106AC0009CE720466DB203F02EF8A5730B6899423F
:106AD00009D14B68C4E900131C604C60CFE74A68D9
:106AE0009342F6D01B68002BF3D093F90E20954209
:106AF000F5D0AA42F3DD5A68C4E9003214605C6044
:106B0000BDE7A573BBE787F31188BFF36F8F3046EE
:106B1000F8BD00BFAC060020EBB9000044BA00008D
:106B200060B7000059BA0000600300201ACE0000D0
:106B3000F8CD00003BCE00008406002018BA00000B
:106B40002FBA00003DCB000012CB000070B5044608
:106B50000D46F9B9EFF30586E6B91A4B5A699B68F9
:106B60009A4217D000F0B8FC78B94FF4B773164AC0
:106B70001649174802F04FFC2146164802F04BFC1C
:106B80004FF4B771104802F03DFC3046BDE870404C
:106B9000FFF7A6BD204600F09FFC68B94FF49A733A
:106BA000094A0A490A4802F036FC2146094802F01F
:106BB00032FC4FF49A71E5E785F31188BFF36F8FCC
:106BC00070BD00BF84060020EBB9000018BA0000B9
:106BD00060B700002FBA0000034648B9EFF3058202
:106BE00032B9064A51699268914201D0FFF778BDE7
:106BF00083F31188BFF36F8F704700BF84060020B6
:106C000010B5EFF31184202383F31288BFF36F8F45
:106C1000284800F053FC60B98823274A27492848B0
:106C200002F0F9FB2349274802F0F5FB88212248AE
:106C300012E0204800F066FCEFF3058373B12249AF
:106C400040F23B33214A1E4802F0E5FB204802F0A7
:106C5000E2FB40F23B311D4802F0D4FB1D4B9A6829
:106C6000D37B012B0CD11C494FF44F73174A1448A6
:106C700002F0D1FB164802F0CEFB4FF44F71EAE769
:106C8000013BD3730B4800F027FC68B94FF49A73AB
:106C9000094A12490A4802F0BEFB0649104802F0B0
:106CA000BAFB4FF49A71C2E784F31188BFF36F8F78
:106CB00010BD00BFAC060020EBB9000044BA0000D4
:106CC00060B7000059BA000044CC0000F8CD0000C5
:106CD000BBCB0000840600209BCF000018BA000048
:106CE0002FBA000010B5EFF31184202383F312882C
:106CF000BFF36F8F354800F0E1FB60B98823344A59
:106D00003449354802F087FB3049344802F083FBB0
:106D100088212F4813E02D4800F0F4FB30498A68A1
:106D2000D37B73B92F4940F247332F4A2A4802F0E8
:106D300072FB2E4802F06FFB40F247312A4802F006
:106D400061FBEFF3058060B129494FF45273264A85
:106D5000214802F060FB254802F05DFB4FF45271C0
:106D6000ECE708460133D37350F8183F834200D054
:106D700003B9CB68507BC00606D1D0897F2803D9E0
:106D80009869002808BF134610484B6100F0A4FB27
:106D900068B94FF49A730E4A16490F4802F03BFB4C
:106DA0000A49154802F037FB4FF49A71B1E784F3B2
:106DB0001188BFF36F8FEFF31180202383F31288C4
:106DC000BFF36F8FBDE81040FFF706BFAC06002091
:106DD000EBB9000044BA000060B7000059BA0000E7
:106DE00084060020CCCF0000F8CD0000BBCB000013
:106DF00044CC000018BA00002FBA0000024B03F187
:106E00001802C3E9062270478406002001F110032E
:106E10001E2B10B50C4612D940F20143114A1249FB
:106E2000124802F0F8FA214611486FF00F030E22C3
:106E300002F0F1FA40F201410A4802F0E3FAFFF7EA
:106E4000A9FD70B10B4B9B68DB7B53B9EFF311804D
:106E5000202383F31288BFF36F8FBDE81040FFF744
:106E6000BBBE10BDF8CD0000FDCF000060B7000034
:106E7000A2CD00008406002070B5EFF3058373B146
:106E800036494FF48E63364A364802F0C4FA364823
:106E900002F0C1FA4FF48E61314802F0B3FAEFF319
:106EA0001184202383F31288BFF36F8F2F4800F0E3
:106EB00005FB60B988232E4A2E492A4802F0ABFA16
:106EC0002A492D4802F0A7FA88212948E5E72748F2
:106ED00000F018FB294A9068D5690368A84214BFDE
:106EE000194600214068036058609368D06929B949
:106EF0002349C3E900100360D3610CE093F90E50FD
:106F000091F90E60B5421FD0AE421DDD4868C3E95D
:106F1000001003604B60936919498B4200D003B99C
:106F2000D3681248536100F0D7FA88B94FF4B773A9
:106F30000F4A14490B4802F06EFA0C49124802F04D
:106F40006AFA4FF4B771C0E78142D1D00968CEE741
:106F50002046BDE87040FFF7C3BB00BF44CC000033
:106F6000F8CD000060B70000BBCB0000AC060020ED
:106F7000EBB9000044BA000059BA000084060020B2
:106F80009C06002018BA00002FBA00002DE9F0413D
:106F900006460C46EFF3058777B133494FF491630A
:106FA000324A334802F037FA324802F034FA4FF4EA
:106FB00091612E4802F026FA50EA010304D1FFF74E
:106FC0005BFF0020BDE8F081EFF31188202383F3FD
:106FD0001288BFF36F8F284800F070FA60B98823D9
:106FE000264A2749224802F016FA2349254802F08A
:106FF00012FA88212148DDE7234D1F4800F082FA6C
:10700000A868FFF7F7FAA868234632461F491830E8
:1070100000F0AEFAAA680446537B174843F0040315
:10702000537300F059FA68B94FF4B773134A18490B
:107030000F4802F0F0F91049164802F0ECF94FF44D
:10704000B771D7E74046FFF74BFBAB68D3E90A239C
:10705000B3F1004F08BFBA42B3D102F0C3FD201A0A
:1070600020EAE070AEE700BF44CC0000F8CD00009D
:1070700060B70000BBCB0000AC060020EBB90000FD
:1070800044BA000059BA000084060020879B000023
:1070900018BA00002FBA000038B504460D46EFF3C9
:1070A000058373B1114940F2B243114A114802F00D
:1070B000B2F9114802F0AFF940F2B2410C4802F0C7
:1070C000A1F9FFF763FFB5F1FF3F08BFB4F1FF3F40
:1070D0000346204608D0DA17B3F1004F72F10002E0
:1070E000184628BF6FF0004038BD00BF44CC0000F8
:1070F000F8CD000060B70000BBCB000038B50446F7
:10710000EFF31185202383F31288BFF36F8F20489C
:1071100000F0D4F968B988231E4A1F491F4802F0BD
:107120007AF91B491E4802F076F98821194802F0C5
:1071300069F9174800F0E6F9637B5B0710D504F1A5
:10714000180000F0F1FA637B204623F00403637318
:10715000FFF7DEF92946BDE838400D48FFF7F6BCD9
:107160000B4800F0B9F968B94FF49A73094A0D4910
:107170000A4802F050F906490B4802F04CF94FF466
:107180009A71D3E785F31188BFF36F8F38BD00BFC5
:10719000AC060020EBB9000044BA000060B7000064
:1071A00059BA000018BA00002FBA0000014B9868C5
:1071B000704700BF840600202DE9F8430446077B92
:1071C000EFF31185202383F31288BFF36F8F7C4880
:1071D00000F074F968B988237A4A7B497B4802F049
:1071E0001AF977497A4802F016F98821754802F0B1
:1071F00009F9734800F086F9637B180717D57048C2
:1072000000F06AF968B94FF49A736E4A71496F4891
:1072100002F001F96A49704802F0FDF84FF49A71E2
:10722000E4E785F31188BFF36F8FBDE8F883D909D0
:1072300043F0080277D16273A36813B12046FFF7C9
:1072400033FA04F1180000F06FFAA66D04F1580843
:10725000B04511D04FF0000976B13046FFF724FA5F
:1072600006F1180000F060FA3046C6F88890FFF783
:107270004FF9A66DB045EFD1584EB3689C4271D11D
:10728000EFF30588B8F1000818BF4FF00108B369A3
:10729000534A934200D003B9F3682046736102F069
:1072A00045F9B8F1000F02D04E48FFF723F9B36853
:1072B0009C426AD1EFF30586002E66D1237BDA0764
:1072C0001FD53F4800F008F900289CD085F31188AD
:1072D000BFF36F8F86F31188BFF36F8F04231846B7
:1072E00002DFEFF31185202383F31288BFF36F8F42
:1072F000334800F0E3F800283FF46DAF304800F069
:1073000001F92F4800F0E8F878BB4FF4B7732D4A25
:1073100030492E4802F07FF829492F4802F07BF8C7
:107320004FF4B77162E7304A03F07F0343F008037C
:107330009442637308D12D495A232D4A234802F001
:107340006AF85A212A4852E7D90707D529495B2309
:10735000274A1E4802F05FF85B21F3E7204602F05F
:10736000E2FB69E74FF0000891E72846FFF7B8F91C
:1073700021494FF4EE731E4A144802F04CF81F489E
:1073800002F049F84FF4EE71DCE70D4800F0A4F884
:1073900000283FF438AF85F31188BFF36F8FFB07E8
:1073A0007FF543AF40F28E53114A1549074802F06A
:1073B00032F82146134802F02EF840F28E51C1E710
:1073C000AC060020EBB9000044BA000060B7000032
:1073D00059BA000018BA00002FBA00008406002035
:1073E0009C06002080040020600300201ACE0000CC
:1073F000F8CD00003BCE000083D000008ED000000E
:10740000B0D00000BBD000002DE9F84306460F467F
:107410009046EFF31189202383F31288BFF36F8F17
:107420001F4800F04BF868B988231E4A1E491F48C0
:1074300001F0F1FF1A491E4801F0EDFF88211948BB
:1074400001F0E0FF164800F05DF83468A6421CD158
:107450000025134800F040F8D0B94FF49A73114A50
:107460001449124801F0D7FF0D49134801F0D3FF2A
:107470004FF49A71E3E741462046B8470546002895
:10748000E7D17368A342E3D02468002CF3D1DFE78F
:1074900089F31188BFF36F8F2846BDE8F88300BFDA
:1074A000AC060020EBB9000044BA000060B7000051
:1074B00059BA000018BA00002FBA0000006838B1AD
:1074C000044B00F003001B7CC01A18BF012070475A
:1074D0000120704784060020002302680360EFF358
:1074E0000581074B19B19968497BC90706D4197CF6
:1074F00098680843831A58425841704701207047E2
:1075000084060020024B1A7C9B681343036070477B
:1075100084060020024B1868984208BF002070477C
:1075200000020020034B1B680BB9FCF79DBC002038
:10753000704700BFB006002030B570B10B4B5B68E0
:1075400098420AD0036843B1D3E90421D0E9044545
:10755000121941EB0501C3E90421D0E9003213609F
:107560005A600023C0E9003330BD00BF0002002094
:10757000B3F1FF3F08BFB2F1FF3F2DE9F84F0446DA
:107580009B4615461F4600F0B280D0F80090B9F136
:10759000000F0CD057497023574A584801F03BFF61
:1075A000574801F038FF7021534801F02BFF8160EC
:1075B000EFF31188202383F31288BFF36F8F5148B4
:1075C000FFF77CFF824660B988234F4A4F494B48FA
:1075D00001F021FF4B494E4801F01DFF88214A4828
:1075E000E3E74848FFF78EFFBBF1000F494A1FDB76
:1075F000FFF798FF064601354BF1000B454A2D1861
:107600004BEBE073D2E90017C4E904536D1843EB68
:107610000707FFF77FFF0346DFF8FCE0DEF8049082
:10762000EBB9C4E900E9C9F80040CEF8044028E00D
:107630006FF00103D2E900125B1A4FF0FF3161EBEA
:1076400002025B1B62EB0B02012B72F10001BCBF5B
:1076500001234A464FF0000AC4E90432D9E7D3E9CE
:10766000041CD4E904208A4270EB0C0B2EDA891A30
:107670005A686CEB0000C3E90410C4E900321460DE
:107680005C60FFF747FF84420ED1244B1B685BB957
:10769000BAF1000F02D1FFF745FF0646304602F06F
:1076A0008AFA0021FCF7F6FB1648FFF715FFB0B980
:1076B0004FF49A73144A1A49104801F0ACFE11496C
:1076C000184801F0A8FE4FF49A7188E7521A60EB4F
:1076D0000C009945C4E90420A3D01B68A0E788F3F7
:1076E0001188BFF36F8F28463946BDE8F88F002513
:1076F0002F46F8E7FDD00000D9D0000060B70000A9
:10770000BBCB0000B4060020EBB9000044BA000077
:1077100059BA00001005002000020020B006002029
:1077200018BA00002FBA000070B50446EFF31186B6
:10773000202383F31288BFF36F8F2348FFF7BEFE29
:1077400068B98823214A2249224801F064FE1E4973
:10775000214801F060FE88211C4801F053FE1A48C0
:10776000FFF7D0FE236833B3FFF7D4FE054620466B
:10777000FFF7E2FE00224FF00043A542C4E90423D4
:1077800006D1FFF7CFFE02F016FA0021FCF782FBCC
:1077900000240D48FFF7A0FE80B94FF49A730B4AFE
:1077A0000E490C4801F037FE07490D4801F033FE41
:1077B0004FF49A71D0E76FF01504EAE786F3118869
:1077C000BFF36F8F204670BDB4060020EBB90000F8
:1077D00044BA000060B7000059BA000018BA0000AF
:1077E0002FBA00002DE9F0470446EFF3118820235B
:1077F00083F31288BFF36F8F4248FFF75FFE68B9CB
:107800008823414A4149424801F005FE3D4941482B
:1078100001F001FE88213C4801F0F4FDDFF8F8900A
:107820003848FFF76FFEC9F80040FFF773FE0026E7
:1078300004460027DFF8E4A0D9F80030DAE900C0F8
:10784000D91754B1D4E90452AB4271EB020E1DDAE0
:10785000ED1A62EB0102C4E90452002413EB0C039D
:1078600040EB01012046CAE90031C9F8004002F0AE
:10787000A2F92146FCF70EFB2248FFF72DFEA0B12E
:1078800088F31188BFF36F8FBDE8F08715EB0C0309
:1078900040EBE570CAE90030C4E904672046FFF711
:1078A0004BFE1848FFF718FE68B94FF49A73164A52
:1078B0001B49174801F0AFFD12491A4801F0ABFD12
:1078C0004FF49A71A7E788F31188BFF36F8F2046B2
:1078D000A3689847EFF31188202383F31288BFF33E
:1078E0006F8F0848FFF7EAFD002889D00548FFF7A9
:1078F00009FED9F800305B1BC9F80030FFF70AFE1B
:10790000044699E7B4060020EBB9000044BA000031
:1079100060B7000059BA0000B00600201005002032
:1079200018BA00002FBA000070B5EFF311862023BB
:1079300083F31288BFF36F8F1A48FFF7BFFD68B952
:107940008823194A19491A4801F065FD1549194853
:1079500001F061FD8821144801F054FD1148FFF742
:10796000D1FDFFF7DFFD144AD2E90045041945EBCC
:10797000E0750C48FFF7B0FD68B94FF49A730A4AF6
:107980000E490B4801F047FD06490D4801F043FD43
:107990004FF49A71DFE786F31188BFF36F8F2046AB
:1079A000294670BDB4060020EBB9000044BA0000BF
:1079B00060B7000059BA00001005002018BA000096
:1079C0002FBA000038B50D4C0D4DAC4213D90D49FE
:1079D00025230D4A0D4801F01EFD0D4801F01BFD49
:1079E0002521094801F00EFD2046D4E9011202F0DC
:1079F000FEF81834E9E7F7D3002038BDA0020020D4
:107A0000A00200203FD100001DD1000060B700009F
:107A10008DCA0000F8B50D4E0D4C0E4D33680E4862
:107A2000984767782B680C48984733680B48984705
:107A3000022F08D12478E31F5C425C412B68074881
:107A400098472046F8BD0024F8E700BF2C0200202C
:107A5000B80600202802002004030020F0020020C5
:107A600070B51D4E1D4C33681D4898472378590743
:107A700044BF23F00403237023789A0705D500F050
:107A8000C1F8237823F002032370164D14482B68A5
:107A90009847336814489847637813B1134802F045
:107AA000DDF8002304211148637000F0CBF82B6847
:107AB0000D48984733680A4898472378DB0705D56F
:107AC00002F0C9F8237823F0010323702B680448DF
:107AD000BDE87040184700BF2C020020B806002007
:107AE000F00200202802002004030020BC06002031
:107AF0002DE9F041FFF78EFF18B100242046BDE8C4
:107B0000F081364F36483B689847044620B16FF005
:107B10008F04FFF7A5FFF1E7324D2B78D80706D485
:107B200002F097F804462B7843F001032B702E4E99
:107B30002B483368984710B1002CE8D0E9E7002CB7
:107B4000E7D13B682648984704460028DFD12B78C8
:107B5000990706D400F04EF804462B7843F0020350
:107B60002B7033681E4898470028E5D1002CD0D1EF
:107B70003B681B4898470028C9D13368184895F8D6
:107B8000008098470028C2D13B68184898470446AF
:107B90000028BCD16B7843B918F0010F05D0144808
:107BA00002F05AF8022304466B7033680F48984776
:107BB0000028C1D1002CACD13B6809489847002867
:107BC000A5D12B7806485A075CBF43F004032B70FD
:107BD00033689847002890D099E700BF2C02002016
:107BE000F0020020B8060020280200200403002034
:107BF000BC0600200122024B002083F8802570473C
:107C0000C00600202DE9F0410A4C002526464FF021
:107C1000010803272046C4F820802777013501F0AA
:107C2000FBFF202D04F12C04F4D1002386F88035CD
:107C3000BDE8F081C0060020014B1B68184700BF5B
:107C40000802002010B50A46044619B1024B002173
:107C50001B68984710BD00BF0C02002010B50C4CEB
:107C6000206800F0BFFD0B4A1368591C11604BB926
:107C7000094A4820D2F8003443F00703C2F8003420
:107C8000FAF77CFE2068BDE8104000F0C5BD00BFDB
:107C900014020020440C00200080045038B5164D1A
:107CA000286800F09FFD154B1C68013C1C60ECB976
:107CB0004820FAF771FE0722114BC3F80823D3F8C6
:107CC000002422F00702C3F80024C3F80041D3F8CF
:107CD0000021C3F80441D3F804214FF48072C3F8A3
:107CE0000841D3F80831074BC3F888212868BDE85C
:107CF000384000F091BD00BF14020020440C002069
:107D00000080045000E100E070B5104D104E2B686B
:107D1000B3420DD0FFF7A2FF00F006FD00F042FDD8
:107D200040B101F0A8FF0446FFF7B8FF44B92E6048
:107D3000002405E000F0ECFA044618B1FFF7AEFFAE
:107D4000204670BD02F09AF8EDE700BF1002002057
:107D5000117365000022074BC3F81021C3F80C21F2
:107D6000C3F80021C3F80421C3F80821C3F8142183
:107D7000704700BF0050045008B5FFF7EBFF012328
:107D80000360104B0A6832B9D3F80C211AB9D3F842
:107D90000821002AF6D00B687BB90B4B99420ED014
:107DA000A3F58473D3F80831002B0CBF4FF0FF30DC
:107DB0006FF00200FFF7CEFF08BD0020FAE74FF09A
:107DC000FF30F7E7005004500851045070B50646E4
:107DD0000D4619B34B6913F00F040CD0114955230C
:107DE000114A124801F017FB114801F014FB55210C
:107DF0000D4801F007FB2146012001F03FFE0D4830
:107E00000D49C0F80065C0F80455FFF7B5FF2146DD
:107E10000546204601F032FE284670BD6FF0010590
:107E2000FAE700BFABD1000058D1000060B70000F6
:107E3000D4D100000050045000510450034B0449B9
:107E4000C3F800050348FFF797BF00BF0050045078
:107E5000045104500450045010B504460021012080
:107E600001F00CFE064B0749C3F800450648FFF732
:107E700083FF00210446084601F000FE204610BDA5
:107E800000500450085104500850045038B50C46B6
:107E900059B1074D0749C5F800050748FFF76CFFC2
:107EA00010B9D5F80835236038BD6FF00100FBE745
:107EB00000500450105104500C5004502DE9F0476C
:107EC000804600244FF010091E4E94B00DF1270596
:107ED00025F01F0506F1200A012210211A4801F0A1
:107EE00035FF2B1900935246102320211548CDF859
:107EF000049000F04BFA0746F8B9D6E90C3210347A
:107F0000013342F10002302CC6E90C32E4D1B8F161
:107F1000000F04D022464146284601F00AFF2E46B3
:107F2000084C0FCE0FC496E80F00203584E80F00F0
:107F300095E80F00103484E80F00384614B0BDE80F
:107F4000F08700BF1805002038050020F0B5194D56
:107F5000194FAB6B8DB0BB4229D0184E306800F082
:107F600041FC402300221946284601F0F9FE302149
:107F7000684601F016FF044678B96846FFF79EFF91
:107F8000044690B9302302461946684601F0E8FEDF
:107F900001220023C5E90C23AF63306800F03CFCEC
:107FA000204601F068FE0DB0F0BD0E24F5E700207C
:107FB000F9E700BF18050020B4A5B4A518020020F9
:107FC0002DE9F04F99B00DF1570802F10F098246E3
:107FD0000E46144628F01F084FEA191922B100294D
:107FE00067D0B2F5803F64D8334F344D386800F025
:107FF000F9FBD5E90C3213430BD15046FFF7A6FF2E
:10800000834630B1386800F007FC584619B0BDE827
:10801000F08FD5E90C2319EB020243F10003B3F50D
:10802000803F14D3302102A801F0BBFEB8B902A8EA
:10803000FFF744FF83460028E4D130230246194667
:1080400002A801F08DFE00220023C5E90C23DFF811
:1080500070A03CB92046FFF731FF8346D2E76FF0AE
:10806000920BCFE7102C4FF001024FF01001504659
:10807000A14628BF4FF0100901F068FE10235246B8
:108080002021CDE900830D4800F080F983460028C7
:10809000B8D14A463046414601F0DDFFD5E90C3201
:1080A000013342F10002C5E90C32A4EB09044E444D
:1080B000CFE76FF0860BA8E7180200201805002014
:1080C000380500202DE9F04F89B007460C461546CB
:1080D0001E4601F0B0FE78B97B690090C3F301320F
:1080E00062F305108DF8000010F0300007D1B96878
:1080F00089070FD06FF0860009B0BDE8F08F102817
:1081000008D1BDF8023023F4F87343F4A873ADF836
:10811000023053E0DBB2F82B02D06FF08500EBE7C2
:1081200000234FF0010B984619469C46D7F808E00B
:10813000DFF8CC9159F804AB1EEA0A0F08D00BFA0D
:108140000CF343EA080303F07F08012341EA0A0124
:108150000CF1010CBCF1070FECD12BB19DF80330F1
:1081600068F347038DF803303EEA0101D5D17B88DF
:10817000FF2B35D005D8802B34D0C02BCDD1022396
:1081800006E0B3F5807F2FD0B3F5C07FC5D10623BD
:108190009DF8021063F306118DF8021010B91EF05D
:1081A000030FA7D13B79022B2BD01FD8012BA1D1D4
:1081B000BDF8021063F3C811ADF80210012A39D0DE
:1081C000032A23D0002A95D13B88B3F5105FA4D1B0
:1081D000182E03D0202E01D0102E8BD1494F2DE028
:1081E0000323D5E70123D3E70423D1E7032B02D0F0
:1081F000FF2B7FF47FAF0221BDF8023061F3C8137B
:1082000085E7BDF8023043F4C07380E7412E0ED0FD
:10821000202E05D006D8102E02D0182E7FF46AAF7B
:10822000394F0BE0302EFBD0612E7FF463AF013568
:10823000013EF5E7302E7FF45DAF344F4FF000087C
:108240000F364FEA1619C14515D11F2E1CD81C2216
:10825000002101A801F00CFF4FF0000A4FF0FF3998
:10826000D04518D11F2E04D9BA20FFF7F5FD0028FC
:1082700035D1002040E704EB080001F088FD00281C
:108280003AD008F10108DEE74146204601F0BBFD87
:108290000028DCD030E707EB0A124FEA0A130692F7
:1082A000BAF1000F1ED1009A0792BDF802202B44AC
:1082B000C2F3C11205920DF1040C03F1100E6246D7
:1082C00018685968083303C273459446F7D101A969
:1082D00004EB0A00FFF77AFD38B101F0ACFD6FF056
:1082E000920009E7CDF81C90DFE71C2101A801F0FE
:1082F00042FD0AF1010AB3E76FF08A00FCE600BF15
:108300000CAF000040008151000000201084045098
:1083100010B590B01C22002101A801F0A9FEF820A0
:1083200001F035FD08B3202200200DEB0201FFF71C
:1083300047FE0446F8B901A84FF4807101F059FDD9
:108340000E4B0F4904930F4BCDE901130E4BF8214F
:10835000069320230DEB0302FFF7B4FE2021044611
:108360000DEB010001F007FD05E0F92001F00FFD24
:108370000028D8D10446204610B010BD0010C0041B
:1083800000240001014B4E80F800FF7F2DE9F341EE
:108390001D464FF48073284C8046002017460E4639
:1083A000019300F037F901AB23601123234A012127
:1083B000C4E9022304F11003636040F61103E36192
:1083C00004F1200363612123089AE3621C4B46F009
:1083D00000561A60099A45F0005542F00052C3E970
:1083E00001122022C4F81080A6612762A562616292
:1083F000DA60BFF35F8F4FF0A3421460BFF35F8F6B
:10840000BFF35F8F1361BFF35F8FBFF35F8F0323F2
:108410005363BFF35F8FBFF35F8F9363BFF35F8FD0
:1084200001F068FD431C0446FAD0002000F01CF95E
:10843000204602B0BDE8F081580C00200400002066
:10844000480C0020BFF35F8F094A1368BFF35F8FAA
:1084500043F48071BFF35F8F1160BFF35F8F23F42C
:108460008073BFF35F8F1360BFF35F8F704700BFF0
:108470000010805108B5FFF7E5FFBFF35F8F064A94
:108480001368BFF35F8F43F00103BFF35F8F136087
:10849000BFF35F8F08BD00BF0010805170B500268C
:1084A000C0E9006605460C46FFF7D8FB01232B7098
:1084B000FFF7C8FFBFF35F8F204BDB68BFF35F8F11
:1084C0009B08013BACB3226842B19A4205D9FFF741
:1084D000E5FB6FF03F002E7070BD1346D4E9011527
:1084E000E068002908BF4FF40071002808BFF120A0
:1084F0002469BFF35F8F114A9360BFF35F8FBFF3AF
:108500005F8F1564BFF35F8FBFF35F8F5064BFF35E
:108510005F8FBFF35F8F5163BFF35F8F44F480249D
:1085200044F00104BFF35F8F1460BFF35F8F00203E
:10853000D2E74FF40071F1202546DAE700108051B0
:1085400070B503780D461446002B53D0BFF35F8FF0
:108550002D4A136BBFF35F8F5908C3F34203052BFA
:108560004BD011F0060F02D14FF0FF3070BD4368C1
:10857000D3B9BFF35F8F5368BFF35F8F032BF3D97A
:10858000224B2349BFF35F8FD2F88060BFF35F8F28
:10859000BFF35F8F43F8046BBFF35F8F8B42F1D162
:1085A000FFF768FF01234360BFF35F8F164B9A68A4
:1085B000BFF35F8F0132B4EB021F21D8BFF35F8F8F
:1085C0005A68BFF35F8FB4EB820FCDD884B1BFF38D
:1085D0005F8FD3F88020BFF35F8F291D05F8012B33
:1085E0008D424FEA122204F1FF34EFD0002CF5D176
:1085F0000020BBE76FF02000B8E76FF05100B5E74F
:108600006FF03F00B2E700BF0010805110108051A2
:108610002010805110B50446FFF720FB104B18685E
:1086200000F0E0F80CB101232370BFF35F8F4FF02F
:10863000A3430022DA61BFF35F8FBFF35F8F4FF078
:10864000FF321A63BFF35F8FBFF35F8F3422DA61AB
:10865000BFF35F8F0122034BC3F8042310BD00BF9B
:108660001C0200200080045010B5044638B9FFF702
:1086700015FBBDE81040074B186800F0CDB8037833
:108680003BB1FFF70BFB034B186800F0C5F8002364
:10869000237010BD1C02002038B51C4CD4F80051CA
:1086A000C5B1BFF35F8F4FF0A343996ABFF35F8FEC
:1086B000BFF35F8F4FF0FF321A63BFF35F8F00236A
:1086C000C4F80031D4F80031114B1868BDE83840C7
:1086D00001F084BCD4F8083153B100F07FF801F008
:1086E0003AFCC4F80851D4F808310121094BECE7F1
:1086F00009495023094A0A4800F08DFE094800F054
:108700008AFE5021054800F07DFE00BF0080045025
:10871000240200202002002073C90000E6D10000DE
:1087200060B700004CD2000008B5074B186801F094
:1087300044FC064B186801F040FCBDE808400022EC
:1087400048201146FAF74AB92402002020020020EE
:1087500038B5094B1C7864B1084B4FF0FF311D68E8
:10876000284601F02CFC4FF0FF310446284601F06A
:1087700033FC204638BD00BF030E00202402002039
:1087800010B5064CE36C3BB9214651F84C3B986957
:1087900001F0E5FB0123E364014810BD880C0020D3
:1087A000D40C002010B50B4B0B4C236003F5C043D9
:1087B00063602461FFF7E4FF50B1236D0020B3F53F
:1087C000007FCCBF4FF480634FF40073A36010BDF3
:1087D0000E20FCE700208051880C002000487047E4
:1087E000880C002008B54FF0FF324FF0FF33FDF743
:1087F00003FB48B1054906481723064A00F00BFE63
:108800001721044800F0FEFD08BD00BFA9D20000FA
:1088100060B7000064D2000008B5FDF7BDFB48B1A9
:10882000054906481F23064A00F0F5FD1F210448AC
:1088300000F0E8FD08BD00BFA9D2000060B700004D
:1088400064D200002DE9FF47002705460C469246FA
:10885000019700F10C06EFF31189202383F31288AE
:10886000BFF36F8F3046FEF729FE68B988231A4A96
:108870001A491B4800F0CFFD31461A4800F0CBFDE5
:108880008821154800F0BEFD3046FEF73BFEAB6880
:1088900028465C4004EA0A02134903EA0A085340E6
:1088A00001AACDE90237FEF7AFFD019C3CB120469D
:1088B000C4F888700021246EFDF792FFF6E7DDE929
:1088C000023223EA020330464946AB60FEF73EF926
:1088D000404604B0BDE8F087EBB9000044BA0000A0
:1088E00060B7000059BA0000E59F00002DE9F04F85
:1088F00085B08846DDE90E1B05461746EFF3058374
:108900008BB151EA0B030ED040494FF48573404AB6
:10891000404800F080FD404800F07DFD4FF4857137
:108920003B4800F06FFD0291B8F1000F56D007F000
:1089300001030393FEF73AFC05F10C048146EFF3C3
:10894000118A202383F31288BFF36F8F2046FEF72E
:10895000B5FD029960B98823304A31492D4800F0AD
:108960005AFD21462F4800F056FD88212B48D8E7B4
:1089700020460291FEF7C6FD17F0020F1CBF002330
:10898000AB60AB6807F00102029903EA0806BAB1CE
:10899000B04517D17A0744BFB343AB602046FEF71A
:1089A0009BFDE8B94FF49A731C4A1F49194800F01F
:1089B00032FD21461D4800F02EFD4FF49A71D5E797
:1089C000002EE7D151EA0B0312D12046FEF784FDB9
:1089D0000028E7D08AF31188BFF36F8F002603E0E9
:1089E0008AF31188BFF36F8F304605B0BDE8F08F72
:1089F000C9E919872A46CDE9001B20465146FDF7F3
:108A00004BFF0028EAD1D9F86460EDE7B2CC000052
:108A1000B2D2000060B70000BBCB0000EBB9000091
:108A200044BA000059BA000018BA00002FBA00007A
:108A300008B5EFF305834BB1074908483823084AC6
:108A400000F0E9FC3821064800F0DCFCC0E9023304
:108A5000C0E9000008BD00BF44CC000060B70000C2
:108A6000B2D2000038B50546002941D051F8043C87
:108A70000C1F002BB8BFE41800F0B6F81D4A1368AD
:108A800033B9636014602846BDE8384000F0B2B8DE
:108A9000A34208D9206821188B4201BF19685B687E
:108AA00009182160EDE71A465B680BB1A342FAD9B9
:108AB00011685018A0420BD1206801445018116071
:108AC0008342E0D118685B68084453601060DAE7BD
:108AD00002D90C232B60D6E7206821188B4202BFF5
:108AE00019685B680918636008BF21605460CAE7B1
:108AF00038BD00BFF80C0020F8B5CD1C064625F0A7
:108B0000030508350C2D38BF0C25002D01DBA942CB
:108B100003D90C2333600020F8BD00F065F821492B
:108B20000A6814469CB9204F3B6823B92146304659
:108B300000F03CF838602946304600F037F8431C16
:108B400023D10C233046336000F054F8E3E7236868
:108B50005B1B17D40B2B03D923601C44256004E056
:108B60006368A2420CBF0B605360304600F042F8CD
:108B700004F10B00231D20F00700C21A1CBF1B1AB2
:108B8000A350C9E722466468CCE7C41C24F0030460
:108B9000A042E3D0211A304600F008F80130DDD1C0
:108BA000CFE700BFF80C0020F40C002038B50023FC
:108BB000054D044608462B60FAF772FA431C02D1B1
:108BC0002B6803B1236038BDFC0C002007B500936F
:108BD00013460A4601460348006801F05DFA03B0F7
:108BE0005DF804FB300200200148FAF76DBA00BFBF
:108BF000A00200200148FAF783BA00BFA0020020BB
:108C00002DE9F04F98468B899DB007461B060D460F
:108C1000144610D50B6973B94021FFF76DFF28602A
:108C2000286130B90C233B604FF0FF301DB0BDE828
:108C3000F08F40236B610023CDF80C804FF00109C9
:108C4000DFF8A081099320238DF8293030238DF897
:108C50002A3023469A4613F8012B0AB1252AF9D166
:108C6000BAEB040B0BD05B4622462946384601F08E
:108C70003EFA013000F0A780099A5A4409929AF806
:108C80000030002B00F09F8000234FF0FF320AF1EC
:108C9000010A049307938DF853301A93CDE9052305
:108CA000544605224F4814F8011B01F0EDFA049ACE
:108CB000D8B9D00644BF20238DF85330110744BFE4
:108CC0002B238DF853309AF800302A2B15D0079AB1
:108CD000544600204FF00A0C214611F8013B303B6E
:108CE000092B4BD9B0B1079214E0A0EB0803A246C0
:108CF00009FA03F313430493D2E7039B191D1B687E
:108D0000002B0391BBBF5B4242F002020793079323
:108D1000B8BF049223782E2B0AD163782A2B32D144
:108D2000039B02341A1D1B6843EAE3730392059305
:108D3000DFF8B4A003222178504601F0A5FA38B13B
:108D4000A0EB0A004022049B0134824013430493A9
:108D500014F8011B062225488DF8281001F094FA1A
:108D6000002836D0224B1BBB039B073323F007039D
:108D700008330393099B334409936AE70CFB0232DF
:108D80000C460120A8E7002301344FF00A0C1946D5
:108D90000593204610F8012B303A092A03D9002BFD
:108DA000C6D00591C4E70CFB012104460123F0E77E
:108DB00003AB2A4604A9384600930E4BAFF300805C
:108DC000421C0646D6D1AB895B063FF52DAF09980C
:108DD0002CE703AB2A4604A938460093054B00F064
:108DE0000BF8EDE7D6D30000DCD30000E0D30000A1
:108DF00000000000EFA000002DE9FF470F7E914624
:108E000080460C46782F9A460C9D01F1430207D804
:108E1000622F0AD8002F00F0E080582F00F0BB80AE
:108E200004F1420684F842703AE0A7F16303152B7F
:108E3000F6D801A151F823F0918E0000A58E000014
:108E4000218E0000218E0000218E0000218E000066
:108E5000A58E0000218E0000218E0000218E0000D2
:108E6000218E0000C18F0000358F0000778F000039
:108E7000218E0000218E0000E38F0000218E000073
:108E8000358F0000218E0000218E00007F8F0000B2
:108E90002B6804F142061A1D1B682A6084F84230D0
:108EA0000123ABE0236829681F0601F10400286054
:108EB00001D50D6803E05E06FBD5B1F90050002D29
:108EC00061687ADA2D200029A16084F843002DDA48
:108ED0006D425E480A231646B5FBF3F103FB1157BA
:108EE000C75D06F8017D2F460D46BB42F4D9082B1D
:108EF0000BD12368DF0708D5236961689942DEBF7B
:108F0000302306F8013C06F1FF36921B22614B46E6
:108F100003AA21464046CDF800A001F043F90130F4
:108F200071D14FF0FF3004B0BDE8F08723F00403A7
:108F30002360CDE72B682068191D2960050601D53F
:108F40001D6802E04106FBD51D886F2F3F4814BF06
:108F50000A230823002184F843106668002EA660C7
:108F6000B9DB216821F004012160002DB3D1002E6E
:108F7000B1D11646BBE7236843F02003236078276E
:108F8000334884F84570296823680E1D2E601E063C
:108F900003D50D6804E02D48F3E75D06F9D50D888B
:108FA000D90744BF43F0200323600DB11023D1E75C
:108FB000236823F020032360F8E724480A23CCE742
:108FC0002B682668181D6169286035061B6801D565
:108FD000196002E07006FBD5198000231646236154
:108FE00095E72B6800211A1D2A601E6862683046CA
:108FF00001F04AF908B1801B6060636823610023B7
:1090000084F8433083E72369324649464046D047D7
:10901000013086D023689B0714D4E068039B9842F4
:10902000B8BF18467FE70123324649464046D0473D
:1090300001303FF476AF0135E36803995B1AAB4228
:10904000F1DCEAE7002504F11906F5E7E7D30000B3
:10905000F8D300007047F0B588B181B1D0F8D8409E
:10906000072C0CD81825661C04FB055705FB0404C7
:10907000C151C4E90823059BA362C0F8D860F0BDC4
:1090800008B5F7F719FC4FF47A7000F06FF8FAE7BB
:1090900010B54FF0FF310446006800F08AF860B167
:1090A000606800F098F84FF47A7000F05FF8FAE723
:1090B000E3680133E36000F054F8A3681B68002BF9
:1090C000F6D0606800F087F84FF47A7000F04EF840
:1090D000FAE710B54FF0FF310446006800F08BF856
:1090E0002074606800F077F84FF0FF31A06800F05E
:1090F00060F8206800F091F86074E06800F06BF8A8
:109100004FF47A7000F032F8FAE7431C19D00028C7
:1091100010DA10F1100F0FD010F10F0F05DA10F167
:10912000160F0CBF0220062070470C30012803D90F
:10913000062000E0FCD17047002914BF0120042064
:1091400070470320704708B528B1D0F8943013B1A8
:10915000D0F89800984700214FF47A70FDF79CFFF3
:10916000F9E708B5FDF788FE002008BD10B500241A
:109170002146FDF791FF204610BD10B5044640B1D1
:10918000D0F8900028B1F9F7A3FB0020C4F89000B4
:1091900010BD0220FCE710B548B1914207D832B1AA
:1091A00000F0AFFCBDE810400021FFF7AEBF022089
:1091B00010BD10B50C4660B14A1C0CBF4FF0FF3318
:1091C00000230A46FDF756F82146BDE81040FFF798
:1091D0009CBF022010BD08B518B1FCF7CDFF0020E0
:1091E00008BD0220FCE708B518B100F083FC0020A0
:1091F00008BD0220FCE710B50C4660B14A1C0CBF4C
:109200004FF0FF3300230A46FCF7F6FD2146BDE888
:109210001040FFF77ABF022010BD08B530B1FCF74F
:10922000BBFEBDE808400021FFF76FBF022008BD6C
:1092300070B530B129B122B11BB100F03CFC002067
:1092400070BD0220FCE710B50B46144668B161B151
:10925000B2F1FF3F0CBF4FF0FF33002300F03BFCA7
:109260002146BDE81040FFF750BF022010BD10B5E9
:109270000B46144668B161B1B2F1FF3F0CBF4FF02D
:10928000FF330023FCF7D2FC2146BDE81040FFF776
:109290003CBF022010BD08B500F09AFA002108BDBD
:1092A0007047F8F707B8836800EBC101B3F5004FCA
:1092B0002CBF51F8220031F81200704700EBC101B9
:1092C0008068B0F5004F2CBF41F8223021F81230F1
:1092D0007047012208B5FFF7E6FFD04008BD83685C
:1092E00000EBC101B3F5004F08D34B681AB143F04E
:1092F00001034B60704723F00103FAE74B881AB172
:1093000043F001034B80704723F00103FAE7530059
:109310000122FFF7D3BF8368481CB3F5004F34BF69
:10932000042308230833A0EBD300B0FA80F0C0F187
:109330001F0070472DE9F0410D4686680446FFF78F
:10934000C8FFB6F5004F014601D3012832D02046B0
:10935000FFF7E1FF04EB80010E6996B90122E36893
:1093600082401343E36002220D612B4629462046CA
:10937000FFF7A4FF032229462046BDE8F041FFF78E
:109380009DBF022231462046FFF78DFF0746034668
:1093900029462046FFF792FF0322334629462046FE
:1093A000FFF78CFF39462B462046FFF787FF022246
:1093B0003146E1E7BDE8F081002070470FB407B502
:1093C00004A951F8040B0191F8F740F803B05DF8D7
:1093D00004EB04B070472DE9F04107468846154676
:1093E0001E461446B44205D30EB1601B08E0237834
:1093F000002BFAD0414614F8010BB8470028F1DAE7
:10940000BDE8F081002383F31188BFF36F8F04233D
:10941000184602DF70470FB407B504A951F8040BD2
:109420000191F8F713F803B05DF804EB04B070474E
:10943000838B13F0070305D10368002B0CBF0020BA
:1094400003207047022B05D1C08BB0FA80F0400991
:1094500080007047012B05D10368002B0CBF002052
:10946000052070470020704710B50C4600B111B9B7
:109470006FF0150010BD081D00F02FF80028F9D17D
:10948000A368032BF6D9F3E72DE9F0410D46074613
:109490001946281D90461E46F8F7C4FE044638B10A
:1094A0003346424629463846A446BDE8F041604767
:1094B000BDE8F08138B50C46054658B151B10B688E
:1094C00043B14B6833B12022002100F0D1FD0020D0
:1094D0002C6138BD6FF01500FBE7034658B14268B8
:1094E00002F00302012A03D0032A04D1026812B158
:1094F0000020986070476FF015007047704700F0CB
:10950000B7BD00F0A8BD01460068F8F7E7BE08B592
:10951000F8F714FFBDE80840F8F714BF0021012058
:10952000F8F7DCBE436F83F30B8870476FF085005C
:10953000704761B662B680F31188BFF36F8F7047D2
:1095400072B6002383F31188BFF36F8FBFF34F8F81
:1095500030BF62B6BFF36F8F704772B6002383F3DC
:109560001188BFF36F8FBFF34F8F20BF80F3118837
:10957000BFF36F8F62B6704740E800F313F4803F8B
:10958000D8B208BF6FF01500704730B50C684B6853
:1095900085B00A894D890094013B24F01F042344BF
:1095A00002F01F0242EA451223F01F0369468DF8BC
:1095B00008200393F9F7FAFA05B030BD4FF0FF30F9
:1095C0007047F8B5069F0469C9B2EFF311862025EC
:1095D00085F31288BFF36F8F0C2505FB0144A56C42
:1095E00005F0070CBCF1010F0CD1A76486F31188BC
:1095F000BFF36F8FC4E91023436853F831309847A5
:109600000020F8BD05F0C005AF4286F31188BFF316
:109610006F8F0CBF6FF077004FF0FF30F1E713B59D
:1096200080240094FFF7CDFF02B010BD0069CBB2DB
:1096300000EB4310002110471046FCF79DBDFAF7E0
:1096400067BEFAF715BE8022F9F734BE43680020E2
:109650005B68DB680B607047436802EA01005B6887
:1096600021EA020158600020996070474368002099
:109670005B6859607047436800205B689960704779
:1096800043685A68136821EA03000B4050600020C9
:1096900093607047FBF798BB30B543681360057A59
:1096A000446804EBC504A34202D36FF0010030BD4F
:1096B0005C798C4201D00833F0E70020F7E743687B
:1096C0001B68D3F83031704743681B68D3F88004B7
:1096D000C3F88004704742681368D3F84C0150B156
:1096E0000020926A12780A70C3F84C01D3F84C211A
:1096F00001229A6270474FF0FF30704713B501AAFC
:109700000446FFF7C9FF002805DB019B2268197991
:109710001868FAF715FA02B010BD38B505460022F0
:109720000121C620F9F75AF9C620F9F727F96C6824
:109730000121E068FFF7E2FF6B6819686369C1F80F
:109740002435E28BA38BA07E1343228C1343628CBF
:109750001343627E9BB20243207E02431343C1F84F
:109760006C3569680B68D3F8002242F48022C3F894
:1097700000220822C3F800254A6A0121C3F83C27C9
:109780000022C3F840271965D3F830110029FBD017
:10979000C3F800256D680021E8682C68FFF7AEFF6C
:1097A0000823C4F800352A7A52B9AB6AC4F80437E2
:1097B0000123C4F80837C4F84C21D4F84C21A36223
:1097C000002038BD08B50220F9F7A2FE002008BD30
:1097D00008B5FBF7E1FC08BD08B5FEF789F948B10B
:1097E000002383F31188BFF36F8F0423184602DF31
:1097F0006FF0040008BD03460020184700F041B98F
:10980000024610B5116891B1B1FA81F3C3F11F009E
:109810000123834021EA0303D2E8EF4F8C4204D1B5
:10982000C2E8EC3FBCF1000FF6D1EBD110BD6FF0F8
:109830000B00FBE710B50368CB40DB0710D4012316
:109840008B40026843EA0201D0E8EF4F944204D112
:10985000C0E8EC1FBCF1000FF6D1F2D1002010BD22
:109860006FF01500FBE7FAF72DBC08B5FAF74EFECE
:10987000BDE80840FAF768BD10B504460846FAF797
:10988000A9FE04EB4004A08AC0F3401010BD10B53F
:1098900004460846FAF79EFE04EB4004A08A10F046
:1098A0001C0018BF012010BD10B504460846FAF789
:1098B00091FE04EB4004A08AC0F3400010BD10B537
:1098C0000446FFF7F1FF10B12046FFF7D5FF00F087
:1098D000010010BD10B504460846FAF77BFE04EB04
:1098E0004004A08A400B10BD70B5044608461646D9
:1098F000FAF770FE083034F810300D46DA0509D555
:10990000C3F3432304EBC3023146284654F83330F3
:1099100052689847A3682BB131462846E268BDE8F3
:109920007040184770BD2DE9F3411746DDE908582E
:10993000019001A80C461E46FAF792FE019B391EC3
:1099400018BF012100EB8300231E18BF0123002E46
:1099500043EA410314BF0C210021002D43EA010317
:1099600014BF4FF470610021B8F1000F43EA010306
:1099700014BF4FF440310021D0F880200B4322EA7D
:10998000030304B124780FB13F787F001C430EB16C
:109990003678B6003C438DB1297809023443B8F1DA
:1099A000000F03D098F800804FEA0848214341EAAD
:1099B0000801C0F8801002B0BDE8F0812946EDE74B
:1099C0001FB50DF10F03019300238DF80F101A46F8
:1099D00019460093FFF7A7FF05B05DF804FB2DE9DA
:1099E000F04700250446884617462E464FF00109E9
:1099F000AA46BE420CD1D4F8443133B10023C4F896
:109A00004431D4F8443145F400352846BDE8F087A8
:109A1000F0B2FAF757FEA0F580739B0809FA03F33A
:109A200018EA030F05D022581AB144F800A02258B2
:109A30001D430136DDE738B504460D46FFF71CFF30
:109A4000B0B12046FFF730FF90B92046FFF742FF44
:109A5000012322688340C2F81833236800B203EB65
:109A60008003D3F8102522F00302C3F8102538BD77
:109A70002846BDE838400021FFF7A2BFC9B2FBF776
:109A8000CFBD08B1F9F7A8BB704740B1C36858789B
:109A900010F001001EBF1878B0FA80F0400970473E
:109AA000EFF31183202383F31288BFF36F8FFEE758
:109AB00008B5FFF7F5FFC0E9032303FB02120023FB
:109AC000C0E90621C0E9000041610162436280F8FB
:109AD00028308360704713B501240094FBF7C2FF60
:109AE00002B010BD90F90E308B4201D0FCF752BF8E
:109AF0000020704703460020C3E90033C3E9020099
:109B000070473AB18A4205D3C0E90212C0E90000A9
:109B1000002070476FF015007047EFF305800038A4
:109B200018BF01207047D0E9003213605A6000234B
:109B3000C0E90033704738B504460D46FCF75AFDBE
:109B4000637B43F002036373E5B1A5602B689D421C
:109B500009D16B68C4E900531C606C6012E06A684C
:109B60009A42F6D01B68002BF3D094F90E2093F99B
:109B70000E108A42F3D09142F1DD5A68C4E90032F6
:109B800014605C6038BD01211838FCF729BE08B5A7
:109B900040F2E733C117C0184FF47A724FF0000358
:109BA00041F10001F6F76AFCC117FDF7EFF94FF438
:109BB0007A73584308BD08B50246FDF7ABFC70B197
:109BC000D0E904319B1A61EBE272B3F1004F72F1FC
:109BD000000104DA002AACBF1846002008BD6FF06F
:109BE0000040FBE708B5FDF79FFE08BD704710B4C5
:109BF00000F10C04C0E903440024446110BCF7F7F1
:109C00007BBB10B50446406A10B1A16A00F029F888
:109C10000020C4E9090010BD38B50546FFF7F1FF83
:109C20002B7F0446012B0ED0023B012B0ED82B6A52
:109C3000012B18BF6FF096042C220021284600F05B
:109C400017FA204638BD2B6A002BF2E76FF0960416
:109C5000F2E7FEF759B870470020704700207047C0
:109C6000704710B5044608B1FDF7ECFF2046BDE88B
:109C70001040FDF7E1BF0A2840DCC31C22DA10F1D6
:109C8000400F47D010F13F0F2BDA10F1410F44D0B5
:109C900010F1550F44D010F1490F08BF6FF0840048
:109CA00018BF6FF08600704709282AD8DFE800F057
:109CB0000529290816293829292F6FF0980070479F
:109CC00000207047C31C0D2B1BD8DFE803F0072FC3
:109CD0001A1C1A1A1A1A1A1A1D1A1A1D6FF0850060
:109CE000704710F1210F1ED00BDB10F1200F1DD09B
:109CF00010F1100F08BF6FF09400D1E76438092805
:109D0000D2D96FF0860070476FF0940070476FF003
:109D10008C0070476FF0840070476FF089007047C7
:109D20006FF0930070476FF0880070476FF09200FB
:109D3000704710B501380A44914200D110BD10F8A7
:109D4000013F11F8014B63400370F5E70144814284
:109D500000D1704711F8013D1A440A70120AF6E763
:109D600010B58B4294BFC4184418A04200D110BD56
:109D700000F8012BF9E700231A4682B001908B42CC
:109D800001D102B070470198C2540133F7E707B51B
:109D900001A9FEF77BF8003818BF012003B05DF879
:109DA00004FBF7B506460D46202D2F46A8BF2027F9
:109DB00000216846FEF772FB044670B93A46314608
:109DC0006846FEF7BDFB10F1520F044608D0431C55
:109DD000F4D0684600F0B5F834B1204603B0F0BDC9
:109DE000684600F0AEF8E3E7EC1B3E44F5D02546AC
:109DF000DAE7CA0448BF41F480618B0448BF41F4EC
:109E000000618160704730B589B0054618220C4664
:109E100001A8002100F02CF9012344EA052401A93E
:109E2000BA2007940593FDF7D1FF002818BF6FF003
:109E3000920009B030BDF7B5BA2001A9FEF726F8A7
:109E4000044610B1002003B0F0BD019D2F0AEDB211
:109E5000AC4205D1BA20FDF7FFFF0028F2D008E0A0
:109E6000E6193046FDF7F8FF30B13046FFF78FFFB7
:109E700010B96FF09200E6E70134E9E708B5F82081
:109E8000FFF785FF18B9F920FFF781FF10B16FF0D8
:109E9000920008BDF820FDF7D1FF0028F7D1F92086
:109EA000FDF7CCFF0028F4D0F1E738B5BFF35F8FA2
:109EB0004FF0A344E569BFF35F8FBFF35F8F1023BB
:109EC0006363BFF35F8F012000F08AF8BFF35F8FF9
:109ED00000236363BFF35F8FBFF35F8FE36BBFF359
:109EE0005F8F5B06F8D425B1BFF35F8FE561BFF3E9
:109EF0005F8F38BD08B5FEF72BFC30B9BFF35F8F1D
:109F00004FF0A343986ABFF35F8FBFF35F8F4FF0AB
:109F1000A342D36BBFF35F8F10F0240F03F0230332
:109F200004D0FFF7C2FF6FF01F0008BD4FF0FF30F5
:109F3000002BFAD1BFF35F8F1063BFF35F8F18461A
:109F4000F3E710B5037804461BB1FDF7A7FE002325
:109F50002370002010BD022203689A607047C0F38E
:109F60000B03482B4B6028BF482310F4003F8B6045
:109F700008BF0023CB6010F4803308BFC1E9013370
:109F800000F47003B3F5700F14BF00238B68002832
:109F90004FF0010C4FF008028B60B8BF0023C1E9FD
:109FA00005C2B8BFC1E905337047FBF7F5BF4FF0F5
:109FB000FF324FF0FF33FBF71FBFFEF739BD07B588
:109FC0004FF0FF334FF0FF32CDE90023002200F0C5
:109FD0002FF803B05DF804FB00F026B800F020B8BD
:109FE000FFF7D5BD10B54B68D0E9194212F0010F4B
:109FF00003EA040301D09C4210D17BB143665207AF
:10A0000044BF8A681A430B6848BF8A60036601230D
:10A01000086080F86C301830FDF786FB002010BD1A
:10A020004FF0FF32FEF70EBC0A460021FEF70ABCD5
:10A030005200FEF75BBC0139024410B5904201D1D9
:10A04000002005E0037811F8014FA34201D0181B4E
:10A0500010BD0130F2E70A44431E914200D170471F
:10A0600010B511F8014B914203F8014FF9D110BD21
:10A0700002440346934200D1704703F8011BF9E7FD
:10A080000246014410B58A42134603D01C780132BF
:10A09000002CF8D1181A10BD30B514469BB00546F7
:10A0A0001A46002C05DA8B2303604FF0FF301BB0FB
:10A0B00030BD4FF40273009104916946ADF80C3045
:10A0C00014BF04F1FF332346029305934FF6FF7349
:10A0D000ADF80E301E9BFEF793FD431CBCBF8B23D7
:10A0E0002B60002CE3D0009B00221A70DFE72DE9E3
:10A0F000F0471F468E6882460C46BE4290460B686B
:10A100002DD8B1F90C2012F4906F26D06569096939
:10A1100005EB4505A3EB01097B1C05EBD5754B440D
:10A120006D109D4238BF1D46530527D52946FEF7C1
:10A13000E3FC064660B34A462169FFF78CFFA3891A
:10A1400023F4906343F08003A38126614E4465614C
:10A15000A5EB090526603E46A560BE4200D93E46F5
:10A1600032464146206800F09DF8A36800209B1B02
:10A17000A360236833442360BDE8F0872A4600F0DB
:10A18000ABF806460028E0D121695046FEF76AFC8C
:10A190000C234FF0FF30CAF80030A38943F040038E
:10A1A000A381E9E72DE9F047164698468A680746F5
:10A1B0000B690C46DDF820909342B8BF134633601C
:10A1C00091F843200AB1013333602368990642BFF6
:10A1D000336802333360256815F0060506D104F1B3
:10A1E000190AE36832689B1AAB422BDC94F84330BF
:10A1F0002268003B18BF0123920630D404F14302C9
:10A2000041463846C847013023D023681A3454F8F1
:10A210000A2C03F00603042B0ABF54F80E5C002539
:10A2200033684FF0000608BFED1A54F8123C08BF1F
:10A2300025EAE5759342C4BF9B1AED18B5421AD1C1
:10A24000002008E00123524641463846C847013005
:10A2500003D14FF0FF30BDE8F0870135C1E7E118C9
:10A260005A1C30200233224481F8430094F84510F0
:10A2700082F84310C2E70123224641463846C847C8
:10A280000130E6D00136D9E7C9B20346024410B521
:10A290009342184601D1002003E0047801338C4238
:10A2A000F6D110BD884210B501EB020402D98442F8
:10A2B000234607D8431EA14208D011F8012B03F80A
:10A2C000012FF8E7024401468A4200D110BD13F87D
:10A2D000014D02F8014DF7E7F8B5074615460C4663
:10A2E00021B91146BDE8F840FEF706BC22B9FEF7D9
:10A2F000B9FB00242046F8BD00F013F8A842F9D2BB
:10A3000029463846FEF7F8FB06460028F1D02146DC
:10A310002A46FFF7A0FE214638463446FEF7A2FB48
:10A32000E8E751F8043C181F002BBCBF0B58C018BD
:10A33000704700008C61FF7F010000003131000098
:10A3400000000000D13D00000000000000000000FF
:10A35000A4A30000C5790000000000000000000078
:10A36000DCA3000000000000C0A30000000000000B
:10A37000F8A300000000000014A40000453600000F
:10A3800000000000C59700000000000051300000F0
:10A3900000000000D99700000000000071220000BA
:10A3A0000000000038C4000000AE0000CCAC00008B
:10A3B00094020020E0050020593300000000000056
:10A3C00059C5000028AE0000A8AC0000960200208D
:10A3D0003C060020A53A00000000000065C5000012
:10A3E0003CAE0000A8AC0000980200204806002007
:10A3F000A53A00000000000070C5000050AE00004B
:10A40000A8AC00009A02002054060020A53A0000E3
:10A410000000000084C500007CAE0000E8AC000035
:10A420009C020020600600201B9700000000000036
:10A43000000000001D950000000000001D950000B8
:10A44000000000001D950000000000001D950000A8
:10A45000000000001D950000000000001D95000098
:10A46000000000001D950000000000001D95000088
:10A47000000000001D950000000000001D95000078
:10A48000000000001D950000000000001D95000068
:10A49000000000001D950000000000001D95000058
:10A4A000000000001D950000000000001D95000048
:10A4B000000000001D950000000000001D95000038
:10A4C000000000001D950000000000001D95000028
:10A4D000000000001D950000000000001D95000018
:10A4E000000000001D950000000000001D95000008
:10A4F000000000001D950000000000001D950000F8
:10A50000000000001D950000000000001D950000E7
:10A51000000000001D950000000000001D950000D7
:10A52000000000001D950000000000001D950000C7
:10A53000000000001D950000000000001D950000B7
:10A54000000000001D950000000000001D950000A7
:10A55000000000001D950000000000001D95000097
:10A56000000000001D950000000000001D95000087
:10A57000000000001D950000000000001D95000077
:10A58000000000001D950000000000001D95000067
:10A59000000000001D950000000000001D95000057
:10A5A000000000001D950000000000001D95000047
:10A5B000000000001D950000000000001D95000037
:10A5C000000000001D950000000000001D95000027
:10A5D000000000001D950000000000001D95000017
:10A5E000000000001D950000000000001D95000007
:10A5F000000000001D950000000000001D950000F7
:10A60000000000001D950000000000001D950000E6
:10A61000000000001D950000000000001D950000D6
:10A62000000000001D950000000000001D950000C6
:10A63000000000001D950000000000001D950000B6
:10A64000000000001D950000000000001D950000A6
:10A65000000000001D950000000000001D95000096
:10A66000000000001D950000000000001D95000086
:10A670000000000099860000000000001D95000009
:10A68000000000001D950000000000001D95000066
:10A69000000000001D950000000000001D95000056
:10A6A000000000001D950000000000001D95000046
:10A6B000000000001D950000000000001D95000036
:10A6C000000000001D950000000000001D95000026
:10A6D000000000001D950000000000001D95000016
:10A6E000000000001D950000000000001D95000006
:10A6F000000000001D950000000000001D950000F6
:10A70000000000001D950000000000001D950000E5
:10A71000000000001D950000000000001D950000D5
:10A72000000000001D950000000000001D950000C5
:10A73000000000001D950000000000001D950000B5
:10A74000000000001D950000000000001D950000A5
:10A75000000000001D950000000000001D95000095
:10A76000000000001D950000000000001D95000085
:10A77000000000001D950000000000001D95000075
:10A78000000000001D950000000000001D95000065
:10A79000000000001D950000000000001D95000055
:10A7A000000000001D950000000000001D95000045
:10A7B000000000001D950000000000001D95000035
:10A7C000000000001D950000000000001D95000025
:10A7D000000000001D950000000000001D95000015
:10A7E000000000001D950000000000001D95000005
:10A7F000000000001D950000000000001D950000F5
:10A80000000000001D950000000000001D950000E4
:10A81000000000001D950000000000001D950000D4
:10A82000000000001D950000000000001D950000C4
:10A83000000000001D950000000000001D950000B4
:10A84000000000001D950000000000001D950000A4
:10A85000000000001D950000000000001D95000094
:10A86000000000001D950000000000001D95000084
:10A87000000000001D950000000000001D95000074
:10A88000000000001D950000000000001D95000064
:10A89000000000001D950000000000001D95000054
:10A8A000000000001D950000000000001D95000044
:10A8B000000000001D950000000000001D95000034
:10A8C000000000001D950000000000001D95000024
:10A8D000000000001D950000000000001D95000014
:10A8E000000000001D950000000000001D95000004
:10A8F000000000001D950000000000001D950000F4
:10A90000000000001D950000000000001D950000E3
:10A91000000000001D950000000000001D950000D3
:10A92000000000001D950000000000001D950000C3
:10A93000000000001D950000000000001D950000B3
:10A94000000000001D950000000000001D950000A3
:10A95000000000001D950000000000001D95000093
:10A96000000000001D950000000000001D95000083
:10A97000000000001D950000000000001D95000073
:10A98000000000001D950000000000001D95000063
:10A99000000000001D950000000000001D95000053
:10A9A000000000001D950000000000001D95000043
:10A9B000000000001D950000000000001D95000033
:10A9C000000000001D950000000000001D95000023
:10A9D000000000001D950000000000001D95000013
:10A9E000000000001D950000000000001D95000003
:10A9F000000000001D950000000000001D950000F3
:10AA0000000000001D950000000000001D950000E2
:10AA1000000000001D950000000000001D950000D2
:10AA2000000000001D950000000000001D950000C2
:10AA3000000000001D950000000000001D950000B2
:10AA4000000000001D950000000000001D950000A2
:10AA5000000000001D950000000000001D95000092
:10AA600014A40000BF960000000000001D95000027
:10AA7000000000001D950000000000001D95000072
:10AA8000000000001D950000000000001D95000062
:10AA9000000000001D950000000000001D95000052
:10AAA000000000001D950000000000001D95000042
:10AAB000000000001D950000000000001D95000032
:10AAC000000000001D950000000000001D95000022
:10AAD000000000001D950000000000001D95000012
:10AAE000000000001D950000000000001D95000002
:10AAF000000000001D950000000000001D950000F2
:10AB0000000000001D9500007001002095960000D7
:10AB1000000000001D950000000000001D950000D1
:10AB2000000000001D950000000000001D950000C1
:10AB3000000000001D950000000000001D950000B1
:10AB4000000000001D950000000000001D950000A1
:10AB500029550000F7970000000000001D95000037
:10AB6000000000001D950000000000001D95000081
:10AB7000000000001D950000000000001D95000071
:10AB8000000000001D950000000000001D95000061
:10AB9000000000001D950000000000001D95000051
:10ABA000000000001D950000000000001D95000041
:10ABB000000000001D950000000000001D95000031
:10ABC000000000001D950000000000001D95000021
:10ABD000000000001D950000000000001D95000011
:10ABE000000000001D950000000000001D95000001
:10ABF000000000001D950000000000001D950000F1
:10AC0000000000001D950000000000001D950000E0
:10AC1000000000001D950000000000001D950000D0
:10AC2000000000001D950000000000001D950000C0
:10AC3000000000001D950000000000001D950000B0
:10AC4000000000001D950000000000001D950000A0
:10AC5000000000001D9500006B980000F7970000B1
:10AC6000000000001D950000000000001D95000080
:10AC7000000000001D950000000000001D95000070
:10AC8000000000001D950000000000001D95000060
:10AC9000000000001D950000F800002095960000BF
:10ACA000000000001D950000953800004D96000042
:10ACB000599600006D96000077960000819600007E
:10ACC000893700009536000000000000B133000015
:10ACD000479600001F960000000000007D32000033
:10ACE0000000000000000000D7960000C53C0000F6
:04ACF000C996000001
:10AD000000A0105000820D50000405500500000006
:10AD1000040000000100000000000000000000002E
:10AD20000338FDD87047000000000000000000005C
:10AD30000338FDD8704700003BAF000040AF000073
:10AD400045AF000051AF0000BDB20000CCB2000022
:10AD5000E9B20000CD0A0000E0B40000F9B4000040
:10AD600013B500006D0E000018B500002CB50000F2
:10AD700013B50000810D00004AB500005CB500006D
:10AD800013B50000910C000000B6000013B60000DF
:10AD900032B60000AD0F0000EFB60000FEB60000B6
:10ADA0001DB70000F9100000A4B70000ABB7000009
:10ADB0000101010101010101000000010101000088
:10ADC00060000020000000000600010002000000FA
:10ADD000D4AD00000000000084C2000006000000A6
:10ADE000E04F1600000000208CC20000210000008F
:10ADF000E0EF02200D3200003133000000000000BF
:10AE00009934000049320000439600003F9600004C
:10AE100000A0105000820D50000405507F0000007B
:10AE2000FFFF0100FF0700007F00000000A010509E
:10AE3000F80000200000000000000000FFFF0000FC
:10AE400000820D5070010020000000000100000091
:10AE5000FF07000000040550000000000000000093
:10AE60000200000000A0105000820D5000040550A8
:10AE70007F000000FFFF0100FF07000000600C5092
:10AE80000000000000000000A8AE000000C20100A9
:10AE90000000D6010000000000000040000000009B
:10AEA000020E0020010E002000600C50B4AE000025
:10AEB00001000000BCAE00000400000024000000FF
:10AEC00026000002250600012706000300A01050FE
:10AED00000820D50000405507F000000FFFF0100BC
:10AEE000FF0700000800000002000000040000004E
:10AEF000010000003CA300004CA3000084A300005C
:10AF00008CA300009CA30000A4A30000000101008A
:10AF100000020200001400000028000000400000B1
:10AF200001000000020000006763630031322E322E
:10AF30002E3000494E56414C494400504153530075
:10AF40004641494C00554E535550504F525445447C
:10AF500000534B4950504544006F6B005B4B5642C9
:10AF60005D20424547494E2052554E00302E312E2D
:10AF7000302D70726976617465005B4B56425D20BE
:10AF800056455253494F4E202573005B4B56425D48
:10AF9000204B45524E454C206E616D653D2573201A
:10AFA00076657273696F6E3D2573005B4B56425D2B
:10AFB0002046454154555245532064796E5F74686C
:10AFC00072656164733D25752073656D3D2575203F
:10AFD0006D757465783D2575206D757465785F7045
:10AFE000693D25752071756575653D257520746908
:10AFF0006D65723D257520737461636B5F67756164
:10B0000072643D2575206E756C6C5F636865636B5B
:10B010003D257520696E76616C69645F6F626A3D7B
:10B020002575005B4B56425D20504C4154464F52B3
:10B030004D20626F6172643D2573206370753D25FC
:10B040007320636C6F636B5F687A3D25752063794D
:10B05000636C655F687A3D2575207469636B5F6812
:10B060007A3D257520636F6D70696C65723D25733F
:10B070002076657273696F6E3D22257322005B4BEB
:10B0800056425D20424547494E2069643D25732064
:10B0900067726F75703D2573206E616D653D222569
:10B0A0007322005B4B56425D20524553554C542051
:10B0B00069643D25732067726F75703D2573207339
:10B0C000746174653D2573206D6573736167653DBB
:10B0D00022257322005B4B56425D204D4554524958
:10B0E000432069643D2573206E616D653D257320A5
:10B0F00076616C75653D256C6420756E69743D25BF
:10B1000073005B4B56425D20454E442069643D25EB
:10B11000732073746174653D2573005B4B56425D0B
:10B120002053554D4D41525920706173733D257523
:10B13000206661696C3D257520756E737570706F42
:10B14000727465643D257520736B69707065643D2C
:10B15000257520696E76616C69643D257520746F74
:10B1600074616C3D2575005B4B56425D20454E4435
:10B170002052554E0073746172742073656D617056
:10B18000686F726520637265617465206661696CC1
:10B19000656400646F6E652073656D6170686F72C1
:10B1A0006520637265617465206661696C65640021
:10B1B000776F726B65722074687265616420637268
:10B1C00065617465206661696C65640073746172A1
:10B1D000742073656D6170686F726520706F737431
:10B1E000206661696C6564006D6561737572656D7B
:10B1F000656E7420736C656570206661696C65644A
:10B2000000776F726B657220646964206E6F7420C2
:10B2100066696E69736800776F726B657220746817
:10B220007265616420646964206E6F742072756E4B
:10B2300000636F6F70657261746976652079696506
:10B240006C642062656E63686D61726B2076616C00
:10B250006964006B76625F73636865645F776F72C1
:10B260006B657200776F726B6572730074687265DC
:10B2700061647300746F74616C5F7969656C647389
:10B28000006D696E5F7468726561645F636F756E8F
:10B290007400697465726174696F6E73006D6178B2
:10B2A0005F7468726561645F636F756E74006D656D
:10B2B00061737572656D656E745F6D73005343489D
:10B2C00045445F434F4F505F30303100636F6F70C4
:10B2D00065726174697665207969656C642074684B
:10B2E000726F756768707574005343484544007306
:10B2F000656D6170686F7265207761697420666141
:10B30000696C65640073656D6170686F7265207744
:10B310006169742F706F737420666173742070613B
:10B3200074682076616C6964006F7065726174691D
:10B330006F6E7300656C61707365645F7573007028
:10B34000616972735F7065725F736563006D7574B8
:10B35000657820637265617465206661696C6564F7
:10B36000006D75746578206C6F636B206661696C25
:10B370006564006D7574657820756E6C6F636B2005
:10B380006661696C6564006D75746578206C6F63C7
:10B390006B2F756E6C6F636B2066617374207061C8
:10B3A00074682076616C6964006C6F636B656420FF
:10B3B00073656D6170686F72652063726561746535
:10B3C000206661696C65640072656C6561736520F7
:10B3D00073656D6170686F72652063726561746515
:10B3E000206661696C6564006F776E6572207468B1
:10B3F0007265616420637265617465206661696C61
:10B400006564006F776E657220646964206E6F7486
:10B41000206C6F636B206D75746578006F776E6557
:10B4200072206661696C656420746F206C6F636B59
:10B43000206D75746578006E6F6E2D6F776E657216
:10B44000206D7574657820756E6C6F636B207375F5
:10B4500063636565646564006F776E657220646917
:10B4600064206E6F742066696E697368006F776E12
:10B470006572206661696C656420746F20756E6CFE
:10B480006F636B206D7574657820616674657220DA
:10B490006F776E6572736869702074657374006E7F
:10B4A0006F6E2D6F776E6572206D7574657820757F
:10B4B0006E6C6F636B2072656A6563746564006BA4
:10B4C00076625F6D757465785F6F776E6572006E1A
:10B4D0006F6E5F6F776E65725F7374617475730002
:10B4E00053594E435F4D555445585F4F574E455243
:10B4F000534849505F303031006D75746578207560
:10B500006E6C6F636B206279206E6F6E2D6F776E3D
:10B5100065720053594E430053594E435F4D555485
:10B5200045585F464153545F30303100756E636F4C
:10B530006E74656E646564206D75746578206C6FDB
:10B54000636B2F756E6C6F636B0053594E435F5383
:10B55000454D5F464153545F30303100756E636F27
:10B560006E74656E6465642073656D6170686F727A
:10B570006520776169742F706F73740071756575DC
:10B580006520637265617465206661696C6564003D
:10B5900071756575652073656E64206661696C659B
:10B5A00064007175657565207265636569766520EF
:10B5B0006661696C65640071756575652070617997
:10B5C0006C6F6164206D69736D617463680071757F
:10B5D000657565206661737420706174682070728F
:10B5E00065736572766573207061796C6F61640054
:10B5F00073656E645F726563765F70616972730014
:10B600004950435F51554555455F464153545F305E
:10B6100030310071756575652073656E642F7265D4
:10B6200063656976652073616D6520746872656114
:10B6300064004950430074687265616420736C65EE
:10B640006570206661696C656400706C6174666F1A
:10B65000726D206D6963726F7365636F6E642073C2
:10B660006F7572636520756E617661696C61626C7D
:10B670006500736C6565702072657475726E6564C3
:10B68000206561726C696572207468616E206D69F5
:10B690006E696D756D207469636B2D70686173657B
:10B6A00020626F756E6400736C65657020647572DE
:10B6B0006174696F6E2076616C6964007265717582
:10B6C00065737465645F7469636B73007469636B3D
:10B6D0005F7573006E6F6D696E616C5F7573006D81
:10B6E000696E5F65787065637465645F7573005437
:10B6F000494D455F534C4545505F303031007468CB
:10B700007265616420736C65657020647572617424
:10B71000696F6E2061636375726163790054494D8E
:10B720004500574553545F544F504449522F7A6552
:10B73000706879722F696E636C7564652F7A6570B5
:10B740006879722F6B65726E656C2E6800216B5F75
:10B7500069735F7072655F6B65726E656C28290036
:10B76000415353455254494F4E204641494C205B6A
:10B7700025735D20402025733A25640A00096B5F1C
:10B7800063757272656E745F6765742063616C6C5B
:10B790006564207072652D6B65726E656C0A000EB3
:10B7A0000B0703005A657068797200342E332E3906
:10B7B0003900252E2A73006E524635344C31352D12
:10B7C000444B00436F727465782D4D333320402015
:10B7D000313238204D487A20286E524635344C316B
:10B7E000352900574553545F544F504449522F7ADE
:10B7F00065706879722F6C69622F686561702F6857
:10B800006561702E63006368756E6B5F7573656448
:10B8100028682C2063290009756E6578706563744B
:10B8200065642068656170207374617465202864A4
:10B830006F75626C652D667265653F2920666F7253
:10B84000206D656D6F72792061742025700A006C1F
:10B850006566745F6368756E6B28682C2072696713
:10B8600068745F6368756E6B28682C2063292920D3
:10B870003D3D20630009636F7272757074656420CA
:10B880006865617020626F756E64732028627566EA
:10B89000666572206F766572666C6F773F292066E9
:10B8A0006F72206D656D6F72792061742025700A4A
:10B8B000006279746573203E20686561705F666F11
:10B8C0006F7465725F6279746573286279746573E9
:10B8D000290009686561702073697A6520697320A1
:10B8E000746F6F20736D616C6C0A00686561705FC6
:10B8F000737A203E206368756E6B737A2873697A59
:10B90000656F6628737472756374207A5F68656109
:10B91000702929006368756E6B305F73697A6520E2
:10B920002B206D696E5F6368756E6B5F73697A65F6
:10B93000286829203C3D20686561705F737A002883
:10B940006E696C2900574553545F544F5044495217
:10B950002F7A65706879722F6C69622F7574696CC3
:10B96000732F6F6E6F66662E63007374617465204B
:10B970003D3D20305500217379735F736C6973749A
:10B980005F69735F656D70747928266D67722D3EEF
:10B99000636C69656E747329007472616E73697487
:10B9A00020213D202828766F6964202A293029002B
:10B9B0007374617465203D3D202831554C203C3C1A
:10B9C0002028312929006D67722D3E72656673202B
:10B9D0003D3D2030007374617465203D3D20283169
:10B9E000554C203C3C202830292900574553545FB2
:10B9F000544F504449522F7A65706879722F696E9E
:10BA0000636C7564652F7A65706879722F737069DD
:10BA10006E6C6F636B2E68007A5F7370696E5F7512
:10BA20006E6C6F636B5F76616C6964286C290009CA
:10BA30004E6F74206D79207370696E6C6F636B202C
:10BA400025700A007A5F7370696E5F6C6F636B5F5D
:10BA500076616C6964286C290009496E76616C69AD
:10BA600064207370696E6C6F636B2025700A0057D9
:10BA70004553545F544F504449522F7A657068794A
:10BA8000722F6C69622F7574696C732F6E6F746995
:10BA900066792E63002A2A2A20426F6F74696E67C6
:10BAA000206E524620436F6E6E6563742053444B84
:10BAB0002076332E332E302D62613136376439666D
:10BAC00033646234202A2A2A0A002A2A2A2055733B
:10BAD000696E67205A6570687972204F53207634FA
:10BAE0002E332E39392D6664393230346130326468
:10BAF0003532202A2A2A0A0072302F61313A20205A
:10BB0000307825303878202072312F61323A202069
:10BB1000307825303878202072322F61333A202057
:10BB20003078253038780A0072332F61343A20207B
:10BB3000307825303878207231322F69703A2020E1
:10BB4000307825303878207231342F6C723A2020CA
:10BB50003078253038780A0020787073723A2020C7
:10BB60003078253038780A004661756C74696E67E4
:10BB700020696E737472756374696F6E206164649A
:10BB80007265737320287231352F7063293A203023
:10BB900078253038780A00556E68616E646C65648B
:10BBA000204952516E3A2025640A002A2A2A2A2A5C
:10BBB000205553414745204641554C54202A2A2AB6
:10BBC0002A2A0A0020204469766973696F6E206210
:10BBD00079207A65726F0A002020556E616C696762
:10BBE0006E6564206D656D6F727920616363657346
:10BBF000730A002020537461636B206F7665726650
:10BC00006C6F772028636F6E74657874206172653D
:10BC100061206E6F742076616C6964290A002020AF
:10BC20004E6F20636F70726F636573736F722069FC
:10BC30006E737472756374696F6E730A00202049A5
:10BC40006C6C6567616C206C6F6164206F66204569
:10BC500058435F52455455524E20696E746F2050C0
:10BC6000430A002020496C6C6567616C2075736520
:10BC7000206F662074686520455053520A002020CA
:10BC8000417474656D707420746F20657865637598
:10BC9000746520756E646566696E656420696E738F
:10BCA0007472756374696F6E0A002A2A2A2A2A2020
:10BCB000425553204641554C54202A2A2A2A2A0A02
:10BCC000002020537461636B696E67206572726F28
:10BCD000720A002020556E737461636B696E672071
:10BCE0006572726F720A0020205072656369736515
:10BCF000206461746120627573206572726F720ACC
:10BD00000020204246415220416464726573733AB8
:10BD100020307825780A002020496D7072656369AB
:10BD20007365206461746120627573206572726F3F
:10BD3000720A002020496E737472756374696F6EA5
:10BD400020627573206572726F720A002020466C43
:10BD50006F6174696E672D706F696E74206C617AA3
:10BD60007920737461746520707265736572766191
:10BD700074696F6E206572726F720A002A2A2A2A0D
:10BD80002A204D5055204641554C54202A2A2A2A13
:10BD90002A0A002020537461636B696E6720657204
:10BDA000726F722028636F6E74657874206172659B
:10BDB00061206D69676874206265206E6F742076FB
:10BDC000616C6964290A0020204461746120416328
:10BDD000636573732056696F6C6174696F6E0A00D6
:10BDE00020204D4D46415220416464726573733A80
:10BDF00020307825780A002020496E7374727563AC
:10BE000074696F6E204163636573732056696F6C4C
:10BE10006174696F6E0A00574553545F544F504424
:10BE200049522F7A65706879722F617263682F6149
:10BE3000726D2F636F72652F636F727465785F6DBB
:10BE40002F6661756C742E630021282828534342A5
:10BE50005F54797065202A292028283078453030B1
:10BE60003045303030554C29202B2030783044304C
:10BE700030554C2920292D3E434653522026202858
:10BE800031554C203C3C20283055202B203455295E
:10BE900029290009537461636B696E67206F7220F2
:10BEA00044617461204163636573732056696F6CEC
:10BEB0006174696F6E206572726F72207769746841
:10BEC0006F757420737461636B2067756172642C85
:10BED00020757365722D6D6F6465206F72206E75AD
:10BEE0006C6C2D706F696E74657220646574656327
:10BEF00074696F6E0A0A0052657365727665642014
:10BF0000457863657074696F6E2028005370757290
:10BF1000696F757320696E7465727275707420280C
:10BF20004952512000535053454C20696E2074688B
:10BF300072656164206D6F646520646F6573206E47
:10BF40006F7420696E646963617465205053500A90
:10BF50000065736620213D202828766F6964202AB9
:10BF6000293029000945534620636F756C64206EA3
:10BF70006F742062652072657472696576656420ED
:10BF80007375636365737366756C6C792E20536883
:10BF9000616C6C206E65766572206F636375722EBE
:10BFA0000A002A2A2A2A2A2048415244204641557A
:10BFB0004C54202A2A2A2A2A0A002020427573205B
:10BFC0006661756C74206F6E20766563746F722085
:10BFD0007461626C6520726561640A0020204465AA
:10BFE000627567206576656E740A0020204661756B
:10BFF0006C7420657363616C6174696F6E20287363
:10C0000065652062656C6F77290A00415243485F7D
:10C0100045584345505420776974682072656173B0
:10C020006F6E2025780A0A00094661756C742065D8
:10C030007363616C6174696F6E20776974686F7582
:10C04000742046535220696E666F0A000948617277
:10C05000644661756C7420776974686F75742048E4
:10C0600046535220696E666F205368616C6C206E77
:10C0700065766572206F636375720A002A2A2A2A20
:10C080002A204465627567206D6F6E69746F722037
:10C09000657863657074696F6E202A2A2A2A2A0AD5
:10C0A000002A2A2A2A2A20257320256429202A2AC0
:10C0B0002A2A2A0A00574553545F544F5044495284
:10C0C0002F7A65706879722F617263682F61726D63
:10C0D0002F636F72652F636F727465785F6D2F6960
:10C0E00072715F6D616E6167652E63007072696F5A
:10C0F000203C3D20282831554C203C3C2028332929
:10C1000029202D2031290009696E76616C6964202F
:10C110007072696F7269747920256420666F72206D
:10C12000256420697271212076616C756573206DBC
:10C13000757374206265206C657373207468616E1A
:10C1400020256C750A0A00574553545F544F5044DC
:10C1500049522F7A65706879722F617263682F6116
:10C16000726D2F636F72652F6D70752F61726D5FC9
:10C170006D70752E630009436F6E6669677572692D
:10C180006E6720257520737461746963204D505566
:10C1900020726567696F6E73206661696C65640AF9
:10C1A0000A00094D61726B696E6720257520617206
:10C1B00065617320666F722064796E616D696320BA
:10C1C000726567696F6E73206661696C65640A0ADF
:10C1D00000095265717565737420746F20636F6E0A
:10C1E0006669677572653A20257520726567696FA3
:10C1F0006E732028737570706F727465643A2025B1
:10C2000075290A0A002128726567696F6E5B696487
:10C21000785D2E64745F6174747220262028315515
:10C220004C203C3C202830292929000952414D5FEF
:10C230004E4F434143484520776974682044545F1A
:10C240004D454D5F434143484541424C4520617453
:10C25000747269627574650A0A00094661696C65E1
:10C260006420746F20616C6C6F63617465204D5045
:10C270005520726567696F6E732066726F6D20441A
:10C28000540A0A00464C4153485F30005352414D16
:10C290005F3000574553545F544F504449522F7AF2
:10C2A00065706879722F6C69622F6C6962632F6E9A
:10C2B00065776C69622F6C6962632D686F6F6B7351
:10C2C0002E63002828282873697A655F742928312D
:10C2D00038382929203C3C20313029202D2028289D
:10C2E0002875696E747074725F742928265F656E94
:10C2F000642929202D2030783230303030303030F1
:10C300002929203E3D203230343800096D656D6F9B
:10C31000727920737061636520617661696C616216
:10C320006C6520666F72206E65776C696220686547
:10C330006170206973206C657373207468616E206E
:10C34000746865206D696E696D756D2072657175B3
:10C35000697265642073697A6520737065636966C4
:10C3600069656420627920434F4E4649475F4E45D8
:10C37000574C49425F4C4942435F4D494E5F5245DD
:10C380005155495245445F484541505F53495A45CC
:10C390000A002A6C6F636B20213D202828766F6984
:10C3A00064202A29302900096E6F6E2D726563752D
:10C3B0007273697665206C6F636B20616C6C6F6360
:10C3C0006174696F6E206661696C65640A00574527
:10C3D00053545F544F504449522F7A6570687972B4
:10C3E0002F647269766572732F636C6F636B5F6322
:10C3F0006F6E74726F6C2F636C6F636B5F636F6EC5
:10C4000074726F6C5F6E72662E6300747970652053
:10C410003C20434C4F434B5F434F4E54524F4C5F75
:10C420004E52465F545950455F434F554E54006538
:10C430007272203E3D203000636C6F636B40313080
:10C440006530303000574553545F544F5044495283
:10C450002F7A65706879722F696E636C7564652FC9
:10C460007A65706879722F647269766572732F6766
:10C4700070696F2F6770696F5F7574696C732E6870
:10C480000063616C6C6261636B00094E6F206361D5
:10C490006C6C6261636B210A0063616C6C62616346
:10C4A0006B2D3E68616E646C657200094E6F20638F
:10C4B000616C6C6261636B2068616E646C65722193
:10C4C0000A00574553545F544F504449522F6D6FE3
:10C4D00064756C65732F68616C2F6E6F726469632D
:10C4E0002F6E7266782F68616C2F6E72665F677050
:10C4F000696F2E68006E72665F6770696F5F706942
:10C500006E5F70726573656E745F636865636B28D8
:10C510002A705F70696E2900574553545F544F501D
:10C520004449522F7A65706879722F647269766512
:10C5300072732F6770696F2F6770696F5F6E7266B5
:10C54000782E6300657272203D3D20300063622DBD
:10C550003E68616E646C6572006770696F4031306F
:10C5600061303030006770696F40643832303000BD
:10C570006770696F403530343030000001040502C7
:10C580000608090F75617274406336303030005709
:10C590004553545F544F504449522F6D6F64756C2E
:10C5A00065732F68616C2F6E6F726469632F6E7292
:10C5B00066782F647269766572732F7372632F6E5B
:10C5C0007266785F636C6F636B2E63006D5F636C84
:10C5D0006F636B5F63622E6D6F64756C655F696E10
:10C5E000697469616C697A656400574553545F5496
:10C5F0004F504449522F6D6F64756C65732F68619D
:10C600006C2F6E6F726469632F6E7266782F64721E
:10C6100069766572732F7372632F6E7266785F63CB
:10C620006C6F636B5F6C66636C6B2E630057455376
:10C63000545F544F504449522F6D6F64756C65734D
:10C640002F68616C2F6E6F726469632F6E726678EB
:10C650002F647269766572732F7372632F6E7266C0
:10C66000785F636C6F636B5F786F2E630057455321
:10C67000545F544F504449522F6D6F64756C65730D
:10C680002F68616C2F6E6F726469632F6E726678AB
:10C690002F68616C2F6E72665F6770696F74652EAC
:10C6A0006800696E646578203C2038005745535413
:10C6B0005F544F504449522F6D6F64756C65732FF2
:10C6C00068616C2F6E6F726469632F6E7266782F6B
:10C6D000647269766572732F7372632F6E726678F7
:10C6E0005F6770696F74652E6300705F696E737445
:10C6F000616E636500705F6368616E6E656C00708B
:10C70000696E5F6861735F747269676765722870CC
:10C710005F696E7374616E63652C2070696E2900A9
:10C72000696E745F656E61626C6500000718232393
:10C7300023232323232323232323230001025745D9
:10C7400053545F544F504449522F6D6F64756C655C
:10C75000732F68616C2F6E6F726469632F6E7266DF
:10C76000782F68616C2F6E72665F677274632E68D3
:10C770000076616C7565203C3D202828307846465F
:10C780004646554C203C3C202830554C2929203E1B
:10C790003E202830554C29290076616C7565203C77
:10C7A0003D20282830784646554C203C3C202830F7
:10C7B000554C2929203E3E202830554C292900631C
:10C7C000635F6368616E6E656C203C202831325572
:10C7D0004C2900574553545F544F504449522F6DD4
:10C7E0006F64756C65732F68616C2F6E6F7264690E
:10C7F000632F6E7266782F647269766572732F7319
:10C8000072632F6E7266785F677274632E63007056
:10C810005F6368616E5F64617461002863635F6376
:10C8200068616E6E656C203C20283132554C292998
:10C83000202626202876616C7565203C3D20283016
:10C84000783746464646464646554C203C3C2028CE
:10C8500030554C2929290063635F68203C3D20281E
:10C8600030784646464646554C203C3C20283055BC
:10C870004C2929006D5F63622E7374617465203DDD
:10C880003D204E5246585F4452565F5354415445E2
:10C890005F494E495449414C495A454400737973A4
:10C8A000636F756E7465725F636865636B28636838
:10C8B000616E6E656C29203D3D2030006D5F6362C6
:10C8C0002E6368616E6E656C5F646174615B695D47
:10C8D0002E6368616E6E656C203D3D206964780052
:10C8E000574553545F544F504449522F6D6F6475F0
:10C8F0006C65732F68616C2F6E6F726469632F6E45
:10C900007266782F68616C2F6E72665F7272616DED
:10C91000632E6800705F636F6E6669672D3E777285
:10C920006974655F627566665F73697A65203C3D10
:10C93000202830783230554C2900574553545F54E5
:10C940004F504449522F7A65706879722F6B657227
:10C950006E656C2F6465766963652E630072632073
:10C960003E3D202D283078666629202626207263D9
:10C97000203C2030000964657669636520257320BA
:10C98000696E69743A20696E76616C6964206572BB
:10C99000726F7220282564290A00574553545F544A
:10C9A0004F504449522F7A65706879722F6B6572C7
:10C9B0006E656C2F666174616C2E630072656173C5
:10C9C0006F6E20213D204B5F4552525F4B45524ECA
:10C9D000454C5F50414E49430009417474656D7088
:10C9E00074656420746F207265636F76657220666B
:10C9F000726F6D2061206B65726E656C2070616E68
:10CA0000696320636F6E646974696F6E0A0009411F
:10CA10007474656D7074656420746F207265636FE3
:10CA20007665722066726F6D206120666174616C3C
:10CA3000206572726F7220696E204953520A005746
:10CA40004553545F544F504449522F7A657068796A
:10CA5000722F6B65726E656C2F696E69742E630040
:10CA60007468726561645F64617461203C3D205F3D
:10CA70005F7374617469635F7468726561645F6435
:10CA80006174615F6C6973745F656E640009756ED3
:10CA90006578706563746564206C69737420656E75
:10CAA00064206C6F636174696F6E0A006465762040
:10CAB0003C3D205F6465766963655F6C6973745F94
:10CAC000656E64006D61696E00574553545F544F45
:10CAD000504449522F7A65706879722F6B65726E77
:10CAE000656C2F69646C652E63005F6B65726E65A3
:10CAF0006C2E637075735B305D2E63757272656E3C
:10CB0000742D3E626173652E7072696F203E3D2008
:10CB10003000574553545F544F504449522F7A6563
:10CB2000706879722F6B65726E656C2F696E636CBD
:10CB30007564652F6B73636865642E680074687232
:10CB40006561642D3E626173652E70656E64656417
:10CB50005F6F6E00574553545F544F504449522FF6
:10CB60007A65706879722F6B65726E656C2F6D7364
:10CB7000675F712E630021617263685F69735F692B
:10CB80006E5F6973722829207C7C20282874696D67
:10CB9000656F7574292E7469636B73203D3D202881
:10CBA00028286B5F74696D656F75745F74297B30BD
:10CBB0007D29292E7469636B732900090A0021619C
:10CBC0007263685F6972715F756E6C6F636B6564C9
:10CBD000286B657929006D7367712D3E77726974D2
:10CBE000655F707472203E3D206D7367712D3E62EB
:10CBF00075666665725F7374617274202626206D97
:10CC00007367712D3E77726974655F707472203C32
:10CC1000206D7367712D3E6275666665725F656E25
:10CC20006400574553545F544F504449522F7A651E
:10CC3000706879722F6B65726E656C2F6D75746597
:10CC4000782E630021617263685F69735F696E5F4C
:10CC5000697372282900096D75746578657320639E
:10CC6000616E6E6F74206265207573656420696EF5
:10CC70007369646520495352730A006D7574657851
:10CC80002D3E6C6F636B5F636F756E74203E20305A
:10CC90005500574553545F544F504449522F7A65BD
:10CCA000706879722F6B65726E656C2F73656D2E6F
:10CCB00063002828617263685F69735F696E5F69EA
:10CCC00073722829203D3D203029207C7C20282893
:10CCD00074696D656F7574292E7469636B73203D7B
:10CCE0003D202828286B5F74696D656F75745F74CB
:10CCF000297B307D29292E7469636B73292900579C
:10CD00004553545F544F504449522F7A65706879A7
:10CD1000722F6B65726E656C2F7468726561642E1C
:10CD20006300282828287072696F2929203D3D203A
:10CD30003135202626207A5F69735F69646C655FF0
:10CD40007468726561645F656E7472792828656EB7
:10CD5000747279292929207C7C20282828313520C3
:10CD60002D203129203E3D2028282D313629292902
:10CD70002026262028287072696F2929203E3D2010
:10CD800028282D3136292920262620282870726946
:10CD90006F2929203C3D20283135202D203129299B
:10CDA000290009696E76616C6964207072696F721E
:10CDB00069747920282564293B20616C6C6F776544
:10CDC000642072616E67653A20256420746F2025A7
:10CDD000640A000954687265616473206D6179208A
:10CDE0006E6F74206265206372656174656420698A
:10CDF0006E20495352730A00574553545F544F50A5
:10CE00004449522F7A65706879722F6B65726E652E
:10CE10006C2F73636865642E6300217A5F69735FAA
:10CE200069646C655F7468726561645F6F626A658E
:10CE300063742874687265616429002169735F7482
:10CE400068726561645F64756D6D79287468726578
:10CE500061642900574553545F544F504449522F41
:10CE60007A65706879722F6B65726E656C2F696E6A
:10CE7000636C7564652F6B7468726561642E6800FD
:10CE80005F6B65726E656C2E637075735B305D2EC3
:10CE900063757272656E7420213D202828766F6953
:10CEA00064202A29302900574553545F544F504479
:10CEB00049522F7A65706879722F6B65726E656C56
:10CEC0002F696E636C7564652F6B737761702E6864
:10CED00000617263685F6972715F756E6C6F636B1E
:10CEE0006564286B657929207C7C205F6B65726E98
:10CEF000656C2E637075735B305D2E637572726541
:10CF00006E742D3E626173652E7468726561645F34
:10CF1000737461746520262028282831554C203CE4
:10CF20003C202830292929207C20282831554C20D4
:10CF30003C3C202833292929290009436F6E746558
:10CF4000787420737769746368696E67207768699D
:10CF50006C6520686F6C64696E67206C6F636B2111
:10CF60000A0073697A656F66285F73636865645F3A
:10CF70007370696E6C6F636B29203D3D2030207C9F
:10CF80007C206C6F636B20213D20265F7363686596
:10CF9000645F7370696E6C6F636B005F6B65726E5C
:10CFA000656C2E637075735B305D2E637572726590
:10CFB0006E742D3E626173652E73636865645F6C89
:10CFC0006F636B656420213D203155005F6B657296
:10CFD0006E656C2E637075735B305D2E6375727257
:10CFE000656E742D3E626173652E73636865645F60
:10CFF0006C6F636B656420213D2030550028282824
:10D00000287072696F2929203D3D20313520262660
:10D01000207A5F69735F69646C655F7468726561CB
:10D02000645F656E74727928282828766F69642099
:10D030002A293029292929207C7C202828283135B3
:10D04000202D203129203E3D2028282D3136292928
:10D05000292026262028287072696F2929203E3D24
:10D060002028282D313629292026262028287072AC
:10D07000696F2929203C3D20283135202D20312978
:10D08000292900217465726D696E617465000961FA
:10D09000626F72746564205F63757272656E74206E
:10D0A0006261636B2066726F6D20646561640A0063
:10D0B00021657373656E7469616C000961626F72DA
:10D0C00074656420657373656E7469616C2074683F
:10D0D000726561642025700A00574553545F544FB0
:10D0E000504449522F7A65706879722F6B65726E61
:10D0F000656C2F74696D656F75742E63002173798B
:10D10000735F646E6F64655F69735F6C696E6B6596
:10D11000642826746F2D3E6E6F6465290057455351
:10D12000545F544F504449522F7A65706879722F7A
:10D130006B65726E656C2F6B686561702E6300683D
:10D14000656170203C3D205F6B5F686561705F6C5E
:10D150006973745F656E6400574553545F544F5054
:10D160004449522F6E72662F7375627379732F6EF6
:10D1700072665F73656375726974792F7372632F5A
:10D18000647269766572732F63726163656E2F6373
:10D190006F6D6D6F6E2F7372632F63726163656E57
:10D1A0002F6C69625F6B6D752E63002828282875C7
:10D1B000696E747074725F74296B6D755F737263DE
:10D1C0002D3E6465737429202520313629203D3D8C
:10D1D000203029000944455354206D6973616C69FE
:10D1E000676E65640A00574553545F544F50444975
:10D1F000522F6E72662F7375627379732F6E72661B
:10D200005F73656375726974792F7372632F6472CB
:10D2100069766572732F63726163656E2F737873BD
:10D22000796D63727970742F7372632F706C61748F
:10D23000666F726D2F626172656D6574616C2F69C6
:10D240006E74657272757074732E630009556E6822
:10D25000616E646C656420696E7465727275707459
:10D260002E200A00574553545F544F504449522FC3
:10D270006E72662F7375627379732F6E72665F7349
:10D28000656375726974792F7372632F7574696C35
:10D29000732F6E72665F73656375726974795F6D03
:10D2A0007574657865732E6300726574203D3D204A
:10D2B0003000574553545F544F504449522F7A65BC
:10D2C000706879722F6B65726E656C2F6576656E0E
:10D2D00074732E630000202020202020202020288E
:10D2E000282828282020202020202020202020201E
:10D2F0002020202020208810101010101010101056
:10D300001010101010100404040404040404040495
:10D310001010101010101041414141414101010114
:10D3200001010101010101010101010101010101ED
:10D3300001101010101010424242424242020202FA
:10D3400002020202020202020202020202020202BD
:10D35000021010101020000000000000000000006B
:10D3600000000000000000000000000000000000BD
:10D3700000000000000000000000000000000000AD
:10D38000000000000000000000000000000000009D
:10D39000000000000000000000000000000000008D
:10D3A000000000000000000000000000000000007D
:10D3B000000000000000000000000000000000006D
:10D3C000000000000000000000000000000000005D
:10D3D000000000000000232D302B2000686C4C0062
:10D3E0006566674546470030313233343536373865
:10D3F00039414243444546003031323334353637C3
:10D400003839616263646566000000000000000056
:10D4100067000000000000000000000000000000A5
:10D4200000000000000000000000000000000000FC
:10D4300000000000000000000000000000000000EC
:10D4400000000000000000000000000000000000DC
:10D4500000000000000000000000000000000000CC
:10D4600000000000000000000000000000000000BC
:10D4700000000000000000000000000000000000AC
:10D48000000000000000000000000000000000009C
:10D49000000000000000000000000000B993000040
:10D4A000BD95000000C0105000000000000000000A
:10D4B000000000000000000000000000000000006C
:10D4C000000000000000000000000000000000005C
:10D4D000000000000000000000000000000000004C
:10D4E000000000000000000000000000000000003C
:10D4F000000000000000000000000000000000002C
:10D50000000000000000000000000000000000001B
:10D5100000000000000000000001000000A00D500D
:10D5200000000000000000000000000000000000FB
:10D5300000000000000000000000000000000000EB
:10D5400000000000000000000000000000000000DB
:10D5500000000000000000000000000000000000CB
:10D5600000000000000000000000000000000000BB
:10D5700000000000000000000000000000000000AB
:10D58000000000000000000000000000000000009B
:10D5900000000000793D000000000000FF000000D6
:10D5A0000090D003FF0000000F00000000020020E8
:10D5B00000020020619C000071A000006774200040
:10D5C000B4020020DC020020C80200202803002052
:10D5D00018030020AB9F0000AF9F00003402002022
:10D5E000000000000000000000000000000000003B
:10D5F000000000000000000000000000000000002B
:10D60000000000000000000000000000000000001A
:10D61000000000000000000000000000000000000A
:10D6200000000000000000000000000000000000FA
:10D6300000000000000000000000000000000000EA
:10D64000000000000000000000000000A002002018
:10D65000A002002000000000000000000E000000FA
:10D66000B4020020B402002000000000000000000E
:10D670000E000000C8020020C802002000000000C8
:10D68000000000000E000000DC020020DC02002090
:10D6900000000000000000000E000000F00200206A
:10D6A000F002002000000000000000000E0000005A
:10D6B000040300200403002000000000000000001C
:10D6C0000E000000180300201803002000000000D6
:10D6D00000000000280300202803002000000000B4
:08D6E0000000000015E015E058
:00000001FF
