:10000000403100202D250000177B0000192500003D
:100010001925000019250000192500000000000026
:100020000000000000000000000000009926000011
:1000300019250000000000004526000019250000D9
:100040005D2800005D2800005D2800005D2800009C
:100050005D2800005D2800005D2800005D2800008C
:100060005D2800005D2800005D2800005D2800007C
:100070005D2800005D2800005D2800005D2800006C
:100080005D2800005D2800005D2800005D2800005C
:100090005D2800005D2800005D2800005D2800004C
:1000A0005D2800005D2800005D2800005D2800003C
:1000B0005D2800005D2800005D2800005D2800002C
:1000C0005D2800005D2800005D2800005D2800001C
:0C00D0005D2800005D2800005D28000095
:1000E00001F0FF01102A2BDB10F0070F08D010F8E9
:1000F000013B013A8B422DD010F0070F42B3F6D1ED
:10010000F0B441EA012141EA014122F007047FF005
:1001100000070023F0E80256083C85EA010586EA5C
:10012000010685FA47F5A3FA87F586FA47F6A5FA98
:1001300087F68EB9EED1F0BC01F0FF0102F00702A4
:1001400032B110F8013B013A83EA010313B1F8D14F
:100150000020704701387047002D06BF3546033830
:10016000073815F0010F07D1013015F4807F02BF69
:10017000013015F4C03F0130F0BC0138704700BFBA
:1001800053B94AB9002908BF00281CBF4FF0FF31FE
:100190004FF0FF3000F00CB8ADF1080C6DE904CE63
:1001A00000F010F8DDF804E0DDE9022304B0704748
:1001B000704700BF034613F8012B002AFBD1181A21
:1001C000013870472DE9F04786468C460846089E60
:1001D000154674461946002B40F0C2808542B2FA9B
:1001E00082F245D94AB1C2F1200300FA02FC2EFA8C
:1001F00003F3954043EA0C0C94404FEA154EA8B225
:10020000BCFBFEF8230C0EFB18CC08FB00F943EAFC
:100210000C43994528D9EB1808F1FF3704D29945CA
:1002200002D9A8F102072B44A3EB0903A4B2B3FB44
:10023000FEFC0EFB1C330CFB00F044EA0344A0421E
:1002400014D92C190CF1FF3304D2A04202D9ACF11D
:1002500002032C44241A43EA07401EB1D440002371
:1002600034607360BDE8F0874746DDE76346F1E739
:1002700092BB431B01214FEA154EAFB2B3FBFEFC0C
:10028000200C0EFB1C330CFB07F840EA0343984597
:1002900062D9EB180CF1FF3004D2984502D9ACF1C9
:1002A00002002B44A3EB0803A4B2B3FBFEFC0EFB3D
:1002B0001C330CFB07F744EA0344A7424ED92C1920
:1002C0000CF1FF3304D2A74202D9ACF102032C4453
:1002D000E41B43EA0040C0E7C2F1200320FA03F127
:1002E000954090402EFA03F303434FEA154EAFB208
:1002F000B1FBFEFC0EFB1C10190C0CFB07F841EACD
:100300000041884504FA02F422D969180CF1FF3043
:1003100004D2884502D9ACF102002944A1EB0801BE
:100320009BB2B1FBFEFC0EFB1C110CFB07F743EA72
:1003300001439F420ED9EB180CF1FF3104D29F42CA
:1003400002D9ACF102012B44DB1B41EA004192E7E8
:100350006046E3E76146F7E76046A3E76346B7E731
:10036000834206D916B9002108467BE7C6E900E0BA
:10037000F9E7B3FA83F78FB9834201D3724508D8FE
:10038000BEEB020460EB030301209C461EB9002172
:1003900068E73846FAE7C6E9004CF8E7C7F1200CF1
:1003A000BB4022FA0CF41C432EFA0CF120FA0CF399
:1003B000B84001434FEA14490EFA07F5B3FBF9F8C8
:1003C0001FFA84FE09FB18300B0C08FB0EFA43EAF7
:1003D00000439A4502FA07F240D9E31808F1FF30CA
:1003E00004D29A4502D9A8F102002344A3EB0A03E0
:1003F00089B2B3FBF9F809FB183308FB0EFE41EA9A
:1004000003418E452CD9611808F1FF3304D28E4583
:1004100002D9A8F10203214443EA0040A0FB02985C
:10042000A1EB0E014145CE46434602D306D14D45D0
:1004300004D2B9EB020E68EB04030138002EA6D0FB
:10044000B5EB0E0261EB030101FA0CFC22FA07F393
:100450004CEA0303F940C6E9003198E74046C5E796
:100460004346D9E708B50D4B1A68AAB901220C48D2
:100470001A6000F05FF80B4800F05CF80A4800F0E2
:1004800059F80A4800F056F8094800F053F8BDE85A
:100490000840084800F04EB808BD00BFC002002068
:1004A000D887000008880000F8870000E88700006F
:1004B000188800002888000010B5044658B1FFF7DE
:1004C00079FE0146204600F093FDBDE81040024849
:1004D000012100F08DBD10BDC6A300000FB400B512
:1004E000C3B0449AB2B145AB4FF4807102A80193F6
:1004F00006F072FE011E0DDDFF29C4BF0023FF219F
:1005000002A8C8BF8DF8073100F072FD0448012130
:1005100000F06EFD43B05DF804EB04B0704700BF1F
:10052000C6A30000004870470889000000487047D3
:100530000C89000050B1C36843B1054A13680F2B02
:100540009FBF591C1160034A42F82300704700BF47
:10055000C4020020C8020020014B1868704700BF89
:10056000C4020020044B1B68834286BF034B53F830
:1005700020000020704700BFC4020020C8020020F5
:1005800003289ABF024B53F820000248704700BF6F
:10059000C88700001389000038B50D46044660B1D5
:1005A00059B1E022002107F09EFE2B6823606B68A2
:1005B0006360AB68A360014B236138BD39890000DB
:1005C0002DE9F04FDFF8C081704EDFF8C491DFF8FD
:1005D000C4A1714D0023C1B0C8F800303360C9F820
:1005E0000030CAF800302B60FFF73CFF6B48FFF784
:1005F00063FF00F083FC6A4904466A48FFF76EFF18
:10060000B4B1D4E900126848FFF768FFA07DE37A2F
:10061000A27A217A0590607D0490207D0390207C51
:100620000290E07B0190607B00906048FFF756FFEE
:1006300000F0E8FC069000F0E9FC074607F031F90D
:100640008346FFF76FFF0446FFF770FF4FF47A739E
:100650003A46CDE90240CDE900B30699544B5548DE
:10066000FFF73CFFFFF778FF00270690069B9F42AD
:100670001DD102972B680193DAF800300093D9F866
:1006800000303268D8F800104B48FFF727FF4B487E
:10069000FFF712FF07F008F93368002B71D12868C3
:1006A000003818BF0120404241B0BDE8F08F384605
:1006B000FFF758FF044600283FD0C368002B3CD00A
:1006C000014608A8FFF768FFD4E9013221683C48D9
:1006D000FFF704FF08A8E36898479DF82C0003285B
:1006E0003DD8DFE800F0022C3036D8F80030013376
:1006F000C8F80030089CDDF828B0FFF741FF0C9ADD
:100700003049002A08BF0A460346009221465A464D
:100710002D48FFF7E3FE08AC4FF0000B3E9B2B4843
:1007200008999B451FD39DF82C000791FFF728FFE0
:10073000079902462648FFF7D1FE013796E733684E
:1007400001333360D6E7D9F800300133C9F80030FF
:10075000D0E7DAF800300133CAF80030CAE72B6876
:1007600001332B60C6E7A36A164A002B08BF134665
:100770000093236AA269FFF7B1FE0BF1010B183455
:10078000CCE74FF0FF308FE7180300201403002060
:10079000100300200C030020080300203C89000007
:1007A0004C8900005A8900006B8900008B89000089
:1007B0000020A107038A0000FB8A0000478B00008D
:1007C0005E8A0000C7A30000838A0000B58A00008B
:1007D000E28A00002DE9F04FADF5597D07AF0DF12C
:1007E00020080021054605224046396006F0D9FF61
:1007F0000146002840F099800CAE0522304606F0F4
:10080000D0FF0446002840F0938010ABDFF8389109
:100810004E4A4F490DF1900A9B460BEB04104FF0E6
:10082000000CC3E900869F60C0F80CC04FF48060E4
:100830004FF0020CCDE9010CCDF800905046059325
:1008400000F08CFB002875D1059B41493F4A0134DB
:10085000052C03F110030AF1900A09F58869DCD12F
:10086000A146404606F0BDFF002865D1B9F1010957
:10087000F7D142F2107006F07FFF00285ED101230D
:100880003B6041F28831304606F099FF0746002868
:1008900056D1013CF5D122464FF0FF36A146A04685
:1008A0000BEB0213DB68002B4CD09E4228BF1E4688
:1008B0009C4238BF1C46013213EB090348F1000883
:1008C000052A9946ECD1234B2349009305220023A6
:1008D000284606F0C6FE214B214900934A4643466E
:1008E0002846DFF8808006F0BCFE1F49CDF8008066
:1008F00032460023284606F0B4FE1C49CDF800809D
:1009000022460023284606F0ACFE194B00931949F5
:10091000002342F21072284606F0A3FE164B2F73F6
:100920002B610DF5597DBDE8F08F144B0127F6E7DB
:10093000134BFBE7134BF9E7134BF7E7134BF5E7C3
:10094000134BF3E7134BF1E7400500209D760000C1
:10095000338C00004C8C0000448C00005A8C00004A
:10096000548C0000728C0000618C00007D8C0000B3
:100970009A8C00008E8C0000118C0000558B0000BA
:10098000738B0000908B0000AC8B0000C88B0000C4
:10099000E18B0000F78B00002DE9F047012286B0C3
:1009A0000746114602A806F0FCFE044600284AD17C
:1009B00000F010FB81468A464FF48065002102A8B2
:1009C00006F0FDFE002842D102A806F00AFF80468C
:1009D00000283ED1013DF1D100F0FCFA484571EB11
:1009E0000A0304F58064E7D31B4BB0EB090561EB08
:1009F0000A069D4276F10003DED3184B1849009396
:100A000022464346384606F02CFE164B1649009304
:100A10002A463346384606F024FE14482A46334612
:100A2000A4FB0001FFF7ACFB0B4611490091024605
:100A30001049384606F015FE0F4B87F80C803B61D5
:100A400006B0BDE8F0870D4B4FF00108F5E70C4B01
:100A5000FAE70C4BF8E700BF80969800DA8F0000A9
:100A6000098D00001C8D0000148D000040420F0015
:100A70001F8D0000BE8C0000E58C0000908D0000F2
:100A8000CF8C0000B28B00002DE9F04788B00746FC
:100A9000002103A806F0ADFE044600284AD100F06C
:100AA00099FA81468A464FF48065002103A806F032
:100AB000A8FE002842D103A806F0B5FE8046002813
:100AC0003ED1013DF1D100F085FA484571EB0A03B2
:100AD00004F58064E7D31B4BB0EB090561EB0A0614
:100AE0009D4276F10003DED3174B1849009322464E
:100AF0004346384606F0B5FD154B164900932A4685
:100B00003346384606F0ADFD13482A463346A4FB6B
:100B10000001FFF735FB0B461049009102461049D2
:100B2000384606F09EFD0F4B87F80C803B6108B0FD
:100B3000BDE8F0870C4B4FF00108F5E70B4BFAE7E7
:100B40000B4BF8E780969800DA8F0000098D0000C3
:100B50001C8D0000148D000040420F001F8D00000E
:100B6000BE8C0000678D00002D8D0000418D0000BF
:100B7000538D00002DE9F041BEB010AD00210446B8
:100B8000284606F036FE0146002860D104AF012257
:100B9000384606F006FE014600285AD108AE01226A
:100BA000304606F0FEFD0146002854D10DF1300814
:100BB0000122404606F0F5FD00284ED140F20663C2
:100BC0000222ADF864304FF48063CDE90132294B45
:100BD0000093294A294915AB1AA8CDE91557CDE943
:100BE000176800F0BBF9002839D141F28831384646
:100BF00006F0E5FD002834D19DF86430002B32D199
:100C0000284606F010FE0546304625B906F0E9FDF7
:100C10001B4B012616E006F0E4FD41F28831404608
:100C200006F0CDFD08BB9DF8656006BB1AA806F06E
:100C3000AAFD144B0093144900232A46204606F0CF
:100C400010FD124B267323613EB0BDE8F081104BBE
:100C5000DFE7104BDDE7104BDBE7104BD9E7104B1C
:100C6000D7E7104BD5E7104BD3E7104BD1E7104B2C
:100C7000CFE700BF801A0020DF7600009F8E0000C3
:100C8000178E0000B98E0000AF8E00007F8E00002E
:100C90002D8D0000898D0000A88D0000738B000051
:100CA000C88D0000E38D0000FC8D0000388E000030
:100CB0004D8E00002DE9F04F102397B03F490746B5
:100CC0001A460BA806F0BAFD054600286BD101466E
:100CD000102203A807F007FB1022294607A807F0F7
:100CE00002FB00F077F9DFF8D8B081468A462C463F
:100CF00084EA0B030493334B0394E3180593002217
:100D0000314B069303A90BA806F0A3FD0246002869
:100D10004DD107A90BA806F0B0FD8046002848D1A8
:100D2000102207A903A807F0C0FA002843D1013414
:100D300005F580639C42DBD100F04CF9484571EB2E
:100D40000A032ED3214BB0EB090561EB0A069D4245
:100D500076F1000325D31E4B1E49009322464346DD
:100D6000384606F07EFC1C4B1C4900932A4633464D
:100D7000384606F076FC1A482A463346A4FB0001A2
:100D8000FFF7FEF90B46174900910246164938460F
:100D900006F067FC154B87F80C803B6117B0BDE887
:100DA000F08F2546A3E7124B4FF00108F3E7114BF4
:100DB000FAE7114BF8E7114BF6E700BF28040020D3
:100DC0007856341200EFCDABAA55AA5580969800FC
:100DD000D08F0000098D00001C8D0000148D0000D4
:100DE00040420F001F8D0000BE8C0000AE8F00003F
:100DF0005C8F0000708F0000828F0000978F0000D2
:100E00002DE9F04F85B0044600F0E4F880460A2052
:100E1000894606F0B1FC054600F0DCF806460F46B0
:100E2000002D4BD1404571EB090344D3B0EB080BC7
:100E300061EB09030393264BDFF898A02649009342
:100E40000A220023204606F00CFC2449CDF800A01D
:100E50004FF47A720023204606F003FC2049CDF8B7
:100E600000A042F210720023204606F0FAFB1D4952
:100E7000CDF800A042F228320023204606F0F1FB14
:100E800046EA0806039B1849CDF800A05A462046BA
:100E900047EA090706F0E5FB3E4312D042F2283349
:100EA0009B45039B73F100030ED3104B2573236105
:100EB00005B0BDE8F08FAB460395BCE70C4B0125B0
:100EC000F4E70C4B0425F1E70B4B0125EEE700BFDF
:100ED000A69000001C8D00009C900000AC900000CB
:100EE000B4900000BF900000148D000087900000B7
:100EF000169000002A9000005290000000487047B1
:100F00003888000038B50D460446D0B10E4B1B782A
:100F100073B90E490E4A0F4840F2463306F07FFD82
:100F20000D4806F07CFD0A4840F2463106F06EFDA1
:100F300005F0C2FC002105F0EFFA2846A04700208A
:100F400038BD0220FCE700BF2C0500202D910000D9
:100F500002910000409100005D910000F0B589B061
:100F600015469DF84060DDE90E120446F8B1F5B172
:100F7000E9B1E2B1042EC0E9215396BF0D4B072021
:100F80009857002300260027CDE90303CDE901335C
:100F9000CDE90667084B0094204604F0FDFD0028CB
:100FA000C4F880000CBF0620002009B0F0BD02206C
:100FB000FBE700BF7F9100005377000008B50021D8
:100FC0000348FFF79FFF003818BF0120404208BDCB
:100FD0008D76000008B506F030FF0449A0FB010142
:100FE000C00B40EA4140C90B08BD00BF40420F00A2
:100FF000024618B111B1024806F0E4BC704700BFC8
:101000009291000000487047979100000048704797
:10101000A3910000B2F5802F2DE9F04110D2042AEF
:1010200028D84549454A464840F21A2306F0F7FCBD
:10103000444806F0F4FC40F21A21404806F0E6FC71
:101040000823D21ACC1D114424F0070421F0070113
:10105000091B17294FEAD1060ED83B49374A3848B1
:1010600040F2232306F0DBFC364806F0D8FC40F2C1
:101070002321E2E70423E4E7002504603146A6606B
:10108000E560204606F04BFCB6F5004F2CBF082368
:101090000423421D92000833D11DDB0803EBD1036A
:1010A000B3424FEAD10739D80130A2F110022946E4
:1010B000B8BF2A4604F1100007F015F93A46294650
:1010C000204606F028FC2B462A462946204606F0F4
:1010D000F9FBA6EB070820462946012206F003FC8F
:1010E0004246394606F017FC3B462A46394620461A
:1010F00006F0E8FB3146204606F00DFC43462A4642
:101100003146204606F0DEFB31462046012206F03D
:10111000EAFB3946BDE8F04106F010BC0B49074A2E
:1011200007484FF40E7306F07AFC064806F077FC89
:101130004FF40E7181E700BF91920000C39100004F
:1011400040910000B2920000CB920000F4920000A7
:10115000014B1B68184700BF00000020014B1860BE
:10116000704700BF0000002007B50B460021024673
:101170000091034800F090F803B05DF804FB00BF55
:1011800051110000044608B5084611461A46A0470A
:101190000A4B1B7873B90A490A4A0B4840F2463396
:1011A00006F03DFC094806F03AFC064840F246319C
:1011B00006F02CFC05F080FB01F02EFA2C05002037
:1011C0002D91000002910000409100005D9100000F
:1011D000F0B5094E016802460A2700200B4601318E
:1011E0001C78355D6D0701D41360F0BD07FB00432B
:1011F000A3F13000F2E700BF63A900002DE9F84F2A
:1012000015469A46D378234A12F803B06F2B8146CD
:101210000F460BF0030B2BD026D8582B0CBF1026F3
:101220000A26DDF828803246002348463946FEF774
:10123000A7FF092A08F1FF38D4B21ED83034B145CF
:10124000E4B277F1000788F8004001D3D04511D807
:101250002B789B0605D5082E15D1AB7843F00803F3
:10126000AB704046BDE8F88F03F0F703702BD5E76D
:101270000826D6E781460F46D5E7BBF1010F0CBF24
:1012800037345734DBE7102EEBD1AB7843F0100343
:10129000E6E700BF63A900002DE9F04F97B08A464A
:1012A000039016461C460025307808B9284656E3B8
:1012B00025280AD0039B514698470028C0F24F8347
:1012C000731C01350493049EEEE71822002110A838
:1012D00007F009F87378252B00F0A3800023711C18
:1012E00098469E469C4618460F4611F8012B2B2A1D
:1012F00000F0C68000F2BD80202A00F0C480232ABE
:1013000000F0C4802BB19DF8483043F040038DF8C5
:101310004830B8F1000F05D09DF8483043F0200365
:101320008DF84830BEF1000F05D09DF8483043F0ED
:1013300010038DF84830BCF1000F05D09DF84830FF
:1013400043F008038DF8483028B19DF8483043F049
:1013500004038DF848309DF8483003F044014429D7
:1013600003D16FF386138DF848309DF84830099704
:1013700043F080032A2A8DF8483040F08C809DF895
:10138000493043F001038DF849307B1C1A782E2A2E
:101390009DF849200CBF0121002161F341028DF825
:1013A00049200CD15A1C09925A782A2A40F083808D
:1013B0009DF8492042F004028DF8492002331A7842
:1013C0006C2A00F0A48000F28680682A00F08C80ED
:1013D0006A2A00F0A5804C2A00F0AA801A4612F86A
:1013E000013B0492782B9DF849208DF84B3000F298
:1013F00017816D2B00F2A980692B00F21181572B08
:1014000000F2BE80412B03D0453B022B00F2088145
:101410009DF84A30042262F302038DF84A3001231A
:10142000CAE08DF84B30B31C04939DF84930D907BE
:1014300040F1FD8054F8048BB8F1000F07DA9DF8F5
:10144000482042F004028DF84820C8F100085A07ED
:1014500040F1F68054F804BBBBF1000F80F2F58038
:101460009DF849306FF341038DF849304FF0FF3B51
:10147000EBE02D2A0DD0302A7FF444AF012333E76F
:101480004FF0010C30E74FF0010E2DE74FF001084F
:101490002AE7012028E709A8FFF79AFE099BBB422B
:1014A0003FF474AF9DF848201390C00F60F34102E1
:1014B0008DF848206AE709A8FFF78AFE9DF84830B2
:1014C0001490C3F3400242EAD07262F341038DF8F4
:1014D0004830099B73E7742A26D07A2A7FF47EAFBE
:1014E0009DF8492006210CE05A78682A9DF8492089
:1014F00006D1012161F3C6028DF8492002336DE760
:10150000022161F3C6028DF84920013366E75A785B
:101510006C2A9DF8492001D10421EBE70321F0E773
:101520009DF849200521ECE79DF849200721E8E7CF
:10153000BDF8482022F4F04222F0020242F4804238
:1015400042F00202ADF84820DFE76E3BD9B201233A
:101550008B4040F282410B4238D113F0240F52D11C
:10156000DF075DD59DF84A30032161F302038DF852
:101570004A3002F07803A3F14000434243411BE0AC
:10158000A3F15801C9B2012000FA01F111F4624F30
:101590007FF43EAF40F6010739421DD111F4043FFC
:1015A0003ED09DF84A3060F3020302F07802402AF0
:1015B0008DF84A3034D000239DF84820C2F3400112
:1015C0000B4363F341028DF848202EE79DF84A3023
:1015D000022161F30203E8E79DF84A10022002F0BD
:1015E000780260F30201402A8DF84A1002BF9DF88C
:1015F000481041F001018DF84810632BDBD1131E18
:1016000018BF0123D8E79DF84A30032161F3020394
:1016100012F0780F8DF84A3014BF01230023CBE776
:101620009DF8483043F001038DF84830C3E79DF939
:101630004820002AB4BFDDF84C804FF0FF3806E7A1
:101640009F077FF513AFDDF850B09DF849100023D8
:10165000CDE913339DF84A3003F00703012BC1F3A2
:10166000C30132D1CB1E042B04D8DFE803F02045A0
:1016700045202000236801294FEAE372CDE91032AA
:101680001BD19DF94030DA17CDE9103204349DF8B2
:10169000483013F003074FD0049B0398324651465D
:1016A00006F09DF90028C0F25A8105440BE654F873
:1016B000043BDA17CDE91032E9E70229E6D11AB284
:1016C00043F3C033CDE91023E0E7022B24D1CB1E36
:1016D000042B04D8DFE803F01810101818000129B3
:1016E00054F8043B4FF0000214D00229CDE9103227
:1016F000CDD19BB21093CAE7073424F00704F4E875
:101700000223CDE91023C2E754F8043B10930023D1
:101710001193BCE7DBB2CDE7042B08D1073424F0EA
:101720000704D4E900230834CDE91023AFE7032BE5
:10173000ADD154F8043BDDE79DF84B0078283FF627
:10174000C2AD62281ED8252850D058287FF4BBADE2
:101750000DF13E030093DDE910010AAB12AAFFF779
:101760004DFDBBF1000F814680F2C280B9F1000F40
:101770003FF4A9AD0DF13E06A6EB0903002F7BD087
:10178000013379E0633815283FF69DAD01A252F888
:1017900020F000BF67180000C5180000C712000045
:1017A000C7120000C7120000C7120000C5180000D1
:1017B000C7120000C7120000C7120000C7120000C5
:1017C00013190000EB18000025180000C7120000D4
:1017D000C7120000FD170000C7120000EB18000040
:1017E000C7120000C7120000EB180000039B51460F
:1017F00098470028C0F2B380013564E5BBF1000FC3
:10180000DDF840900ADB5946484606F074FDB9F110
:10181000000F3FF458AD09EB000620E04846FEF704
:10182000C9FCF8E71098002800F087800DF13E060B
:101830000AAB009612AA0021FFF7E0FCBDF84A307F
:1018400003F0EF0343F4F04343F01003BBF1000F48
:101850008146ADF84A304ADA00283FF434ADA6EBB1
:101860000903002708E0109B8DF8283000270DF1B0
:1018700029060DF1280901239DF84A1011F01002E4
:10188000069260D00233139A059213444A0644BF6D
:1018900014995B18B8F1000F6EDDA8EB03089DF8F2
:1018A00048305807C3F3800B66D459065AD53FB168
:1018B000039B514638469847002850DB01355F4668
:1018C000302350E01E075CBFC3F300135F01DDE966
:1018D000102348BF2B27002BBFF63AAF524263EBD1
:1018E0004303CDE910232D2732E7002730E70027F7
:1018F0009DF848100DF13E03A3EB09036FF3861129
:101900009B458DF848107FF631AFABEB0303139383
:101910002CE7109B07293FF6D6ACDFE801F00C045A
:10192000060C08080C0C1D70CDE41D80CBE4EA17F2
:10193000C3E90052C7E41D60C5E4314E0746A6F175
:101940000509052398E7080748BF01339BE71846B8
:1019500007935146039B98470028079B04DA17B06A
:10196000BDE8F08F2023C346594600290BF1FF3B09
:10197000EDDC45446D1AD84637B1039B51463846D5
:1019800098470028EBDB01359DF84A30DA0601D490
:101990001B0706D5039B5146302098470028DEDB05
:1019A0000135069B3BB19DF84B00039B5146984780
:1019B0000028D4DB0135059F2F4406E0039B5146E8
:1019C000302098470028CADB01357B1B002BF5DC53
:1019D000039833464A46514606F001F80028BEDB1C
:1019E0000544A844A8EB0503002B7FF76CAC039BD0
:1019F0005146202098470028B1DB0135F2E700BFAF
:101A0000249300002DE9F84F04460846A38B1907DC
:101A1000154612D4022803F0070165D1204606F0CE
:101A20000BF888B10138042800F23781DFE810F0A4
:101A30005C0035018200D400040101280CBF43F092
:101A4000100143F02001A1831434204605F070F802
:101A5000002840F09D819A499A4A9B484FF49A7316
:101A600005F0DDFF2146B1E003F00702501F012819
:101A70001ED80020062A2768C4E9000014D13A467F
:101A800003E0E08B0130E0831268002AF9D123F0F3
:101A9000070343F00202A283204605F0CDFF90B376
:101AA00042F02002A2832EE023F007039AB2F2E76D
:101AB000042A33D123F007039AB2A283204605F00B
:101AC000BBFF10B142F02002A283A38B03F00709F1
:101AD000894540F0EC80A18BCA0640F1508121F08D
:101AE0001003A38301F00701D4F81880A38BB8F189
:101AF000000FB9DA0022276823F00703C4E90022A7
:101B000043F00103A383A38B03F00709894540F049
:101B1000CF80002FDFD00026B24644E06B496C4AEC
:101B2000694840F21B1305F07AFF40F21B11684828
:101B300005F06CFF49B16749654A63484FF4AB73E0
:101B400005F06DFF4FF4AB71F1E723684BB96249C3
:101B50005F4A5D4840F2571305F061FF40F25711AC
:101B6000E5E723691E684EB95C49594A56484FF467
:101B7000AD7305F054FF4FF4AD71D8E7A38B23F09C
:101B8000070343F006039BB2A3830F4688464FF03A
:101B90000609A268002A40F08D80002F40F08D8059
:101BA000002E98D0BA4643F0080304F1140BA38327
:101BB000584604F0BDFF002840F09A804049414A51
:101BC00041484FF49A7305F02AFF5946444805F0FE
:101BD00026FF4FF49A71ADE0022909D041493C4AF1
:101BE000394840F25D1305F01AFF40F25D119EE79F
:101BF000E78B4FB13C49364A33484FF4AF7305F099
:101C00000EFF4FF4AF7192E723695E684EB9334916
:101C10002F4A2D4840F2611305F001FF40F2611197
:101C200085E7A38B23F0070343F004039BB2A38350
:101C3000B8464FF00409ACE7012909D02B49244AE2
:101C400021484FF4B27305F0EAFE4FF4B2716EE72B
:101C500023684BB920491E4A1B4840F2651305F022
:101C6000DEFE40F2651162E723699E684EB91B49AA
:101C7000174A15484FF4B47305F0D1FE4FF4B47110
:101C800055E7A38B23F0070343F005039BB200271E
:101C9000A383B8464FF005097BE70C490C4A0A4874
:101CA00040F26B1305F0BBFE40F26B113FE70027DB
:101CB00000266EE74FF0010A75E7924673E700BF12
:101CC000F8930000CB93000040910000AEA100000B
:101CD000259300004A93000056930000799300007A
:101CE0000F94000090930000A6930000B5930000AD
:101CF00085F31188BFF36F8FBAF1000F1CD177BB4A
:101D000016B126492046B047EFF31185202383F30F
:101D10001288BFF36F8F584604F0FCFE38BB204A90
:101D200020492148882305F07AFE59461F4805F0CE
:101D300076FE88211A48FBE6A1680029DFD00D68ED
:101D40000029DCD0D1F804A043464A462046D047BB
:101D50001DB12B6829461D46F2E72B46FAE73946A6
:101D600043464A4620463F6805F092FEC7E758467C
:101D700004F0F4FEA38B23F00803A383ABE68B06E9
:101D80007FF562AE21F02003A38301F0070145E651
:101D900085F31188BFF36F8FBDE8F88FB11D000088
:101DA000CB9300002494000040910000399400007F
:101DB000F8B504460D4600F11406EFF31187202311
:101DC00083F31288BFF36F8F304604F0A3FE68B927
:101DD0000C4A0D490D48882305F021FE0C48314678
:101DE00005F01DFE0748882105F010FE304604F07E
:101DF000B5FEA5613A4620460121BDE8F840FFF74F
:101E000001BE00BFCB93000024940000409100006D
:101E1000399400002DE9F04704460F4605F028FEEE
:101E2000051E68DB04F11409EFF3118A202383F304
:101E30001288BFF36F8F484604F06CFE804660B98D
:101E4000384A39493948882305F0E9FD4946384878
:101E500005F0E5FD8821334842E0484604F07EFE67
:101E6000E38BA68B4FF6FF72934206F0070645D030
:101E7000022E15D10133E3833546484604F058FE5F
:101E8000002841D1274A2B4928484FF49A7305F07E
:101E9000C6FD4946284805F0C2FD4FF49A71DAE7BD
:101EA000062E13D8DFE806F0092D121209040900E6
:101EB0006FF085054FF00008DFE700233B606368A3
:101EC00083B9C4E9007786B13546F3E71B49174863
:101ED0001B4A4FF4E47305F0A2FD19484FF4E47176
:101EE00005F094FD1F606760EDE752460221204631
:101EF000FFF788FD35462846BDE8F0876FF00A05F4
:101F0000D8E76FF00405D5E78AF31188BFF36F8F28
:101F1000B8F1000FEFD0002332463946204605F0D5
:101F2000B7FDE8E7CB930000249400004091000047
:101F300039940000F89300000F940000B59300005E
:101F40002593000008B54268816002F00302032A6D
:101F5000034602D02AB1002000E0006800225A6047
:101F600008BD05490548064A452305F058FD0448C3
:101F7000452105F04BFD00BFAEA1000040910000DF
:101F80004F940000014B0360002070475088000010
:101F900008B5044805F016FD034805F013FD0020C0
:101FA00008BD00BF75940000AA94000008B503485E
:101FB000034A0021121A05F0A6FD08BD0801002001
:101FC000300500200748084A084908B5121A05F0EC
:101FD0009CFD0748074A0849BDE80840121A05F069
:101FE00094BD00BF000000200801002098AA000056
:101FF000000000200000002098AA000038B5054627
:102000000C4699B1D1E901230F48096805F0DAFCC3
:10201000D4E90423E1680D4805F0D4FCE1690C48DB
:1020200005F0D0FCA1690B4805F0CCFC012D05D1D1
:10203000EFF305810848103905F0C4FC2146284615
:10204000BDE8384002F0EEBED894000008950000CC
:1020500038950000489500007795000030BFFFF7E5
:10206000FDBF00BF054B5A699B689A421FBF044AD7
:10207000536843F080535360704700BFE80300206B
:1020800000ED00E02DE9F8433B4D80463B48174604
:10209000894605F097FCAB6ADA0622D5384805F088
:1020A00091FC1124AB6A1B0703D5364805F08AFC66
:1020B0001224314DAB6A9E0715D5334805F082FCDA
:1020C0006E6BAB6A1C0642D53048314605F07AFC8F
:1020D000B9F1000F03D0AB6A23F08003AB62132485
:1020E00003E01024DEE76FF01506234DAB6AD80736
:1020F00003D5274805F066FC1424AB6A990603D57E
:10210000244805F05FFC15241B4DAB6ADA0602D4A7
:10211000AB6A9B070AD56B68180507D54146304660
:1021200000F05AFBB0B180F309880224124B9A6A7E
:10213000920642BF5A6A22F400525A629A6A42F0E8
:10214000FF029A6200233B702046BDE8F8836FF0DF
:102150001506C4E7AB6AD906E8D50F490F4A1048FF
:1021600040F2271305F05BFC0E4805F058FC0B48C5
:1021700040F2271105F04AFC00ED00E08B950000CD
:10218000A2950000D6950000EA9500000396000095
:102190001A9600003A9600009C9600006A9600008D
:1021A00040910000E696000010B51D4C1D4805F05A
:1021B00009FCA36A990130D51B4805F003FC1E20D9
:1021C000A36ADA0103D5194805F0FCFB1F20144C63
:1021D000A36A1B0303D5164805F0F4FB2120A36A6C
:1021E000590303D5134805F0EDFB22200C4CA36ADC
:1021F0009A0303D5104805F0E5FB2320A36ADB030F
:1022000003D50E4805F0DEFB2420054A936A6FEAE9
:1022100003436FEA1343936210BD1D20D0E700BF54
:1022200000ED00E0099700002297000036970000BB
:10223000519700007097000096970000B19700003A
:1022400070B5244C064624480D4605F0BBFBA36A36
:10225000D90435D5214805F0B5FB1720A36A1A0526
:1022600003D51F4805F0AEFB18201A4CA36A9B0546
:102270000FD51C4805F0A6FBA16BA36A180407D56F
:10228000194805F09FFB1EB1A36A23F40043A36223
:102290001920104CA36A590503D5144805F092FB88
:1022A0001A20A36ADA050DD5114805F08BFB1B2017
:1022B000084A936A43F47F43936200232B7070BDF6
:1022C0001620CBE7A36A9B04F2D50A4805F07AFBF7
:1022D0001C20EDE700ED00E0DD970000F497000022
:1022E000D69500000698000020980000369800005F
:1022F000529800003A960000F0B56F4B04465868BB
:102300008BB0C0F30803002585F31188BFF36F8FEE
:1023100002F07F46B6F17F4F06D102F00C06082E80
:1023200011D1664805F04EFB6549664A664840F2A1
:10233000144305F074FB654805F071FB40F214414D
:10234000604805F063FB16074CBF0C460125002CC6
:10235000EAD00026DA1E8DF80760092A00F29B8079
:10236000DFE802F0058F93729999999999975848E7
:1023700005F028FB8DF807604F4EF36A9A0704D5E5
:10238000544805F01FFB002326E0F36A002B01DA16
:102390005148F6E7F36A5B0066D5504805F012FB3A
:1023A0007369A26943F480737361BFF34F8FBFF306
:1023B0006F8F736932F8022C23F480737361BFF35B
:1023C0004F8FBFF36F8F4DF602739A4223D121686E
:1023D000434805F0F7FA23689DF80720CAB902AE12
:1023E00004F1200720686168324603C20834BC4209
:1023F0001646F7D1099A002D59D0C2F3080121B928
:102400006FEA52226FEA4222099202A91846FFF7A8
:10241000F5FD0BB0F0BDB36ADBB23BB10DF10702C5
:1024200001212046FFF72EFE0346D5E7B36A13F4D9
:102430007F4F05D00DF107010120FFF701FFF3E702
:10244000B36AB3F5803F02D3FFF7AEFEECE7254950
:102450001C4A1D4840F2ED2305F0E1FA224805F040
:10246000DEFA40F2ED216BE71E49164A16484FF49A
:102470003C7305F0D4FA1D4805F0D1FA4FF43C71D5
:102480005EE70DF107020021CBE70DF10701002007
:10249000D3E7174875E7A3F11002164B164910F45D
:1024A000F87F18BF1946154805F08CFA6BE722F43F
:1024B000FF7222F00102A7E700ED00E0999800000A
:1024C000C59800006A96000040910000D89800006E
:1024D000169900002E990000509900005F990000A5
:1024E0007F990000AEA100009C990000C0990000F7
:1024F000F0990000809800006B980000159A000089
:10250000044B5A6942F010025A615A6922F00802DB
:102510005A61704700ED00E0EFF30880EFF30981A6
:1025200001B57246FFF7E8FE01BD00BF002080F351
:102530001488BFF36F8F134880F3088801F01CFCE8
:10254000002011490860BFF34F8F00F033F82020BE
:1025500080F311880D484FF0AA014FF4046205F092
:10256000D2FA0A484FF40461401880F30988EFF367
:1025700014800221084380F31488BFF36F8F00F0AA
:10258000FBF800004031002094ED00E0C01E002068
:102590000749D1F890200023C2F30722184693423E
:1025A00000DB7047C1F89830C1F8A0000133F6E7AE
:1025B00000ED00E008B572B6002383F31388FFF73F
:1025C000E7FF144B4FF0FF32C3F88020C3F884209C
:1025D000C3F88820C3F88C20C3F89020C3F8942057
:1025E000C3F89820C3F89C20C3F88021C3F8842145
:1025F000C3F88821C3F88C21C3F89021C3F8942133
:10260000C3F89821C3F89C2162B6BFF34F8FBFF384
:102610006F8F08BD00E100E0084B9B6883420BD13F
:10262000EFF3058343B1064B5A6842F080525A607B
:102630005A6A22F400425A6204F044B9E8030020C6
:1026400000ED00E012498A684FF030001044EFF3CB
:10265000098C80E8F01F202080F31288BFF36F8F71
:102660000C4F4FF000664A698A603E60506F00234D
:10267000536780F3118804B5104600F00DF9BDE8EA
:10268000044002F1300090E8F01F8CF30988704795
:10269000E803002004ED00E01EF0040F0CBFEFF390
:1026A0000880EFF30980816911F8021C0229FFD02C
:1026B00001B5724605F02BFA01BD00BF40B20028FB
:1026C00007DB044A4109012300F01F00834042F860
:1026D0002130704700E100E0054B420900F01F0087
:1026E00053F82220012303FA00F01040704700BF86
:1026F00000E100E038B54B1C072B04460D460FD90E
:10270000114A124912486B2305F089F911482946EC
:102710000723224605F083F90B486B2105F076F973
:1027200040B20028ACBF00F160400B4A4FEA4313AF
:10273000B8BF00F00F00DBB2AABF00F56140135430
:1027400080F8003338BD00BF299A0000609A00006D
:10275000409100007B9A000014ED00E0044B054A14
:1027600023F07F039360BFF34F8FBFF36F8F7047EA
:102770000000000000ED00E008B5FFF7EFFF074A9A
:10278000D2F8883023F47003C2F88830FFF70EFCCB
:10279000FFF718FC00F056F802F048FC00ED00E0EE
:1027A00042F8203C009B42F81C3C0A49019B42F83D
:1027B000183C029B42F8143C21F001014FF0807359
:1027C00042F8043C42F8081C0023203A02654367A3
:1027D000704700BF85110000094A0346906870B138
:1027E00013F1160F406E05D0A0F140029A4205D8B1
:1027F000834203D2814228BF0020704700207047E7
:10280000E803002008B50B4B0E461546986000F013
:1028100043F82C4686F309880020044B984720464D
:10282000002100220023024C20470000337B0000DF
:1028300085110000E8030020014B10221A61704747
:1028400000ED00E0044800232021C2180133272BAB
:1028500082F80013F9D1704700E100E008B5EFF30A
:102860000583064A103B02EBC30152F83300496866
:102870008847BDE80840FFF7F5BB00BF3086000081
:10288000024B034A0348012100F076B80000012002
:102890000000002050880000426E054B403A1A604C
:1028A000044A4021C3E901121846012100F08AB808
:1028B0001C03002000000B15084AC2F898000B68A2
:1028C00023F01F03034343F01003C2F89C308B68CE
:1028D00043F00103C2F8A030704700BF00ED00E0F4
:1028E0002DE9F043DFF8608085B00E461F460446B0
:1028F0004FF00009B14523DA6068D8B13FB1411EFD
:1029000008421BD11F2819D92368194216D1236800
:10291000019305F031F9A36803430393D8F890506D
:10292000C5F30725D0B2013DA84207D801A9FFF79A
:10293000C3FF421C09F101090C34DBE76FF01502FB
:10294000104605B0BDE8F08300ED00E0044B052221
:10295000C3F89420BFF34F8FBFF36F8F704700BF52
:1029600000ED00E0BFF35F8F024B0022C3F894201C
:10297000704700BF00ED00E038B50D4D01232A7807
:102980000C46FFF7ADFF287016300FD1094A0A49EF
:102990000A484FF4C47305F042F80948214605F08F
:1029A0003EF804484FF4C47105F030F838BD00BF5C
:1029B00028050020BB9A0000AEA100004091000055
:1029C000EA9A000010B5144A002312780C46FFF76B
:1029D00087FF10F1160F08D0104A0021D2F890306E
:1029E000C3F30723984210DB10BD0D4A0D490E4872
:1029F00040F2A71305F013F80C48214605F00FF834
:102A0000074840F2A71105F001F8C2F89800C2F893
:102A1000A0100130E2E700BF2805002000ED00E033
:102A2000BB9A0000AEA1000040910000169B000080
:102A30002DE9F04F7F4E804CD6F890302568C3F3D7
:102A400007239D4285B013D97C4A7D497D4840F2D9
:102A5000012304F0E4FFD6F890207B482946C2F316
:102A6000072204F0DCFF40F20121744804F0CEFF9D
:102A7000FFF778FF00200C2685422DD1734C744F50
:102A800025706846FFF77EFADFF8A881DFF8C49169
:102A900006460025AE4226D1237866490020D1F8AB
:102AA0009020C2F307229342C0F2BA80FFF74EFF94
:102AB000D1F89030C3F30723082B00F0B7806649A4
:102AC0005E4A604840F2732304F0A9FF634804F0B3
:102AD000A6FF40F27321C8E7616806FB0011FFF70B
:102AE000EBFE0130C8E7009A02EB05132901D3F889
:102AF0000CA00AEA0700B0F5000F69D00AD8B0F5BB
:102B0000001F3DD0B0F5800F55D0B0F5801F15D017
:102B10000135BFE7B0F1007F65D0B0F1805F6DD0C7
:102B2000B0F1807FF4D19868D3F804A0525805F032
:102B300023F8CDE901A240F088700BE09868D3F843
:102B400004A0525805F018F8CDE901A240F08850D1
:102B500040F430200390D8F890302078C3F3072356
:102B6000013B984255D93649344A364840F22B2326
:102B700004F055FF3A4804F052FF40F22B2174E76D
:102B80009868D3F804B0525804F0F6FF40F088502B
:102B900040F400201AF0010FCDE901B20390DAD021
:102BA0003049264A2748832304F039FF2E4804F091
:102BB00036FF832159E79868D3F804A0525804F0EF
:102BC000DBFF40F0C060CDE901A240F40030C1E776
:102BD0009868D3F804A0525804F0CEFFCDE901A2C2
:102BE00040F08270B6E79868D3F804A0525804F019
:102BF000C3FFCDE901A240F48020ABE79868D3F889
:102C000004A0525804F0B8FFCDE901A240EA09003F
:102C1000A0E701A9FFF750FE23780133237077E77F
:102C2000C1F89830C1F8A000013338E7002005B0A2
:102C3000BDE8F08F00ED00E05C880000BB9A00006A
:102C4000AEA1000040910000439B00002805002039
:102C50000000F0FF00000211F69B0000469C0000FF
:102C6000CC9B0000779B00009D9B000008B50B4BA0
:102C7000C3F1005303F58033B3F5006F0CD208495C
:102C8000084A0948922304F0CAFE084804F0C7FE27
:102C90000448922104F0BAFE002008BD80310020D3
:102CA000A69C0000769C000040910000ED9C000076
:102CB000014B1860704700BF0400002010B5074C9E
:102CC0002368C2180648C0F1005101F580318A42DC
:102CD0003ABF2260C0184FF0FF3010BD280300201B
:102CE0008031002010B558B909490A480A4A40F213
:102CF000C71304F094FE084840F2C71104F086FEA2
:102D00004FF0FF32BDE810404FF0FF3302F01EBC21
:102D1000759D000040910000769C000008B558B9F0
:102D200007490848084A40F2E31304F078FE0648D1
:102D300040F2E31104F06AFEBDE8084002F0D6BCA0
:102D4000759D000040910000769C0000044A01231C
:102D5000C2F840354FF080420020C2F87835704705
:102D600000E0014048B1054B054A1B68B3FBF2F394
:102D70005843044B43F00103184770477800002084
:102D800040420F00C087000008B50448044A3F23B2
:102D9000C0E9002301F02CF9002008BD2C0300201D
:102DA000FFFF0F0037B50C460A490B4A411A402372
:102DB0000093491105462346084804F0F0FE011E21
:102DC00005DA2846234603B0BDE83040184703B073
:102DD00030BD00BF48030020097C0000DC850000F6
:102DE00010B5EFF31184202383F31288BFF36F8FA4
:102DF000074A136823F00201DB07116002D40120A7
:102E000001F0A0F984F31188BFF36F8F10BD00BFEC
:102E1000A0030020C9B2012908B509D90849094809
:102E2000094A7E2304F0FBFD07487E2104F0EEFDF5
:102E300003690C2201FB0233986C00F0070008BD07
:102E4000ED9D000040910000B09D000070B5C9B23A
:102E5000012903690BD9194919481A4A4FF4E87333
:102E600004F0DDFD17484FF4E87104F0CFFDEFF3F7
:102E70001185202484F31288BFF36F8F0C2606FB84
:102E80000134A46C14F0C00408D0A24206D085F32B
:102E90001188BFF36F8F4FF0FF3070BD06FB013319
:102EA00001229A6485F31188BFF36F8F436803EBA7
:102EB000C1035B6898470020EFE700BFED9D00006D
:102EC00040910000B09D000070B50D460649411AC2
:102ED0000446491105484022FFF7B8FF2B4601463A
:102EE0002046BDE87040184748030020DC850000FC
:102EF0000022F8B5012105461046FFF7FBFB1048FC
:102F000001F0AEF80446B8B901F0CAF82F690D49CE
:102F1000384604F0D3FD031E09DB0126BE642D698B
:102F2000084905F1200004F0C9FD031E02DA1C4621
:102F30002046F8BD6E65FBE76FF00404F8E700BFBC
:102F4000E92F00007C8800001FB500220123CDE995
:102F50000223094ACDF800D06B46CDF804D004F026
:102F60004CFE002805DB4FF4FA720023684602F09D
:102F700027FD05B05DF804FB157C000010B5064C7C
:102F800023782BB94FF4A57005F0E3F801232370E3
:102F9000BDE8104001F0DAB92905002030B4104B2B
:102FA0000C2202FB003301460020D3E910521864C2
:102FB000EFF31180202484F31288BFF36F8F9C6C91
:102FC00004F0C00444F002049C6480F31188BFF351
:102FD0006F8F1DB12B46034830BC184730BC70477B
:102FE00048030020DC850000012808B506D003282E
:102FF00008D098B90F4B9B6C5B0719D1BDE808400E
:10300000FFF7CCBF0C490D4A0D4840F2FA2304F0FB
:1030100006FD40F2FA21094804F0F8FC0649074A87
:1030200007484FF4417304F0FAFC4FF44171F2E7A2
:1030300008BD00BF48030020AEA10000B09D000005
:103040004091000010B4EFF31182202383F3128823
:10305000BFF36F8F1748016841F002040460C8078E
:1030600007D482F31188BFF36F8F012010BC01F0E9
:1030700039B84FF08041D1F80C04D1F80C14C907CD
:10308000EFD5EFF3118083F31288BFF36F8F0A49F6
:103090008B6C03F0C00343F002038B6480F3118850
:1030A000BFF36F8F82F31188BFF36F8F002010BCC6
:1030B000FFF774BFA0030020480300202DE9F04172
:1030C0004449BFF35B8F0646012251E8003F41E8C7
:1030D00000200028F9D1BFF35B8FA3B93E493F48D8
:1030E0004B60CB608A60FEF795FE00280BDA3C4906
:1030F0003C4A3D4840F2A32304F091FC40F2A32156
:10310000384804F083FC76B3731E012B58D8012E87
:1031100007D14FF08043D3F81C3403F00303012B95
:1031200021D005F062F80546F8B9304B1B78E3B1C1
:103130004FF080430222C3F808230746DFF8B0802F
:103140004FF08044D4F81824D4F81834D20315D59D
:1031500003F00303012B01D0012E0FD155B387F3E8
:103160001188BFF36F8FBDE8F081EFF31187202343
:1031700083F31288BFF36F8F0125DFE7ADB13846C7
:1031800004F0EBFCD4F81835002BDBD1D4F8042183
:10319000002AD7D0C4F80431D4F804310123C4F88C
:1031A0001835C8F88031A360CCE70021012003F076
:1031B000F9FAE7E74FF080430222C3F80423D2E78D
:1031C0000C49084A084840F2B52304F028FC40F2B4
:1031D000B52195E744030020340300206803002054
:1031E000119E0000B09D0000409100002C050020C1
:1031F00000E100E0AEA1000008B5074804F0ADFF13
:1032000038B10648FFF754FD0448FDF7A7FF00203A
:1032100008BD6FF01200FBE71486000021320000A9
:103220000A2838B5074D044604D1AB680D215B6808
:1032300028469847AB6803485B68E1B29847204648
:1032400038BD00BF1486000010B5036961B920497C
:10325000204A21484F2304F0E2FB204804F0DFFB22
:103260004F211C4804F0D2FB486850B91C49194A48
:103270001948502304F0D3FB1A4804F0D0FB502126
:10328000EFE75868F8B1884219D19C68086858601F
:10329000A14200D19860002008602AB15A680A60F3
:1032A0009A68596002B99960002010E0814206D105
:1032B0000868206098688142EDD19C60EBE7044685
:1032C00000680028F2D1002AE8D16FF0150010BD87
:1032D000659E0000299E0000409100006E9E000047
:1032E0007D9E00008F9E000008B50268530904D13E
:1032F0004FF0FF33D340DB070BD407490748084A98
:103300004FF4747304F08BFB05484FF4747104F0B0
:103310007DFB4FF0A04008BDD99E00004091000009
:10332000A69E000070B54468207C01F01F0545EAA8
:103330004015A06886B0002871D0B2F5001F04D1F6
:10334000294601F059FC00204DE06068667CC0F819
:10335000246501A80026B2F5800F0196466031D1A0
:10336000B3F1007F14BF052304238DF8043000233C
:10337000CDE904030393E368CB40D90735D4B2F118
:10338000A07F32D168460095FFF7AEFF05F5E073E8
:1033900050F82330DB0728D4A0686A46294601F09C
:1033A000CBFA163019D0CDF808D0A06803AA294668
:1033B00001F078F9002816DBA0680122294601F007
:1033C0009BFBC0E7B3F1C06F05D0B3F1007F14BF22
:1033D00001230223C9E70323C7E7A068694601F078
:1033E0006BFB0028DFDA06B070BDA0686A4629468C
:1033F00001F0A2FA0028D8D19DF80010A06801F0D1
:103400003FFB0028D1D007490748084A40F2F11392
:1034100004F005FB054840F2F11104F0F7FA6FF0F3
:103420008500E0E7289F000040910000FC9E00001E
:10343000430970B507D1124B596821B101250C68B9
:10344000104E854001B970BD8A682A4010D04B6883
:1034500063B90D490D4A0E48742304F0E0FA0D4893
:1034600004F0DDFA0948742104F0D0FA3046984798
:103470001CB1236821461C46E4E72346FAE700BF57
:10348000A4030020F8850000319F0000299E000061
:10349000409100008F9E00002DE9F043476840F204
:1034A00006363B7CD00687B001F01F0502EA06060F
:1034B00045EA431554BFC2F340130323B6F5837F97
:1034C00014468DF8033044D00DD8062E16D005D8FA
:1034D000A6B1022E3FD06FF0150037E0B6F5807F21
:1034E000F9D101260AE040F20222964235D0B6F523
:1034F000407F34D0B6F5007FEDD1022601232203B0
:1035000003FA01F12DD57B68C3F80815B86870BBC4
:1035100003A80395FFF7E8FE84F4803300EB8500F1
:10352000C3F30043C4F34044D0F8002744EA430403
:103530009DF8033022F4E16244EA830422F007029A
:1035400044EA06231343C0F80037002007B0BDE863
:10355000F0830726D2E70426D0E70526CEE7032628
:10356000CCE7630344BF7B68C3F80C15CEE70DF1CD
:103570000202294601F0E0F914F4403F804617D1D9
:10358000B868294601F064FAB8F1000FDDD19DF862
:103590000210B86801F074FA0028D6D01E491F48FE
:1035A0001F4AFC2304F03BFA1D48FC2104F02EFACC
:1035B0004FF0000901ABCDE90199CDE90439CDF80F
:1035C0000C90B86803AA294601F06CF84845BCDBAA
:1035D00014F4003314D084F480349DF803308DF853
:1035E0000E30C4F300448DF80C608DF80D40B868BF
:1035F0004B4603AA294601F007F90028C4DAA4E7DC
:10360000CDE904330DF103030393B86803AA2946F7
:1036100001F048F8F1E700BF289F0000409100004A
:10362000FC9E000038B54568A86890B101F0F6F935
:10363000014670B9A86801F0B1F9044658B90246CC
:103640000649A86801F060F9224605210620FFF727
:1036500051F8002038BD6FF00400FBE73134000062
:1036600008B50268530904D14FF0FF33D340DB079C
:103670000BD407490748084A4FF4747304F0CFF994
:1036800005484FF4747104F0C1F94FF0A04008BD33
:10369000D99E000040910000A69E00002DE9F04F49
:1036A000DFF854B185B01546824600EB810840F240
:1036B000FF19D04503D1002005B0BDE8F08FDAF83E
:1036C00000305A04C3F3C321C3F3080400F18E8011
:1036D0004A4A1B0E575C4C4508BF4FF0FF34192B6C
:1036E00000F28780DFE803F00D141A1D20261D85E7
:1036F000858585356185858585858585858564791B
:103700007C7FC5F80C45631C5CD10AF1040AD0E744
:10371000C5F81445661CF8D000265CE0C5F80845DD
:10372000F1E7C5F81045F5E7601CC5F80845ECD091
:10373000002604E0611CC5F80C45E6D0012603A86C
:103740000394FFF78DFF012101FA04F3C0F80C3553
:1037500008E0C5F80845002FDCD1631CD5D0002651
:1037600031460627DAF80030019303F400400028C0
:1037700018BF002103A8009118BF01260394FFF78A
:103780006FFF019B009900EB8400C3F3412CD0F83C
:1037900000473B0243EA8C030B4304EA0B04234338
:1037A00043EA4603C0F80037AFE7C5F80C45D2E757
:1037B000C5F86045621CDAF80030A6D0C3F30043B8
:1037C000002BBBD003A80394FFF74AFF012606FA9B
:1037D00004F3C0F808353146C4E7C5F86445E9E7A5
:1037E000C5F86845E6E7C5F86C45E3E76FF01500F6
:1037F00062E76FF085005FE7F0F8FCFF4B9F000089
:103800002DE9F041044647680D4604F0EEFC88B10E
:103810004FF02008EFF31186314688F31288BFF38A
:103820006F8F606804F059FA50BB86F31188BFF3BC
:103830006F8FEFE71F4B1B78002BE9D04FF020086C
:103840006426606804F049FA70B9012004F00AFBAC
:10385000013EF6D10021012002F0A4FFF0E786F33B
:103860001188BFF36F8FF5E7EFF31186314688F3C8
:103870001288BFF36F8F606804F02FFA0028EED033
:10388000BB691D706368BA691B680020C3F84425D2
:103890000122C3F84825C3F82001D3F82041C3F81A
:1038A0005801D3F858019A6081F31188BFF36F8FE4
:1038B000BDE8F0812C05002030B4104BD3E9005452
:1038C000C2F30E01521B500922F01F02521944F19B
:1038D0000004C3E90024A1F58053B3F5C04F09D219
:1038E000074B1B685A0CDB035C18064B42F10005C2
:1038F000C3E9004530BC03F0A1BA00BF2801002095
:10390000C803002030010020E0B1BFF35B8F0E4BF5
:1039100053E8001F41F0020143E80012002AF7D1EA
:10392000BFF35B8F094A4FF40033C2F80433084AEF
:10393000BFF35B8F1268BFF35B8F920744BF054AEA
:10394000C2F80031704700BFC403002000100140DE
:10395000BC03002000E100E00C4BBFF35B8F53E899
:10396000000F20F0020243E800210029F7D1BFF345
:103970005B8F074B4FF40032C3F80823BFF35F8F10
:10398000BFF36F8FC0F34000704700BFC403002037
:103990000010014030B5144B1868410CC003BFF350
:1039A0005F8F124BD3F8043547F6FF7293420AD16A
:1039B0000F4AD2E90045844275EB010209D3C018D1
:1039C00041F1000130BD181841F10001B3F5006F5D
:1039D000F8D2074BD3E90023904271EB0303F1D2F5
:1039E00010F50040ECE700BFC803002000100140C4
:1039F000300100202DE9F743374CD4F80433D903C4
:103A000019D540230022990810290CD1D4F840314F
:103A1000002B41D00023C4F84031D4F840314FF49A
:103A200080324423EFE70433502BECD11AB12B4AF8
:103A3000136801331360D4F804339A0329D5BFF314
:103A40005B8F274B53E8002F22F0020143E8001060
:103A50000028F7D1BFF35B8F930702D4D4F8443129
:103A6000BBB10025C4F84451D4F84431FFF792FFAC
:103A7000EFF31182202383F31288BFF36F8F194B6A
:103A8000D3E90667B042B94108D282F31188BFF387
:103A90006F8F03B0BDE8F0834423B4E74FF0FF38E5
:103AA0004FF0FF39C3E90689D3E904101D614FF4D3
:103AB0000033C4F84833C4F84451D4F8443182F395
:103AC0001188BFF36F8F0029E3D0009032463B4648
:103AD00001208847DDE700BF00100140C803002037
:103AE000BC030020080100202DE9F74F0D461F46BA
:103AF000044601929DF83080FFF72EFF0090FFF7FB
:103B000049FFA04271EB05034CD2201A44F2010395
:103B100065EB0101984271F1000146D2324BD3E9C5
:103B200006239D4208BF944255D0304B4FF4003ECF
:103B30004FF00009C3F848E3C4F30E0CC3F84491F6
:103B4000D3F84421032062466FF0020A43F6FD7B5E
:103B5000C2F30E01002908BF0122C2F30E01C3F80F
:103B60004415C3F844E3D3F80465AAEB06011144F5
:103B7000C1F30E0159452ED9D3F8442162B1D3F8CF
:103B80000465A6EB0C02C2F30E02B2F5804F22D9F7
:103B9000C3F84491D3F84421B8F1000F05D182193C
:103BA0000130D5E7B8F1000F08D06FF01504009888
:103BB000FFF7AAFE204603B0BDE8F08F0C4BBFF321
:103BC0005B8F53E8001F41F0020143E80012002A16
:103BD000F7D1BFF35B8F044B019AC3E90645C3E9F4
:103BE00004270024E3E700BF080100200010014083
:103BF000BC0300207FB5284C284BC4F80833C4F818
:103C00004833274B274A00254FF0FF304FF0FF3154
:103C10004FF48036C4F80855C3E90201C4F80463C0
:103C2000C3E906014FF40033C4F804330121C2F89C
:103C3000803111202A46FEF75DFD1120FEF73EFD82
:103C40000123A3602360184B03221A600021174A46
:103C500000952B4643F6E070FFF746FF0220FFF782
:103C60002DFA134A13491368134823F00103136014
:103C700047F6FF73C4F844630DF10F02C4F84035F2
:103C800004F02DF9002804DB9DF80F0000F0D4F9B2
:103C9000284604B070BD00BF0010014001000F00B5
:103CA0000801002000E100E0C4030020B938000052
:103CB000C00300200810014040110140431C13B50F
:103CC000044626D040F2FF139842A8BF1C46012CA0
:103CD000B8BF01246401FFF75DFE0F4BD3E900215B
:103CE000801AB0F5804F28BF00241F30204420F0F8
:103CF0001F0043F6E073984228BF184680184FF023
:103D00000003064A009341F10001FFF7EDFE02B007
:103D100010BD43F6E074DEE728010020B93800004A
:103D200008B5FFF737FE054AD2E90032C01A61EB49
:103D30000201400940EAC16008BD00BF280100201F
:103D40004FF0704393F8E02F062A09D1D3F8E83FEB
:103D5000C3F30313033B042B02D8024AD05C704721
:103D600000207047709F0000024AD2F80034002BF8
:103D7000FBD0704700E0014010B504F062F840B19C
:103D80004FF080538E4AD3F82433C3F30423C2F890
:103D90004035FFF7D5FF10B18A4B8B4A5A6704F0C4
:103DA00050F848B14FF080534FF08042D3F844327E
:103DB000C3F34233C2F83C35FFF7C2FF30B1834A48
:103DC000D2F8FC3023F08073C2F8FC3004F039F8EC
:103DD00040B14FF080430022C3F80C21C3F81021FA
:103DE000C3F83825FFF7ACFF20B14FF08043032222
:103DF000C3F8A025FFF7A4FF60B1754B0522C3F8F7
:103E000010260122C3F888260022C3F818263F2274
:103E1000C3F814264FF08053D3F83021511C09BF4A
:103E20004FF07043D3F8343193F8E02FD3F8E83FE4
:103E300008BFC3F30313062A4DD1033B042B03D859
:103E4000644AD35C002B46D04FF08052624BD2F8CC
:103E50000414C3F82015D2F80814C3F82415D2F8B6
:103E60000C14C3F82815D2F81014C3F82C15D2F886
:103E70001414C3F83015D2F81814C3F83415D2F856
:103E80001C14C3F84015D2F82014C3F84415D2F816
:103E90002414C3F84815D2F82814C3F84C15D2F8E6
:103EA0002C14C3F85015D2F83014C3F85415D2F8B6
:103EB0003414C3F86015D2F83814C3F86415D2F876
:103EC0003C14C3F86815D2F84014C3F86C15D2F846
:103ED0004424C3F8702503F0B4FF48B14FF0805379
:103EE0004FF08042D3F8583203F04F03C2F8E43E5B
:103EF00003F0A7FF48B14FF08043D3F80024D20766
:103F000044BF6FF00102C3F800244FF08053D3F890
:103F10003021062A26D1D3F83431033B042B02D8B2
:103F20002E4AD35C63B12E4AD2F83C3743F4806307
:103F3000C2F83C374FF08053D3F83031062B11D103
:103F40004FF08053D3F83431033B042B02D8254A79
:103F5000D35C3BB14FF01023D3F808224FF08043DD
:103F6000C3F858254FF01023D3F80022002A03DBB2
:103F7000D3F80432002B22DA1B4901234FF0102022
:103F8000C1F804351524FFF7EFFEC0F80042FFF733
:103F9000EBFEC0F80442FFF7E7FE0023C1F804354A
:103FA000FFF7E2FEBFF34F8F0849104BCA6802F4D7
:103FB000E0621343CB60BFF34F8F00BFFDE710BD3E
:103FC0000030014000C007400DF0ADBA00ED00E048
:103FD000005000406B9F000000C00040669F000042
:103FE00000100040619F000000E001400400FA055D
:103FF000014B1860704700BFCC03002010B50A4B7E
:104000001868144648B9094909480A4A3B2303F08D
:1040100006FD08483B2103F0F9FC03F025FF0028CA
:10402000A4BF2070002010BDCC030020B19F000071
:1040300040910000759F0000024A01238340C2F8AE
:104040000435704700F00140014B00201B68184701
:10405000D0030020014B1B68184700BFD00300208D
:1040600010B50C4C237993B9012323710A4B2060BE
:10407000002818BF184600F0DBF850B9236807483D
:10408000002BBDE8104008BF184600F04DB96FF096
:10409000770010BDD00300204940000055400000CB
:1040A00008B50C4B1A794AB90B490C480C4AB12394
:1040B00003F0B5FC0A48B12103F0A8FC1B683BB132
:1040C0000020FEF709FB18B9BDE80840FEF7F6BA74
:1040D00008BD00BFD003002004A0000040910000F4
:1040E000C79F000008B5124B1B795BB91149124AF2
:1040F000124840F2051303F092FC40F205110E48FD
:1041000003F084FC58B101280DD00D490A4A0B4830
:104110004FF4927303F083FC4FF49271EFE7BDE824
:10412000084000F013B9BDE8084000F095B800BFA2
:10413000D003002004A00000C79F000040910000B1
:10414000AEA1000008B5124B1B795BB91149124AA8
:10415000124840F22B1303F062FC40F22B110E4880
:1041600003F054FC28B1012807D1BDE8084000F055
:10417000A1B8BDE8084000F059B90949064A074806
:104180004FF4A57303F04BFC4FF4A571E7E700BFB4
:10419000D003002004A00000C79F00004091000051
:1041A000AEA100004FF08053D3F83021511C09BF5D
:1041B0004FF07043D3F8343193F8E02FD3F8E83F51
:1041C00008BFC3F30313062A05D1033B042B04D80D
:1041D000034AD05C7047002070470120704700BF41
:1041E00065A0000038B54FF080440123C4F80833BF
:1041F00063600023C4F80031D4F8003142F2107536
:10420000D4F80C24D4F80C34D20307D5DB0705D539
:10421000012003F027FE013DF2D138BDFFF7C2FFB8
:104220000028FAD0014B00225A71F6E7D80300208B
:1042300038B5084C25794DB9012320602371FFF76B
:10424000B1FF08B9002038BD6571FBE76FF077005A
:10425000F9E700BFD803002008B512490B794BB924
:1042600011491248124A772303F0D9FB10487721ED
:1042700003F0CCFB4FF080430022C3F80021D3F8B9
:10428000002101221A60096811B1C3F8042308BD96
:10429000D3F80021002AFBD00022C3F80021D3F874
:1042A0000031F4E7D803002004A000004091000092
:1042B00022A0000008B5084B1B794BB907490848F4
:1042C000084A892303F0ABFB0648892103F09EFBD3
:1042D000BDE80840FFF786BFD803002004A0000017
:1042E0004091000022A0000010B54FF08043D3F8A9
:1042F0000423D20715D5D3F8002192B10022C3F8C8
:1043000000210124D3F80021C3F80843FFF74AFF36
:10431000044B10B15A7922B95C71BDE810401B689A
:10432000184710BDD8030020074A137943B901216B
:10433000106011714FF080421846C2F8183570476E
:104340006FF07700704700BFE003002010B5324CDB
:1043500023794BB931493248324AE52303F05FFBF8
:104360003048E52103F052FB4FF08043D3F8181496
:10437000D3F81824C90337D502F00303012B03D067
:104380000BB103F0C9FD00234FF08042C2F818358D
:104390000023C2F80431D2F804314FF08053D3F82F
:1043A0003021511C09BF4FF07043D3F8343193F8DA
:1043B000E02FD3F8E83F08BFC3F30313062A08D160
:1043C000033B042B02D8184AD35C13B18A2003F0B4
:1043D00049FD4FF0804301229A60226872B9D3F8F8
:1043E0000421002AFBD011E0D3F81424D207CAD547
:1043F000D3F81C249007C4D422681AB10222C3F84F
:10440000042310BDD3F80421002AFBD00022C3F8F6
:104410000421D3F80431F4E7E003002004A00000F5
:10442000409100006AA00000ADA0000008B5094B53
:104430001B795BB908490948094A4FF4917303F0A5
:10444000EEFA07484FF4917103F0E0FABDE8084036
:1044500003F062BDE003002004A0000040910000D2
:104460006AA00000F8B54FF080431F4FD3F8044313
:10447000012504F01A04002604B9F8BDB4FA84F04A
:10448000C0F11F00830003F580739BB203F18043EA
:1044900005FA00F2196824EA02040029ECD01E6033
:1044A0001B684FF080430128C3F808230FD1D3F8CD
:1044B0001824D3F81824920702D03B689847DBE70A
:1044C0000222C3F81805C3F804239860D4E707490B
:1044D0000748084A4FF4F57303F0A1FA05484FF472
:1044E000F57103F093FA00BFE0030020AEA10000D5
:1044F000409100006AA000004FF08053D3F83021B3
:10450000511C09BF4FF07043D3F8343193F8E02FBA
:10451000D3F8E83F08BFC3F30313062A05D1033BD2
:10452000042B04D8034AD05C704700207047012058
:10453000704700BF70A1000008B502680146104630
:1045400003F003FD58B90F490F4A10484FF4747334
:1045500003F065FA4FF474710B4803F057FA02F058
:104560001F0352090B6009D00949074A074840F266
:10457000D93303F054FA40F2D931EDE74FF0A040BF
:1045800008BD00BFD99E0000A69E0000409100001B
:10459000AEA10000072808B50BD908490848094A08
:1045A00040F2A73303F03BFA064840F2A73103F08C
:1045B0002DFA800000F5807008BD00BFE7A0000064
:1045C00040910000B2A0000010B5CBB200EB430355
:1045D0009A8AD1051BD5C2F3432122F4F8529A825C
:1045E00000F1520400F1120232F8023F13F4807F0E
:1045F00003D0C3F34323994209D09442F4D100EB92
:10460000C10300225A60583003F04CFC00B910BDC1
:1046100005490648064A4FF4DB7303F000FA0448E4
:104620004FF4DB7103F0F2F9289F00004091000085
:10463000F1A0000073B5CEB200EB46060546B38A82
:10464000DB070C4628D503F05FFD2146284603F022
:1046500086FC48B1B28A2B68520B03EB820300221E
:10466000C3F81025C3F81025284621460025FFF77A
:10467000ABFFB58201A80194FFF75EFF019B00EB41
:104680008300074BD0F80027134043F00203C0F823
:104690000037284602B070BD6FF01500FAE700BF82
:1046A000F0F8FCFFF0B50D4685B01646044658B943
:1046B00052495348534A40F25E4303F0B0F951481F
:1046C00040F25E4103F0A2F91768CFB103F055FC48
:1046D00000BBCDE900008DF80E008DF80F003B46C1
:1046E0000DF10F020DF10E01284603F070FCEAB245
:1046F00004EB4202938A23F0020343F00103938206
:10470000736853B3294620461A785F6803F02EFC7D
:1047100018B1CFB16FF0150022E0E9B204EB41010E
:104720008B8A23F4604323F020038B8267B1032A32
:10473000F0D8736858682368077803EB87038AB951
:10474000C3F81025C3F81025E9B204EB41018B8AA8
:1047500023F01C0343EA82038B82B3684BBB002027
:1047600005B0F0BDD3F8100520F00300C3F8100524
:10477000206800EB8700D0F8103523F4473323F48A
:104780004073C0F810352B02D0F810C503F4F8536D
:1047900043EA024343EA0C03C0F8103504EB470335
:1047A000A3F85C508B8A43EA473343F020038B82A3
:1047B000CAE7D3E9006729462046FFF705FF002E28
:1047C000CDD063689E4206D004F1580003F04CFB44
:1047D000002804DAC4E7A3689F42F5D1002004EB67
:1047E000C003C3E90167EDB204EB4505C0B2AB8A73
:1047F00043EA402343F48073AB82B0E72FA100006B
:1048000040910000F1A00000F0B50C4685B01E46B6
:10481000054658B939493A483A4A4FF48D6303F08E
:10482000FEF838484FF48D6103F0F0F812B303F04E
:104830009DFB20B92146284603F091FB08BBE7B257
:1048400005EB4707BB8A13F01C0F02D05378012BEE
:1048500017D001238DF80F300023CDE900230DF18F
:104860000F01931C2046013203F0B1FBBB8A43F0D9
:104870000303BB82002E3FD02146284603F076FB7F
:1048800018B96FF0150005B0F0BD37782B6803EB51
:1048900087030022C3F81025C3F81025E2B205EB08
:1048A00042024FEA870C938A23F4604323F02003EB
:1048B0009382707800B32968B67861440004D1F817
:1048C000103523F4981323F4F853C1F8103523025C
:1048D00000F4403003F4F85303433005D1F8105589
:1048E00000F4801003432B43C1F81035938A43EA48
:1048F000473343F0200393820020C4E72FA1000038
:1049000040910000F1A0000008B558B907490848D7
:10491000084A40F2714303F082F8064840F27141C0
:1049200003F074F8C0E9031208BD00BF2FA1000016
:1049300040910000F1A0000010B503460C4658B9A4
:104940001249134A134840F27A4303F068F840F2E0
:104950007A410F4803F05AF84AB90F490C4A0D48FA
:1049600040F2233303F05BF840F22331F1E703F028
:10497000F6FA38B1E4B203EB440300209B8A5B0BE8
:10498000137010BD6FF01500FBE700BF2FA10000F2
:10499000F1A00000409100003AA10000F8B50546E2
:1049A00058B91B491B481C4A4FF4916303F037F870
:1049B00019484FF4916103F029F890F86C4024BB3A
:1049C00040222146143003F08EFC2E682746E0B2C8
:1049D000FFF7E0FDA0F580739B081F2B08BF375041
:1049E00004F1010408BF3358082CF0D10024C6F8A4
:1049F0007C4146F30730D6F87C31FDF75FFE01239A
:104A000085F86C30AB652046F8BD6FF07700FBE7AA
:104A10002FA1000040910000F1A0000008B558B996
:104A200008490948094A40F28F4302F0F8FF074855
:104A300040F28F4102F0EAFF90F86C00003818BF96
:104A4000012008BD2FA1000040910000F1A000004E
:104A500008B558B907490848084A40F29D4302F092
:104A6000DEFF064840F29D4102F0D0FFBDE808405D
:104A7000FFF7E0BD2FA1000040910000F1A0000071
:104A800008B558B908490948094A40F2A44302F058
:104A9000C6FF074840F2A44102F0B8FFBDE8084055
:104AA000044803F0FFB900BF2FA1000040910000AF
:104AB000F1A000007C00002010B50C4658B90A494E
:104AC0000A480B4A40F2AB4302F0A9FF084840F203
:104AD000AB4102F09BFF074803F0C6F90028A4BFD2
:104AE0002070002010BD00BF2FA1000040910000E9
:104AF000F1A000007C0000202DE9F3410D46164690
:104B0000044658B93749384A38484FF4A56302F08B
:104B100086FF4FF4A561344802F078FFCBB200EB7A
:104B200043039A8A12F01C0F09D131492E4A2F48AB
:104B300040F2354302F073FF40F23541EBE703F0FA
:104B40000EFA2768F0B12946204603F00FFA804696
:104B5000C0B9550B2846FFF71DFD47F800803B58AC
:104B6000236803EB8503D3F8102542F00102C3F854
:104B7000102526B122680123AB40C2F8043302B0ED
:104B8000BDE8F081D7F80423002AA4BF4FF000420B
:104B9000C7F804234EB91749134A144840F24F434B
:104BA00002F03DFF40F24F41B5E79B8AC3F3820319
:104BB000042B12D0052B12D001A80195FFF7BCFCE5
:104BC000019BD0F81015D94001F0010102312846AF
:104BD00002B0BDE8F04103F047BA0321F7E7022134
:104BE000F5E700BF2FA10000F1A0000040910000F8
:104BF00044A1000065A1000008B558B9074908485C
:104C0000084A40F22F5302F00AFF064840F22F51A3
:104C100002F0FCFEBDE8084003F076BA2FA10000C8
:104C200040910000F1A000002DE9F04F074685B04B
:104C300058B961496148624A40F25C6302F0EFFE94
:104C40005F4840F25C6102F0E1FE8046082258F8BD
:104C5000049BD9F80413C9B241F00041484603F05F
:104C600026FA051E16DA0023012102A8029303F09A
:104C70000AFA4FF0010A029A92B94FF000414846F1
:104C800003F015FA012102A803F0FDF90028F2D182
:104C900025F000450124002D78D105B0BDE8F08F46
:104CA00092FAA2F4B4FA84F407EB4403E0089E8A73
:104CB000039402ABB2081B5C019204F0070102AA44
:104CC0000AFA01F123EA0103135403A8FFF734FCA5
:104CD000039B019A03F5E073C6F3820B50F823306F
:104CE00052075E46C3F3014332D532462146404661
:104CF0005FFA83FB03F04EF903A80394FFF71CFC53
:104D0000039B03F5E07350F82330C3F301439B4545
:104D100007D10021204603F0A7F95946204603F0A9
:104D2000A3F903A80394FFF707FC039B0AFA03F314
:104D3000C0F820350446FFF7DFFB00289BD0D4F8ED
:104D40002035D4F82035D4F82035D4F8203592E732
:104D5000022B0DD10321204603F086F90BF0050349
:104D6000012BDED132462146404603F013F9D8E745
:104D700002212046019303F077F9BBF1030FF1D034
:104D8000019B032BCDD1BBF1020FEAE795FAA5F306
:104D9000B3FA83F304FA03F225EA020503F5A272DB
:104DA00007EB430359F82220B3F85C10C2F3014229
:104DB000404603F0EFF86EE72FA10000409100009D
:104DC000F1A0000038B5436905463BB90024EA6804
:104DD000537843F001035370604238BD984704464E
:104DE0000028F3D000F1FF03FE2B0ED9094A0A492F
:104DF0000A48212302F013FE29680948224602F0DE
:104E00000EFE0448212102F001FEEB6844421C70B2
:104E1000DDE700BF75A1000098A1000040910000EF
:104E2000B0A1000070B50446EFF31186202383F390
:104E30001288BFF36F8F0E4B9D6803F0A1F9042C0D
:104E40000CD10C490C4A0D48872302F0E8FD0C48B0
:104E500002F0E5FD0848872102F0D8FD86F31188AD
:104E6000BFF36F8F2846BDE87040FDF7D5BB00BF8C
:104E7000E8030020F7A10000D5A100004091000048
:104E800014A2000038B50A4B53F82040013053F803
:104E90002050A54200D838BD606830B1037EDB07E2
:104EA00001D4FFF78FFF0834F3E723689847FAE748
:104EB000F088000070B5384B384C394D012286B06F
:104EC00003201A70FFF7DEFF03F0E4F90420FFF778
:104ED000D9FFAC42264628D93249334A33484423C5
:104EE00002F09DFD324802F09AFD44212E4802F066
:104EF0008DFD54F80C3C059354F8103C049354F881
:104F0000143C039354F8183C029354F81C3C01934E
:104F100054F8203C009354E90A2354E90C0100F0B2
:104F2000C9FD54F8303C5E65D3E7AE4204F130046D
:104F3000DFD301F0EBF9194C1E4EAC421FD91949D1
:104F4000194A1A48682302F06AFD194802F067FD01
:104F50006821CBE7D4E90A23B3F1FF3F08BFB2F1E0
:104F6000FF3F05D052EA0301206803D101F04CFC59
:104F70003034E2E73146183001F026FEF8E7E9D395
:104F800001F036FA02F091FC0B4A137B23F0010387
:104F9000137306B070BD00BF2C05002068870000A9
:104FA000688700006AA2000049A20000409100004A
:104FB00097A2000057820000B801002070B50023BE
:104FC00086B00122CDE90423134E144D01930F2224
:104FD000CDE902321249142303FB005506EBC0163B
:104FE00004464FF4107000FB04110E4B00954FF473
:104FF0000072304600F05EFD737B0B4AEE6023F0DA
:10500000040373734FF4046304FB033313442C74DD
:105010006B6006B070BD00BF38010020E8030020BF
:105020000027002039510000C01E00207FB500205D
:10503000FFF728FF324B83F30888324C636943F44F
:1050400000736361E02384F822300023E377237642
:105050006376A37684F82030626A42F4E0226262CA
:1050600084F82330FDF74CFAFDF7E6FB4FF0FF33F1
:10507000A362E362FDF7DCFCFDF702FC224800F0CE
:10508000D1FD224B224A93420ED92249224A23487B
:10509000CC2302F0C4FC224802F0C1FC1E48CC2103
:1050A00002F0B4FC1C33EEE7FCD30120FFF7EAFE6C
:1050B0000220FFF7E7FE01F027FA1A4B1A4C5C6159
:1050C0001A4B059300250123194900954FF40062FE
:1050D000CDE90353CDE90155164B204600F0EAFC1B
:1050E000637B064623F004032046637300F0C0FE92
:1050F0002846FFF763FF0F4A31462046FDF782FB43
:105100000027002000ED00E038020020DC850000D0
:1051100030860000B6A2000049A2000040910000C5
:1051200097A20000E8030020B8010020CEA20000F2
:1051300040290020B54E000008B50D4B9B6893F93F
:105140000E30002B09DB2024EFF3118384F3128847
:10515000BFF36F8F02F0F4FCF6E706490648074AF2
:105160001C2302F05CFC05481C2102F04FFC00BF30
:10517000E8030020F4A2000040910000D3A2000048
:1051800008B583684BB90B490B480C4A8F2302F0D2
:1051900046FC0A488F2102F039FCD0E90032136046
:1051A0005A60427B0023C0E9003322F002024273BE
:1051B000836008BD47A30000409100001CA30000CD
:1051C0002DE9F74F04469DF830A00F4691461E4644
:1051D000EFF3058373B152EA06030BD05C495D4AD5
:1051E0005D48812302F01BFC5C4802F018FC812121
:1051F000584819E004F10805EFF311884FF0200B2F
:105200008BF31288BFF36F8F284601F083FC68B9D7
:10521000534A54495048882302F001FC2946524819
:1052200002F0FDFB88214E4802F0F0FB284601F019
:1052300095FC626A23699A4273D2EFF311838BF370
:105240001288BFF36F8F83F31188BFF36F8F5BB941
:105250004649474A4048A62302F0E1FB3F4802F096
:10526000DEFB4348A621DFE72668B44219D0C6B169
:105270003046FFF785FF06F1180001F081FDE26876
:1052800030693946002403F020F83046B46700F056
:10529000EFFD4146284600F0DFFF204603B0BDE8A1
:1052A000F08F206A6169884202D3A369984207D3CC
:1052B0003049284A28489C2302F0B1FB9C2197E7FB
:1052C000E268BAF1000F21D0394602F0FEFF236AEE
:1052D000E2681344A2692362934201D163692362A5
:1052E000636A013363620024284601F021FC50BB4D
:1052F0001B4A214918484FF49A7302F090FB294643
:105300001E4802F08CFB4FF49A718CE7E0698142F1
:1053100008BFE361E069801AE061394602F0D5FF19
:10532000DEE759EA06030BD0154B9B6822461F6146
:105330004146CDE90096284600F034FE0446ACE72D
:105340006FF02204D0E788F31188BFF36F8FA4E7D2
:1053500080A300005EA3000040910000C5A30000F0
:10536000CB9300002494000039940000C8A30000EF
:105370001CA30000E0A30000F89300000F940000BD
:10538000E80300202DE9F7430446884617461D46EA
:10539000EFF3058383B152EA05030DD05E495F4AFE
:1053A0005F484FF48A7302F03AFB5E4802F037FB25
:1053B0004FF48A71594818E004F10806EFF3118997
:1053C000202383F31288BFF36F8F304601F0A2FBD6
:1053D00068B9554A55495248882302F020FB3146A6
:1053E000534802F01CFB88214F4802F00FFB304667
:1053F00001F0B4FB636A002B63D0E268E1694046C8
:1054000002F063FFE369E2681344A269E361934237
:1054100004BF6369E361636A013B6362EFF3118375
:10542000202282F31288BFF36F8F83F31188BFF3BA
:105430006F8F5BB93F49404A3948A62302F0EFFA23
:10544000384802F0ECFA3C48A621CEE72568AC4289
:1054500047D0002D46D02846FFF792FE05F11800F0
:1054600001F08EFC206A6369984202D3A3699842D6
:1054700009D33249294A2A484FF4977302F0CFFAE8
:105480004FF4977196E72969E26802F01EFF236ADC
:10549000E2681344A2692362934204BF63692362F2
:1054A000636A0133636200242846AC6700F0E0FCC5
:1054B0004946304600F0D0FE2546284603B0BDE8F8
:1054C000F08357EA05031FD01D4B9B682246C3F8A3
:1054D00010804946CDE90075304600F063FD054671
:1054E000EBE70025304601F023FB80B90E4A154951
:1054F0000B484FF49A7302F092FA3146124802F0C8
:105500008EFA4FF49A716FE76FF02205EAE789F39C
:105510001188BFF36F8FD0E780A300005EA3000067
:1055200040910000C5A30000CB930000249400002C
:1055300039940000C8A300001CA30000E0A30000F1
:10554000E8030020F89300000F9400002DE9F341D8
:10555000044617461E46EFF3058565B15849594A7A
:1055600059486F2302F05BFA584802F058FA554840
:105570006F2102F04BFAEFF31188202383F3128896
:10558000BFF36F8F524801F0C5FA60B9514A5249D2
:105590004D48882302F043FA4D49504802F03FFA43
:1055A00088214C48E5E74A4801F0D8FAE3684C4ABC
:1055B0009BB1A0689168884229D057EA06032ED192
:1055C000434801F0B5FAA0B188F31188BFF36F8F9B
:1055D0006FF00F0002B0BDE8F081916891F90E10F4
:1055E0003B4821610133E3609368A36001F0A0FAB6
:1055F00078B9384A3B4934484FF49A7302F00FFAAD
:105600003349394802F00BFA4FF49A71C9E721691E
:10561000E6E788F31188BFF36F8F0020DAE791F98E
:105620000E1090F90E309942A8BF19466FF07E0215
:105630009142B8BF11468B4202DD02F0BBFD054628
:10564000CDE9007622482246414600F0ABFC002816
:10565000E3D0EFF31186202383F31288BFF36F8F1B
:105660001B4801F057FA002890D0194801F076FA4B
:10567000A068C0B1236821699C420AD04BB193F95C
:105680000E309942A8BF19466FF07E039942B8BF09
:10569000194602F08FFD30B10D48314600F0DCFDB7
:1056A0006FF00A0096E7002DF6D1094801F040FAA4
:1056B00000289ED086F31188BFF36F8FF0E700BFFC
:1056C0004EA400002CA400004091000060A4000043
:1056D00008040020CB9300002494000039940000BB
:1056E000E8030020F89300000F940000F8B5054689
:1056F000EFF3058363B15449544A5548D72302F068
:105700008EF9544802F08BF9D721504802F07EF907
:105710008368002B00F092804F4A9268934240F0D9
:105720009080C3683BB94D49484A4948EF2302F08D
:1057300076F9EF21E9E7012B03D0013BC36000209C
:10574000F8BDEFF31187202484F31288BFF36F8F25
:10575000434801F0DFF960B9424A43493C48882395
:1057600002F05DF93E49414802F059F988213D486F
:10577000CCE73B4801F0F2F92969A86802F01AFD6C
:10578000EFF3118384F31288BFF36F8F83F31188D3
:10579000BFF36F8F5BB93649364A2D48A62302F016
:1057A0003EF9354802F03BF9A6213248AEE72C68B5
:1057B000A54215D10023C5E90233294801F0B8F903
:1057C000002836D1274A2D4921484FF49A7302F018
:1057D00026F923492A4802F022F94FF49A71C6E7C4
:1057E000002CE7D0A3683BB92649224A18488F23EA
:1057F00002F015F98F21D8E7D4E9003213605A601E
:10580000637B002623F002036373C4E90066A6608D
:1058100004F1180001F0B4FAAC6094F90E302B6179
:105820002046A66700F024FB0D48394600F014FD21
:1058300085E787F31188BFF36F8F80E76FF015005E
:105840007EE74FF0FF307BE74EA400002CA4000061
:105850004091000060A40000E803002085A400003F
:1058600008040020CB930000249400003994000029
:10587000C8A300001CA30000C5A30000F89300000B
:105880000F94000047A3000008B583684BB90B498B
:105890000B480C4A8F2302F0C2F80A488F2102F00D
:1058A000B5F8D0E9003213605A60427B0023C0E9AA
:1058B000003322F002024273836008BD47A3000058
:1058C000409100001CA3000070B50446EFF3118660
:1058D000202585F31288BFF36F8F2F4801F01AF946
:1058E00060B92E4A2E492F48882302F098F82A4999
:1058F0002D4802F094F88821284818E0264801F045
:105900002DF9EFF3118385F31288BFF36F8F83F3C3
:105910001188BFF36F8F63B92449254A2148A62314
:1059200002F07DF8234802F07AF82148A62102F01F
:105930006DF82568AC4212D08DB12846FFF7A4FF60
:1059400005F1180001F01CFA00232846AB6700F0AF
:105950008FFA31461048BDE8704000F07DBCD4E9B4
:1059600002329A4218BF01330B48A36001F0E0F8FD
:1059700068B90A4A10490B484FF49A7302F04FF87D
:1059800005490E4802F04BF84FF49A71B4E786F3DC
:105990001188BFF36F8F70BD0C040020CB93000003
:1059A000249400004091000039940000C8A3000036
:1059B0001CA30000C5A30000F89300000F94000092
:1059C000F7B5044616461D46EFF305837BB152EA50
:1059D00005030CD02D492E4A2E48882302F01FF8CB
:1059E0002D4802F01CF82A48882102F00FF8EFF346
:1059F0001187202383F31288BFF36F8F274801F0AC
:105A000089F860B9264A27492248882302F007F816
:105A10002249254802F003F888212148E5E71F487C
:105A200001F09CF8A368D3B1013B1C48A36001F0CE
:105A30007FF868B91A4A1D4916484FF49A7301F065
:105A4000EEFF16491A4801F0EAFF4FF49A71E4E7B5
:105A500087F31188BFF36F8F002003B0F0BD56EAC3
:105A600005030BD10D4801F063F80028E2D087F35D
:105A70001188BFF36F8F6FF00F00EEE7CDE900657F
:105A800022463946054800F08DFAE6E7BCA400003E
:105A90009CA4000040910000C5A300000C0400205D
:105AA000CB9300002494000039940000F893000088
:105AB0000F9400002DE9F04385B004460F9D0F2D93
:105AC0000E461F4645D12E4B9F4246D1A573D51D8C
:105AD00025F007057F351099217304F1580325F04F
:105AE0003F05C4E91633042100233F2DC4E90633E2
:105AF000A3606173E37306F14009A5F1400805D87E
:105B000083F31188BFF36F8F084602DF4246AA2154
:105B1000484602F0E8FBC4E919980E9B4FF00008D4
:105B2000C4F86C8002930D9B019335440C9B009349
:105B30002A463B4631462046FCF732FE114BC4F85C
:105B400054809B6803B11B6F2367284605B0BDE8EE
:105B5000F08305F110031E2BB8D90B4A0B490C48F2
:105B600040F24B2301F05BFF0A4829466FF00F0318
:105B70000E2201F054FF044840F24B2101F046FF91
:105B800039510000E803002009A500002CA5000001
:105B900040910000ACA50000F0B587B0DDE91276B9
:105BA0000446EFF3058575B119491A4A1A4840F2BF
:105BB0001A3301F034FF194801F031FF154840F263
:105BC0001A3101F023FF0595109D04950F9D039553
:105BD0000E9D02950D9D01950C9D0095FFF76AFFA6
:105BE000B6F1FF3F08BFB7F1FF3F05D056EA070304
:105BF00005D1204600F008FE204607B0F0BD3A4629
:105C0000334604F11800064900F0DEFFF4E700BF58
:105C10004EA4000009A5000040910000DDA5000091
:105C20005782000040F2011383810023C0E9193339
:105C30000367014B98607047E803002070B590F946
:105C40000D20437B002A55DBDD0653D12B4A43F060
:105C500080039042437309D129492A4A2A48522392
:105C600001F0DDFE5221274801F0D0FEDC0707D508
:105C70002649244A2448532301F0D1FE5321F2E758
:105C8000234A1146D46951F8183F8B4207D1C0E925
:105C900000142060D06111E09C42F8D01B68002BFA
:105CA000F5D090F90E5093F90E60B542F4D0AE42A3
:105CB000F2DD5C68C0E900342060586093698B4273
:105CC00000D003B9D368916859B91249124A0E48F5
:105CD000EA2301F0A4FE114801F0A1FE0E48EA21DA
:105CE000C2E7487BC00604D1C8897F2801D99869DA
:105CF00008B1536170BD5161FCE700BF380100205D
:105D000024A6000002A600004091000045A6000065
:105D1000E80300208AA600005EA60000C5A30000DC
:105D200010B590F90D20437B002A01461BDA204A6A
:105D300003F07F039042437309D11E491E4A1F4856
:105D40005A2301F06CFE5A211B4801F05FFEDC076C
:105D500007D51B49184A19485B2301F060FE5B21F7
:105D6000F2E702F048FA17480446826854F8183FF0
:105D7000A34200D003B9C3688A4216D05AB9124967
:105D8000124A0E48EA2301F04AFE114801F047FE8C
:105D90000E48EA21D9E7517BC90606D1D1897F296E
:105DA00003D99969002908BF1346436110BD00BF9C
:105DB0003801002024A6000002A600004091000047
:105DC00045A60000E80300208AA600005EA60000A9
:105DD000C5A3000008B583684BB9094909480A4AB8
:105DE0008F2301F01CFE08488F2101F00FFE02F006
:105DF00002FA437B23F0020343730023836008BD50
:105E000047A30000409100001CA3000008B5124AFF
:105E1000936880B1597B11F0090F0CD10F49104ADA
:105E20001048D22301F0FBFD0F4801F0F8FD0C48AB
:105E3000D22101F0EBFD6FF00A0199670B49586719
:105E40004B6843F080534B60002383F31188BFF30A
:105E50006F8F9368986F08BDE8030020DBA60000F1
:105E6000B1A600004091000044A7000000ED00E052
:105E700038B50446EFF31185202383F31288BFF36E
:105E80006F8F174800F046FE68B9164A1649174842
:105E9000882301F0C4FD1249154801F0C0FD882196
:105EA000104801F0B3FD0E4800F058FE2046FFF701
:105EB000C5FE0B4800F03CFE68B90A4A0D490B4884
:105EC0004FF49A7301F0ABFD05490B4801F0A7FDB3
:105ED0004FF49A71E4E785F31188BFF36F8F38BDF3
:105EE00010040020CB930000249400004091000097
:105EF00039940000F89300000F94000038B5044670
:105F0000EFF31185202383F31288BFF36F8F1E48B0
:105F100000F000FE68B91D4A1D491E48882301F0A3
:105F20007EFD19491C4801F07AFD8821174801F0CF
:105F30006DFD154800F012FE637B13F0280F0BD1A6
:105F4000A36813B12046FFF745FF637B23F00403EA
:105F500063732046FFF772FE0B4800F0E9FD68B955
:105F60000A4A0E490B484FF49A7301F058FD06494E
:105F70000B4801F054FD4FF49A71D7E785F311886F
:105F8000BFF36F8F38BD00BF10040020CB9300001B
:105F9000249400004091000039940000F893000020
:105FA0000F9400002DE9F843324DA842DDE908982E
:105FB00004460E4617460BD12F493048304A40F26E
:105FC0009E2301F02CFD2E4840F29E2101F01EFD83
:105FD000EFF31183202383F31288BFF36F8F2846DA
:105FE00000F098FD60B9274A27492448882301F02A
:105FF00016FD2946254801F012FD88212148E5E7D4
:10600000284600F0ABFD224B9D683946284602F039
:10601000FAF8B8F1FF3F08BFB9F1FF3F06D01D49BC
:106020004A46434605F1180000F0CEFD204600F038
:106030007FFD68B91849134A10484FF4B77301F04F
:10604000EEFC2146154801F0EAFC4FF4B771D5E7A4
:10605000084800F06DFD40B90F490A4A07484FF45F
:10606000B77301F0DCFC0349ECE73046BDE8F843C8
:10607000FFF7CCBE100400206CA700004091000088
:1060800002A60000CB930000249400003994000085
:10609000E803002057820000F89300000F940000EE
:1060A000F8B504460D46EFF31187202383F31288D9
:1060B000BFF36F8F5A4800F02DFD60B9594A5A4915
:1060C0005A48882301F0ABFC5549594801F0A7FC18
:1060D0008821544818E0524800F040FD637B03F0EB
:1060E0001F02002A0CBF0126002663D1514A03F08B
:1060F0007F039442637309D14F49504A4B485A2356
:1061000001F08DFC5A214D4801F080FCD90707D5DC
:106110004B494A4A45485B2301F081FC5B21F2E789
:10612000204602F068F8637B43F080036DB2DA0723
:10613000A573637307D54249404A3C48532301F095
:106140006EFC5321DFE73F4A114651F8183F8B425E
:106150002ED1D069C4E900100460D4610FE09842E8
:10616000F8D01B68002BF5D093F90EC06545F6D02A
:10617000AC45F4DD5868C4E9003004605C609369A4
:106180008B4200D003B9D3685361254800F0D0FC9E
:1061900000283ED1234A2C4924484FF49A7301F039
:1061A0003EFC1F49294801F03AFC4FF49A7190E7F0
:1061B000D069D7E79B072AD5A16841B924491B4874
:1061C000244A8F2301F02BFC22488F219CE7204694
:1061D0006DB202F010F8A5730B68994209D14B68B3
:1061E000C4E900131C604C60CFE74A689342F6D0C4
:1061F0001B68002BF3D093F90E209542F5D0AA42EC
:10620000F3DD5A68C4E9003214605C60BDE7A57331
:10621000BBE787F31188BFF36F8F3046F8BD00BF2F
:1062200010040020CB930000249400004091000053
:10623000399400003801002024A6000002A60000C6
:1062400045A60000E8030020F89300000F9400002A
:1062500047A300001CA3000070B504460D46F9B921
:10626000EFF30586E6B91A4B5A699B689A4217D034
:1062700000F05EFC78B9174A174918484FF4B77315
:1062800001F0CDFB2146164801F0C9FB4FF4B77170
:10629000104801F0BBFB3046BDE87040FFF7B6BDCB
:1062A000204600F045FC68B90A4A0B490B484FF4F8
:1062B0009A7301F0B4FB2146094801F0B0FB4FF49A
:1062C0009A71E5E785F31188BFF36F8F70BD00BF4A
:1062D000E8030020CB930000F893000040910000F9
:1062E0000F940000034648B9EFF3058232B9064A1D
:1062F00051699268914201D0FFF788BD83F31188FC
:10630000BFF36F8F704700BFE803002010B5EFF3B5
:106310001184202383F31288BFF36F8F284800F085
:10632000F9FB60B9274A28492848882301F077FB00
:106330002349274801F073FB8821224812E02048B6
:1063400000F00CFCEFF3058373B12249224A1F4889
:1063500040F23B3301F063FB204801F060FB40F268
:106360003B311D4801F052FB1D4B9A68D37B012B3A
:106370000CD11C49184A15484FF44F7301F04FFBDC
:10638000164801F04CFB4FF44F71EAE7013BD37321
:106390000B4800F0CDFB68B90A4A13490B484FF48B
:1063A0009A7301F03CFB0649104801F038FB4FF4AA
:1063B0009A71C2E784F31188BFF36F8F10BD00BFDD
:1063C00010040020CB9300002494000040910000B2
:1063D000399400004EA4000002A60000C5A30000EE
:1063E000E8030020A5A70000F89300000F94000028
:1063F00010B5EFF31184202383F31288BFF36F8F5E
:10640000354800F087FB60B9344A35493548882360
:1064100001F005FB3049344801F001FB88212F4889
:1064200013E02D4800F09AFB30498A68D37B73B99A
:106430002F49304A2B4840F2473301F0F0FA2E48FA
:1064400001F0EDFA40F247312A4801F0DFFAEFF3AC
:10645000058060B12949274A22484FF4527301F060
:10646000DEFA254801F0DBFA4FF45271ECE7013314
:106470000846D37350F8183F834200D003B9CB6865
:10648000507BC00606D1D0897F2803D9986900289F
:1064900008BF134610484B6100F04AFB68B90F4A29
:1064A000174910484FF49A7301F0B9FA0A49154890
:1064B00001F0B5FA4FF49A71B1E784F31188BFF394
:1064C0006F8FEFF31180202383F31288BFF36F8F58
:1064D000BDE81040FFF706BF10040020CB9300007A
:1064E000249400004091000039940000E80300204B
:1064F000D6A7000002A60000C5A300004EA400001D
:10650000F89300000F940000024B03F11802C3E956
:1065100006227047E803002001F110031E2B10B57E
:106520000C4612D9124A1349134840F2014301F0B4
:1065300076FA124821466FF00F030E2201F06FFA2F
:106540000B4840F2014101F061FAFFF7A9FD70B17B
:106550000B4B9B68DB7B53B9EFF31180202383F354
:106560001288BFF36F8FBDE81040FFF7BBBE10BDB0
:1065700002A6000007A8000040910000ACA50000A2
:10658000E803002070B5EFF3058373B13649374A4D
:1065900037484FF48E6301F042FA364801F03FFA73
:1065A00032484FF48E6101F031FAEFF31184202369
:1065B00083F31288BFF36F8F2F4800F0ABFA60B9F6
:1065C0002E4A2F492A48882301F029FA2A492D48C2
:1065D00001F025FA88212948E5E7274800F0BEFAAE
:1065E000294A9068D5690368A84214BF194600215A
:1065F0004068036058609368D06929B92349C3E9AA
:1066000000100360D3610CE093F90E5091F90E6015
:10661000B5421FD0AE421DDD4868C3E900100360DB
:106620004B60936919498B4200D003B9D368124873
:10663000536100F07DFA88B9104A15490C484FF4AF
:10664000B77301F0ECF90C49124801F0E8F94FF486
:10665000B771C0E78142D1D00968CEE72046BDE8D6
:106660007040FFF7D3BB00BF4EA4000002A600009D
:1066700040910000C5A3000010040020CB9300004F
:106680002494000039940000E80300200004002056
:10669000F89300000F9400002DE9F04106460C46E7
:1066A000EFF3058777B13349334A34484FF49163A8
:1066B00001F0B5F9324801F0B2F92F484FF4916179
:1066C00001F0A4F950EA010304D1FFF75BFF0020B9
:1066D000BDE8F081EFF31188202383F31288BFF324
:1066E0006F8F284800F016FA60B9274A27492348D7
:1066F000882301F094F92349254801F090F9882175
:106700002148DDE7234D1F4800F028FAA868FFF76D
:1067100007FBA868204923463246183000F054FA97
:10672000AA68537B43F0040304465373154800F0F2
:10673000FFF968B9144A194910484FF4B77301F0CA
:106740006EF91049164801F06AF94FF4B771D7E7AE
:106750004046FFF75BFBAB68D3E90A23B3F1004F78
:1067600008BFBA42B3D101F091FD201A20EAE070CF
:10677000AEE700BF4EA4000002A60000409100005A
:10678000C5A3000010040020CB9300002494000057
:1067900039940000E803002057820000F8930000BD
:1067A0000F94000038B504460D46EFF3058373B12E
:1067B0001149124A124840F2B24301F030F911482F
:1067C00001F02DF90D4840F2B24101F01FF9FFF739
:1067D00063FFB5F1FF3F08BFB4F1FF3F034620461A
:1067E00008D0DA17B3F1004F72F10002184628BF43
:1067F0006FF0004038BD00BF4EA4000002A60000AC
:1068000040910000C5A3000038B50446EFF31185A0
:10681000202383F31288BFF36F8F204800F07AF9AA
:1068200068B91F4A1F492048882301F0F8F81B491E
:106830001E4801F0F4F88821194801F0E7F81748DC
:1068400000F08CF9637B5B0710D504F1180000F0B1
:1068500097FA637B23F0040320466373FFF7EEF996
:1068600029460E48BDE83840FFF7F6BC0B4800F05B
:106870005FF968B90A4A0E490B484FF49A7301F060
:10688000CEF806490B4801F0CAF84FF49A71D3E7E5
:1068900085F31188BFF36F8F38BD00BF100400204F
:1068A000CB93000024940000409100003994000034
:1068B000F89300000F940000014B9868704700BFE8
:1068C000E80300202DE9F8430446077BEFF3118528
:1068D000202383F31288BFF36F8F7C4800F01AF9EE
:1068E00068B97B4A7B497C48882301F098F877494E
:1068F0007A4801F094F88821754801F087F87348C8
:1069000000F02CF9637B180717D5704800F010F9D8
:1069100068B96F4A724970484FF49A7301F07FF872
:106920006A49704801F07BF84FF49A71E4E785F307
:106930001188BFF36F8FBDE8F883D90943F00802CF
:1069400077D16273A36813B12046FFF743FA04F1CD
:10695000180000F015FAA66D04F15808B04511D0E2
:106960004FF0000976B13046FFF734FA06F118000F
:1069700000F006FAC6F878903046FFF75FF9A66D8A
:10698000B045EFD1584EB3689C4271D1EFF3058802
:10699000B8F1000818BF4FF00108B369534A934299
:1069A00000D003B9F3687361204601F0BFF8B8F175
:1069B000000F02D04E48FFF735F9B3689C426AD108
:1069C000EFF30586002E66D1237BDA071FD53F48FB
:1069D00000F0AEF800289CD085F31188BFF36F8FCC
:1069E00086F31188BFF36F8F0423184602DFEFF39D
:1069F0001185202383F31288BFF36F8F334800F093
:106A000089F800283FF46DAF304800F0A7F82F4810
:106A100000F08EF878BB2E4A31492F484FF4B773F7
:106A200000F0FDFF29492F4800F0F9FF4FF4B7713E
:106A300062E7304A03F07F0343F008039442637334
:106A400008D12D492D4A24485A2300F0E8FF5A2145
:106A50002A4852E7D90707D52949284A1E485B2307
:106A600000F0DDFF5B21F3E7204601F0C4FB69E79E
:106A70004FF0000891E72846FFF7C8F921491F4A5F
:106A800015484FF4EE7300F0CAFF1F4800F0C7FF2F
:106A90004FF4EE71DCE70D4800F04AF800283FF4AF
:106AA00038AF85F31188BFF36F8FFB077FF543AFD6
:106AB000124A1649084840F28E5300F0B0FF2146B2
:106AC000134800F0ACFF40F28E51C1E710040020E3
:106AD000CB93000024940000409100003994000002
:106AE000F89300000F940000E80300200004002049
:106AF000380200203801002024A6000002A6000071
:106B000045A600008DA8000098A80000BAA80000C3
:106B1000C5A80000006838B1044B1B7C00F00300DE
:106B2000C01A18BF0120704701207047E8030020F9
:106B3000002302680360EFF30581074B19B19968E0
:106B4000497BC90706D4197C98680843831A5842C0
:106B50005841704701207047E8030020024B1A7C1F
:106B60009B68134303607047E8030020024B1868DA
:106B7000984208BF0020704780000020034B1B682C
:106B80000BB9FDF7CDB80020704700BF14040020FA
:106B900030B570B10B4B5B6898420AD0036843B1C3
:106BA000D3E90421D0E90445121941EB0501C3E9F9
:106BB0000421D0E9003213605A600023C0E9003399
:106BC00030BD00BF80000020B3F1FF3F08BFB2F12D
:106BD000FF3F2DE9F84F04469B4615461F4600F03F
:106BE000B280D0F80090B9F1000F0CD05749584A44
:106BF0005848702300F013FF574800F010FF544826
:106C0000702100F003FF8160EFF31188202383F3EC
:106C10001288BFF36F8F5148FFF77CFF824660B93F
:106C20004F4A50494B48882300F0F9FE4B494E48E3
:106C300000F0F5FE88214A48E3E74848FFF78EFF59
:106C4000BBF1000F494A1FDBFFF798FF474A0135A8
:106C5000D2E900174BF1000B2D184BEBE073C4E9A0
:106C600004536D18064643EB0707FFF77FFFDFF875
:106C700000E1DEF804900346EBB9C4E900E9C9F885
:106C80000040CEF8044028E0D2E900126FF0010382
:106C90005B1A4FF0FF3161EB02025B1B62EB0B02F0
:106CA000012B72F10001BCBF01234A46C4E9043242
:106CB0004FF0000AD9E7D3E9041CD4E904208A4242
:106CC00070EB0C0B2EDA891A5A686CEB0000C3E9E2
:106CD0000410C4E9003214605C60FFF747FF84428F
:106CE0000ED1244B1B685BB9BAF1000F02D1FFF73C
:106CF00045FF0646304601F0B2FA0021FCF7DEFF00
:106D00001648FFF715FFB0B9154A1B4911484FF453
:106D10009A7300F084FE1149184800F080FE4FF489
:106D20009A7188E7521A60EB0C009945C4E9042077
:106D3000A3D01B68A0E788F31188BFF36F8F2846A4
:106D40003946BDE8F88F00252F46F8E707A900006F
:106D5000E3A8000040910000C5A300001804002033
:106D6000CB9300002494000039940000B802002066
:106D70008000002014040020F89300000F9400000D
:106D800070B50446EFF31186202383F31288BFF316
:106D90006F8F2348FFF7BEFE68B9224A2249234875
:106DA000882300F03CFE1E49214800F038FE88216F
:106DB0001C4800F02BFE1A48FFF7D0FE236833B3BF
:106DC000FFF7D4FE05462046FFF7E2FE00224FF013
:106DD0000043A542C4E9042306D1FFF7CFFE01F02A
:106DE0003EFA0021FCF76AFF00240D48FFF7A0FEE1
:106DF00080B90C4A0F490D484FF49A7300F00FFE0A
:106E000007490D4800F00BFE4FF49A71D0E76FF080
:106E10001504EAE786F31188BFF36F8F204670BD33
:106E200018040020CB93000024940000409100003F
:106E300039940000F89300000F9400002DE9F0470A
:106E40000446EFF31188202383F31288BFF36F8F7A
:106E50004348FFF75FFE68B9424A434943488823E5
:106E600000F0DDFD3E49424800F0D9FD88213D4853
:106E700000F0CCFDDFF8FC903948DFF8FCA0FFF70C
:106E80006DFEC9F80040FFF771FE0026044600279A
:106E9000D9F80030DAE900C0D91754B1D4E9045266
:106EA000AB4271EB020E1EDAED1A62EB0102C4E98D
:106EB000045213EB0C034FF0000440EB0101204699
:106EC000CAE90031C9F8004001F0C9F92146FCF7D0
:106ED000F5FE2348FFF72CFEA0B188F31188BFF31D
:106EE0006F8FBDE8F08715EB0C0340EBE570CAE946
:106EF0000030C4E904672046FFF74AFE1848FFF750
:106F000017FE68B9174A1D4918484FF49A7300F0E4
:106F100086FD13491A4800F082FD4FF49A71A6E7E6
:106F200088F31188BFF36F8FA36820469847EFF36B
:106F30001188202383F31288BFF36F8F0848FFF76F
:106F4000E9FD002888D00648FFF708FED9F8003090
:106F50005B1BC9F80030FFF709FE044698E700BF45
:106F600018040020CB9300002494000040910000FE
:106F70003994000014040020B8020020F8930000A7
:106F80000F94000070B5EFF31186202383F312886D
:106F9000BFF36F8F1A48FFF7BDFD68B9194A1A4948
:106FA0001A48882300F03BFD1549194800F037FDC9
:106FB0008821144800F02AFD1148FFF7CFFDFFF7A4
:106FC000DDFD144AD2E90045041945EBE0750C4893
:106FD000FFF7AEFD68B90B4A0F490C484FF49A739E
:106FE00000F01DFD06490D4800F019FD4FF49A719F
:106FF000DFE786F31188BFF36F8F2046294670BD07
:1070000018040020CB93000024940000409100005D
:1070100039940000B8020020F89300000F9400009B
:1070200038B50D4C0D4DAC4213D90D490D4A0E48E3
:10703000252300F0F4FC0D4800F0F1FC094825215F
:1070400000F0E4FCD4E90112204601F024F91834E0
:10705000E9E7F7D3002038BDF4000020F400002059
:1070600049A9000027A900004091000097A2000054
:1070700038B50546002941D051F8043C0C1F002BBF
:10708000B8BFE41800F0B6F81D4A136833B963605E
:1070900014602846BDE8384000F0B2B8A34208D9D1
:1070A000206821188B4201BF19685B6809182160AC
:1070B000EDE71A465B680BB1A342FAD91168501884
:1070C000A0420BD120680144501883421160E0D1E6
:1070D00018685B68536008441060DAE702D90C2333
:1070E0002B60D6E7206821188B4204BF19685B68C3
:1070F000636004BF091821605460CAE738BD00BF4F
:1071000020040020F8B5CD1C25F0030508350C2D12
:1071100038BF0C25002D064601DBA94203D90C23FC
:1071200033600020F8BD00F065F821490A68144674
:107130009CB9204F3B6823B92146304600F03CF80B
:1071400038602946304600F037F8431C23D10C2321
:107150003360304600F054F8E3E723685B1B17D434
:107160000B2B03D923601C44256004E06368A24212
:107170000CBF0B605360304600F042F804F10B0086
:10718000231D20F00700C21A1CBF1B1AA350C9E719
:1071900022466468CCE7C41C24F00304A042E3D078
:1071A000211A304600F008F80130DDD1CFE700BFEA
:1071B000200400201C04002038B5064D002304469E
:1071C00008462B60FBF77AFD431C02D12B6803B104
:1071D000236038BD2404002007B5009313460A46F7
:1071E00001460348006801F092F803B05DF804FB23
:1071F000880000200148FBF775BD00BFF4000020A7
:107200000148FBF78BBD00BFF40000202DE9F04FD3
:1072100098468B891B069DB007460D46144610D52F
:107220000B6973B94021FFF76DFF2860286130B901
:107230000C233B604FF0FF301DB0BDE8F08F4023C2
:107240006B610023099320238DF82930CDF80C8041
:107250003023DFF89C818DF82A304FF00109234656
:107260009A4613F8012B0AB1252AF9D1BAEB040B7F
:107270000BD05B4622462946384601F073F80130B0
:1072800000F0A780099A5A4409929AF80030002B1E
:1072900000F09F8000234FF0FF32CDE905230AF173
:1072A000010A049307938DF853301A93544605222C
:1072B00014F8011B4E48F8F713FF049AD8B9D0060A
:1072C00044BF20238DF85330110744BF2B238DF882
:1072D00053309AF800302A2B15D0079A54460020D4
:1072E0004FF00A0C214611F8013B303B092B4BD9DA
:1072F000B0B1079214E0A0EB080309FA03F31343BB
:107300000493A246D2E7039B191D1B680391002B2F
:10731000BBBF5B4242F0020207930793B8BF0492DF
:1073200023782E2B0AD163782A2B32D1039B1A1D86
:107330001B68039243EAE37302340593DFF8B4A0B9
:10734000217803225046F8F7CBFE38B1049BA0EB1E
:107350000A004022824013430134049314F8011BB5
:1073600025488DF828100622F8F7BAFE002836D0F6
:10737000224B1BBB039B073323F007030833039304
:10738000099B334409936AE70CFB02320C46012047
:10739000A8E700230134059319464FF00A0C204654
:1073A00010F8012B303A092A03D9002BC6D00591D9
:1073B000C4E70CFB012104460123F0E703AB009373
:1073C0002A460F4B04A93846AFF30080421C0646FC
:1073D000D6D1AB895B063FF52DAF09982CE703ABFF
:1073E00000932A46064B04A9384600F00BF8EDE757
:1073F00063AA000069AA00006DAA00000000000056
:10740000658300002DE9FF470F7E0C9D782F914684
:1074100080460C469A4601F1430207D8622F0AD8EB
:10742000002F00F0E080582F00F0BB8004F14206EE
:1074300084F842703AE0A7F16303152BF6D801A156
:1074400051F823F09D740000B17400002D74000009
:107450002D7400002D7400002D740000B174000024
:107460002D7400002D7400002D7400002D74000098
:10747000CD75000041750000837500002D7400007B
:107480002D740000EF7500002D74000041750000A0
:107490002D7400002D7400008B7500002B681A1DE0
:1074A0001B682A6004F1420684F842300123ABE0F5
:1074B000236829681F0601F10400286001D50D68C2
:1074C00003E05E06FBD5B1F900506168002D7ADA61
:1074D0002D20002984F84300A1602DDA5E486D421A
:1074E0000A231646B5FBF3F103FB1157C75D06F8F7
:1074F000017D2F46BB420D46F4D9082B0BD12368E2
:10750000DF0708D5236961689942DEBF302306F89A
:10751000013C06F1FF36921B2261CDF800A04B46DC
:1075200003AA2146404600F078FF013071D14FF0A8
:10753000FF3004B0BDE8F08723F004032360CDE7FB
:107540002B682068191D2960050601D51D6802E019
:107550004106FBD51D8840486F2F14BF0A2308231E
:10756000002184F843106668A660002EB9DB21680C
:1075700021F004012160002DB3D1002EB1D11646B7
:10758000BBE7236843F0200323603448782784F85E
:107590004570296823680E1D2E601E0603D50D68F0
:1075A00004E02D48F3E75D06F9D50D88D90744BFFF
:1075B00043F0200323600DB11023D1E7236823F0AB
:1075C00020032360F8E724480A23CCE72B682668C9
:1075D0006169181D286035061B6801D5196002E035
:1075E0007006FBD5198000232361164695E72B68AA
:1075F0001A1D2A601E68626800213046F8F770FD87
:1076000008B1801B606063682361002384F8433005
:1076100083E72369324649464046D047013086D049
:1076200023689B0714D4E068039B9842B8BF1846B0
:107630007FE70123324649464046D04701303FF4B8
:1076400076AF0135E36803995B1AAB42F1DCEAE7F8
:10765000002504F11906F5E774AA000085AA0000C8
:107660007047F0B588B181B1D0F8D840072C0CD85C
:10767000182504FB0557661C05FB0404C151C4E929
:107680000823059BA362C0F8D860F0BD08B5F8F7E1
:1076900097FF4FF47A7000F06FF8FAE710B54FF0EB
:1076A000FF310446006800F08AF860B1606800F0BD
:1076B00098F84FF47A7000F05FF8FAE7E368013366
:1076C000E36000F054F8A3681B68002BF6D06068F4
:1076D00000F087F84FF47A7000F04EF8FAE710B532
:1076E0004FF0FF310446006800F08BF820746068AA
:1076F00000F077F84FF0FF31A06800F060F82068E4
:1077000000F091F86074E06800F06BF84FF47A7064
:1077100000F032F8FAE7431C19D0002810DA10F113
:10772000100F0FD010F10F0F05DA10F1160F0CBF6C
:107730000220062070470C30012803D9062000E003
:10774000FCD17047002914BF01200420704703209A
:10775000704708B528B1D0F8843013B1D0F888004C
:10776000984700214FF47A70FFF71CF8F9E708B545
:10777000FEF708FF002008BD10B500242146FFF7E2
:1077800011F8204610BD10B5044640B1D0F8800075
:1077900028B1FAF741FF0020C4F8800010BD022094
:1077A000FCE710B548B1914207D832B100F011FDA5
:1077B000BDE810400021FFF7AEBF022010BD10B59C
:1077C0000C4660B14A1C0CBF4FF0FF3300230A4641
:1077D000FEF7F6F82146BDE81040FFF79CBF0220F7
:1077E00010BD08B518B1FEF76FF8002008BD0220E3
:1077F000FCE708B518B100F0E5FC002008BD022048
:10780000FCE710B50C4660B14A1C0CBF4FF0FF33CB
:1078100000230A46FDF79AFE2146BDE81040FFF717
:107820007ABF022010BD08B530B1FDF75FFFBDE89B
:1078300008400021FFF76FBF022008BD70B530B1CE
:1078400029B122B11BB100F09EFC002070BD0220C6
:10785000FCE710B50B46144668B161B1B2F1FF3FC9
:107860000CBF4FF0FF33002300F09DFC2146BDE824
:107870001040FFF750BF022010BD10B50B46144654
:1078800068B161B1B2F1FF3F0CBF4FF0FF3300238D
:10789000FDF778FD2146BDE81040FFF73CBF022010
:1078A00010BD4FF4004070477047F9F787BB8368FD
:1078B00000EBC101B3F5004F2CBF51F8220031F8A5
:1078C0001200704700EBC1018068B0F5004F2CBF7B
:1078D00041F8223021F81230704708B50122FFF735
:1078E000E6FFD04008BD8368B3F5004F00EBC1014F
:1078F00008D34B681AB143F001034B60704723F083
:107900000103FAE74B881AB143F001034B8070473B
:1079100023F00103FAE753000122FFF7D3BF836886
:10792000B3F5004F34BF04230823481C0833A0EBF1
:10793000D300B0FA80F0C0F11F0070472DE9F0418C
:107940000D4686680446FFF7C8FFB6F5004F0146AE
:1079500001D3012832D02046FFF7E1FF04EB80017C
:107960000E6996B9E368012282401343E360022264
:107970000D612B4629462046FFF7A4FF0322294626
:107980002046BDE8F041FFF79DBF02223146204668
:10799000FFF78DFF2946034607462046FFF792FF73
:1079A0000322334629462046FFF78CFF39462B46F3
:1079B0002046FFF787FF02223146E1E7BDE8F0816C
:1079C000002070470FB407B504A951F8040B0191CA
:1079D000F9F7CAFB03B05DF804EB04B070472DE97A
:1079E000F0410746884615461E461446B44205D364
:1079F0000EB1601B08E02378002BFAD014F8010BBD
:107A00004146B8470028F1DABDE8F081002383F34E
:107A10001188BFF36F8F0423184602DF70470FB43D
:107A200007B504A951F8040B0191F9F79DFB03B0C8
:107A30005DF804EB04B07047838B13F0070305D1A6
:107A40000368002B0CBF002003207047022B05D1D8
:107A5000C08BB0FA80F0400980007047012B05D13F
:107A60000368002B0CBF00200520704700207047E2
:107A700010B50C4600B111B96FF0150010BD081D0E
:107A800000F02FF80028F9D1A368032BF6D9F3E70B
:107A90002DE9F0410D4607461946281D90461E4621
:107AA000FAF750FA044638B133464246294638467A
:107AB000A446BDE8F0416047BDE8F08138B50C460A
:107AC000054658B151B10B6843B14B6833B1202220
:107AD000002100F008FC2C61002038BD6FF015007B
:107AE000FBE7034658B1426802F00302012A03D0C3
:107AF000032A04D1026812B10020986070476FF029
:107B000015007047704700F0EEBB00F0DEBB014689
:107B10000068FAF773BA08B5FAF7A0FABDE80840AA
:107B2000FAF7A0BA00210120FAF768BA6FF08500D1
:107B3000704761B662B680F31188BFF36F8F7047EC
:107B400072B6002383F31188BFF36F8FBFF34F8F9B
:107B500030BF62B6BFF36F8F704772B6002383F3F6
:107B60001188BFF36F8FBFF34F8F20BF80F3118851
:107B7000BFF36F8F62B67047202809D9B0F1004F6C
:107B800008D80138B0FA80F0C0F11F0040007047FB
:107B9000082070473E2070474FF0FF307047F8B51F
:107BA000069F0469C9B2EFF31186202585F3128878
:107BB000BFF36F8F0C2505FB0144A56C05F0070C86
:107BC000BCF1010F0CD1A76486F31188BFF36F8F4E
:107BD000C4E91023436853F8313098470020F8BDBA
:107BE00005F0C005AF4286F31188BFF36F8F0CBF5D
:107BF0006FF077004FF0FF30F1E713B58024009469
:107C0000FFF7CDFF02B010BD0069CBB200EB43100F
:107C1000002110471046FDF757BEFCF707BC802235
:107C2000FBF714B943685B68D3F810350B6000208C
:107C3000704743685B6802EA010021EA0201C3F869
:107C40000805C3F80C150020704743685B680020E6
:107C5000C3F80815704743685B680020C3F80C152B
:107C6000704743685A68D2F8043521EA03000B4094
:107C7000C2F80805C2F80C3500207047FCF7D4BFE5
:107C800030B543681360057A446804EBC504A34229
:107C900002D36FF0010030BD5C798C4201D0083313
:107CA000F0E70020F7E743681B68D3F88004C3F8C7
:107CB0008004704742681368D3F8100150B1D2694C
:107CC000002012780A70C3F81001D3F810210122A5
:107CD0001A6070474FF0FF30704702680346D2F8D1
:107CE000580140B95B68DB0706D4D2F820010038A0
:107CF00018BF012070470120704743681B68D3F804
:107D00000423D20517D5D3F82021A2B1EFF31182B5
:107D1000202181F31288BFF36F8FD3F8201131B186
:107D20000021C3F82011D3F820110121D96082F37A
:107D30001188BFF36F8FD3F85831704713B501AA7C
:107D40000446FFF79DFF002805DB019B2268197997
:107D50001868FBF7A3FC02B010BDF8B50022054679
:107D600001210220FAF7C6FC0220FAF7A7FC6C6892
:107D70000121E068FFF7E2FF6B681A682369C2F827
:107D80002435637D217D0B43C2F86C356E68D6E9DE
:107D9000004313F0010336D02F6904F10C0107F101
:107DA000080204F5907000F09AF800282ADB387A6F
:107DB000FCF742F90823C4F80035B369C4F8443528
:107DC0000023C4F848350123A360D4F85831002BB0
:107DD000FBD00021C4F800156D682C68E868FFF737
:107DE000ADFF0823C4F800352A7A52B9EB69C4F80C
:107DF00034350123C4F83835C4F81021D4F81021E3
:107E000023600020F8BD0822C4F80025B269C4F838
:107E10004425C4F848350123A360D4F82031002B51
:107E2000FBD00023C4F82031D4F820310123E360D3
:107E30004FF48073C4F80433C7E708B5FBF7AAFD15
:107E400008BD4FF08053D3F83001421C04BF4FF0FF
:107E5000704393F8E00F831F584258417047034620
:107E60000020184700F075B910B502461168B1B18D
:107E7000BFF35B8FB1FA81F3C3F11F00012383408D
:107E800021EA030352E8004F8C4204D142E8003C4F
:107E9000BCF1000FF6D1BFF35B8FE7D110BD6FF0DF
:107EA0000B00FBE710B50368CB40DB0714D40123BC
:107EB0008B400268BFF35B8F43EA020150E8004F3A
:107EC000944204D140E8001CBCF1000FF6D1BFF38E
:107ED0005B8FEED1002010BD6FF01500FBE770B591
:107EE0000C460021054608461646FCF787F8002890
:107EF0000ADB3378DB0003F1804303F5F83300201D
:107F0000C3F81055C3F8144570BD08B5FCF7ECF97B
:107F1000BDE80840FCF7A6BA38B54FF0804402230C
:107F2000C4F808330123E3600023C4F80431D4F813
:107F3000043142F21075D4F81834DB0304D5012063
:107F4000FFF790FF013DF6D138BD430903BF4FF065
:107F5000FF3323FA00F000F0010000207047C9B29F
:107F600000EB4100808AC0F340107047C9B200EBBB
:107F70004100808AC0F34000704708B50A460346B6
:107F8000FFF7F4FF18B111461846FFF7E8FF00F0BD
:107F9000010008BD70B5CBB20833164630F8133077
:107FA000DA0504460D4609D5C3F3432300EBC302AB
:107FB000314650F83330526828469847A3682BB1B1
:107FC000E26831462846BDE87040184770BD2DE98B
:107FD000F341019001A8DDE908580C4617461E46FA
:107FE000FCF7AAFA019B391E18BF012100EB8300A0
:107FF000231E18BF0123002E43EA410314BF0C21A6
:108000000021002D43EA010314BF4FF4E061002179
:10801000B8F1000F43EA0103D0F8002714BF4FF472
:10802000403100210B4322EA030304B124780FB14D
:108030003F787F001C430EB13678B6003C438DB1CB
:10804000297809023443B8F1000F03D098F8008072
:108050004FEA0848214341EA0801C0F8001702B07E
:10806000BDE8F0812946EDE71FB50DF10F0301933F
:1080700000238DF80F1000931A461946FFF7A7FF4B
:1080800005B05DF804FB70B511F001040CD04FF0A1
:10809000A046D6F820550560C6F82055FCF72CFA06
:1080A00008B1D6F8203505B90024204670BD2DE969
:1080B000F047002504468846D7B22E464FF0010906
:1080C000AA46BD420CD1D4F87C3133B10023C4F8A8
:1080D0007C31D4F87C3146F000463046BDE8F0876C
:1080E0002846FCF757FAA0F580739B0809FA03F3BA
:1080F00018EA030F05D022581AB144F800A02258FC
:108100001E430135EDB2DCE708B502460B46FFF72A
:1081100026FFC0B119461046FFF728FF98B9DBB219
:1081200002EB43031068998A0123490B8B40C0F886
:108130000833136803EB8103D3F8102522F0030200
:10814000C3F8102508BD18460021BDE80840FFF718
:108150008BBF08B1FAF706BE704740B1C3685878C4
:1081600010F001001EBF1878B0FA80F04009704787
:10817000EFF31183202383F31288BFF36F8FFEE7A1
:1081800008B5FFF7F5FFC0E9032303FB0212002344
:10819000C0E90621C0E9000041610162436280F844
:1081A00028308360704713B501240094FDF708F868
:1081B00002B010BD90F90E308B4201D0FDF770BFB8
:1081C0000020704703460020C3E90200C3E90033E2
:1081D00070473AB18A4205D3C0E90212C0E90000F3
:1081E000002070476FF015007047EFF305800038EE
:1081F00018BF01207047D0E9003213605A60002395
:10820000C0E90033704738B504460D46FDF788FDD8
:10821000637B43F002036373E5B1A5602B689D4265
:1082200009D16B68C4E900531C606C6012E06A6895
:108230009A42F6D01B68002BF3D094F90E2093F9E4
:108240000E108A42F3D09142F1DD5A68C4E900323F
:1082500014605C6038BD01211838FDF74FBE08B5C9
:108260000246FEF783FC70B1D0E904319B1A61EB42
:10827000E272B3F1004F72F1000104DA002AACBFE0
:108280001846002008BD6FF00040FBE708B5FEF778
:1082900079FE08BD704710B400F10C04C0E9034436
:1082A0000024446110BCF8F7B5BE10B50139024492
:1082B000904201D1002005E0037811F8014FA3425C
:1082C00001D0181B10BD0130F2E70A44914200F1C1
:1082D000FF3300D1704710B511F8014B03F8014F7F
:1082E0009142F9D110BD02440346934200D1704738
:1082F00003F8011BF9E710B5024601448A42134610
:1083000003D01C780132002CF8D1181A10BD30B5FA
:108310001446002C9BB005461A4605DA8B230360F1
:108320004FF0FF301BB030BD4FF40273ADF80C308E
:1083300014BF04F1FF332346029305934FF6FF73F6
:1083400000910491ADF80E3069461E9BFEF75EFF6A
:10835000431CBCBF8B232B60002CE3D0009B00226E
:108360001A70DFE72DE9F0478E681F46BE420B68A2
:1083700082460C4690462DD8B1F90C2012F4906F2D
:1083800026D06569096905EB4505A3EB010905EBF5
:10839000D5757B1C4B446D109D4238BF1D4653055F
:1083A00027D52946FEF7AEFE064660B321694A4648
:1083B000FFF78BFFA38923F4906343F08003A3812D
:1083C000266165614E44A5EB09052660A5603E4621
:1083D000BE4200D93E4620683246414600F08AF847
:1083E000A3689B1BA3602368334423600020BDE87F
:1083F000F0872A4600F098F806460028E0D1216967
:108400005046FEF735FE0C23CAF80030A38943F02E
:108410004003A3814FF0FF30E9E72DE9F04716460E
:1084200098468A680B69DDF820909342B8BF1346DE
:10843000336091F8432007460C460AB1013333609C
:108440002368990642BF336802333360256815F00C
:10845000060506D104F1190AE36832689B1AAB429B
:1084600026DC94F843302268003B18BF01239206B3
:108470002BD404F1430241463846C84701301ED090
:108480002368226903F00603042B02BFE568336802
:10849000ED1AA3680CBF25EAE57500259342C4BF19
:1084A0009B1AED1800261A34B5421AD1002008E0B4
:1084B0000123524641463846C847013003D14FF0A8
:1084C000FF30BDE8F0870135C6E7E1185A1C3020BF
:1084D00081F84300224494F8451082F84310023397
:1084E000C7E70123224641463846C8470130E6D057
:1084F0000136D9E7884210B501EB020402D9844263
:10850000234607D8431EA14208D011F8012B03F8D7
:10851000012FF8E7024401468A4200D110BD13F84A
:10852000014D02F8014DF7E7F8B5074615460C4630
:1085300021B9BDE8F8401146FEF7E4BD22B9FEF7C7
:1085400097FD00242046F8BD00F013F8A842F9D2A8
:1085500029463846FEF7D6FD06460028F1D02146CA
:108560002A46FFF7B2FE21463846FEF781FD344623
:10857000E8E751F8043C181F002BBCBF0B58C0188B
:048580007047000040
:08858400407CFF7F01000000B4
:10858C00892D0000000000004D2D000000000000AF
:10859C0000000000DC8500002170000000000000DD
:1085AC0000000000F88500000000000014860000A8
:1085BC00F931000000000000F53B00000000000055
:1085CC006D2C000000000000911F00000000000056
:1085DC001A9E0000888800008C870000EC000020A8
:1085EC0048030020F12E0000000000003D9F000019
:1085FC009888000068870000EE000020A40300208B
:10860C002536000000000000539F0000AC880000DD
:10861C00A8870000F0000020B00300205B7D000064
:04862C00000000004A
:108630000B7F00005F7E000000000000257B000033
:1086400014860000FB7C000000000000257B000079
:1086500000000000257B000000000000257B0000DA
:10866000080000207D7C000000000000257B000049
:1086700000000000257B000000000000257B0000BA
:1086800000000000257B000000000000257B0000AA
:1086900000000000257B000000000000257B00009A
:1086A00000000000257B000000000000257B00008A
:1086B00000000000257B000000000000F5390000EC
:1086C00000000000257B000000000000257B00006A
:1086D00000000000257B000000000000257B00005A
:1086E00000000000257B000000000000257B00004A
:1086F00000000000257B000000000000257B00003A
:1087000000000000257B000000000000257B000029
:1087100000000000257B000000000000257B000019
:1087200000000000257B000000000000257B000009
:1087300000000000257B000000000000257B0000F9
:1087400000000000257B000000000000257B0000E9
:1087500000000000257B000000000000257B0000D9
:0887600000000000257B000071
:1087680099340000257C0000337C00004B7C00001D
:10877800577C0000637C000025330000493200006C
:0487880000000000ED
:10878C00492F00001F7C0000FB7B00000000000054
:0C879C00152E000000000000000000008E
:0C87A800B57C000001380000A77C000038
:1087C0000338FDD8704700001B8900002089000095
:1087D00025890000318900009D8C0000AC8C0000D0
:1087E000C98C0000D5070000C08E0000D98E0000A3
:1087F000F38E0000750B0000F88E00000C8F000057
:10880000F38E0000890A00002A8F00003C8F0000D0
:10881000F38E000099090000E08F0000F38F000044
:1088200012900000B50C0000CF900000DE90000018
:10883000FD900000010E0000849100008B9100006B
:10884000010101010101010100000001010100001D
:10885000000000200000000000000B0602000000E5
:108860006488000000000000679C000024000206ED
:10887000000000206F9C00001E000B11A52D0000C1
:10888000C92E00000000000045300000E12D00006E
:108890007D2F00001B7C0000FFFFFFFF0000005049
:1088A0000800002000000000000000000020004040
:1088B0000100000000000000CC8800000000D6018C
:1088C000000000002B0500202A05002000200040A9
:1088D000D888000001000000E088000004000000CB
:1088E0000700000008000001050000020600000368
:1088F0008C85000094850000C4850000CC850000B4
:10890000D4850000DC8500006763630031322E32BD
:108910002E3000494E56414C4944005041535300BB
:108920004641494C00554E535550504F52544544C2
:1089300000534B4950504544006F6B005B4B56420F
:108940005D20424547494E2052554E00302E312E73
:10895000302D70726976617465005B4B56425D2004
:1089600056455253494F4E202573005B4B56425D8E
:10897000204B45524E454C206E616D653D25732060
:1089800076657273696F6E3D2573005B4B56425D71
:108990002046454154555245532064796E5F7468B2
:1089A00072656164733D25752073656D3D25752085
:1089B0006D757465783D2575206D757465785F708B
:1089C000693D25752071756575653D25752074694E
:1089D0006D65723D257520737461636B5F677561AA
:1089E00072643D2575206E756C6C5F636865636BA2
:1089F0003D257520696E76616C69645F6F626A3DC2
:108A00002575005B4B56425D20504C4154464F52F9
:108A10004D20626F6172643D2573206370753D2542
:108A20007320636C6F636B5F687A3D257520637993
:108A3000636C655F687A3D2575207469636B5F6858
:108A40007A3D257520636F6D70696C65723D257385
:108A50002076657273696F6E3D22257322005B4B31
:108A600056425D20424547494E2069643D257320AA
:108A700067726F75703D2573206E616D653D2225AF
:108A80007322005B4B56425D20524553554C542097
:108A900069643D25732067726F75703D257320737F
:108AA000746174653D2573206D6573736167653D01
:108AB00022257322005B4B56425D204D455452499E
:108AC000432069643D2573206E616D653D257320EB
:108AD00076616C75653D256C6420756E69743D2505
:108AE00073005B4B56425D20454E442069643D2532
:108AF000732073746174653D2573005B4B56425D52
:108B00002053554D4D41525920706173733D257569
:108B1000206661696C3D257520756E737570706F88
:108B2000727465643D257520736B69707065643D72
:108B3000257520696E76616C69643D257520746FBA
:108B400074616C3D2575005B4B56425D20454E447B
:108B50002052554E0073746172742073656D61709C
:108B6000686F726520637265617465206661696C07
:108B7000656400646F6E652073656D6170686F7207
:108B80006520637265617465206661696C65640067
:108B9000776F726B657220746872656164206372AE
:108BA00065617465206661696C65640073746172E7
:108BB000742073656D6170686F726520706F737477
:108BC000206661696C6564006D6561737572656DC1
:108BD000656E7420736C656570206661696C656490
:108BE00000776F726B657220646964206E6F742009
:108BF00066696E69736800776F726B65722074685E
:108C00007265616420646964206E6F742072756E91
:108C100000636F6F7065726174697665207969654C
:108C20006C642062656E63686D61726B2076616C46
:108C30006964006B76625F73636865645F776F7207
:108C40006B657200776F726B657273007468726522
:108C500061647300746F74616C5F7969656C6473CF
:108C6000006D696E5F7468726561645F636F756ED5
:108C70007400697465726174696F6E73006D6178F8
:108C80005F7468726561645F636F756E74006D65B3
:108C900061737572656D656E745F6D7300534348E3
:108CA00045445F434F4F505F30303100636F6F700A
:108CB00065726174697665207969656C6420746891
:108CC000726F75676870757400534348454400734C
:108CD000656D6170686F7265207761697420666187
:108CE000696C65640073656D6170686F726520778B
:108CF0006169742F706F7374206661737420706182
:108D000074682076616C6964006F70657261746963
:108D10006F6E7300656C61707365645F757300706E
:108D2000616972735F7065725F736563006D7574FE
:108D3000657820637265617465206661696C65643D
:108D4000006D75746578206C6F636B206661696C6B
:108D50006564006D7574657820756E6C6F636B204B
:108D60006661696C6564006D75746578206C6F630D
:108D70006B2F756E6C6F636B20666173742070610E
:108D800074682076616C6964006C6F636B65642045
:108D900073656D6170686F7265206372656174657B
:108DA000206661696C65640072656C65617365203D
:108DB00073656D6170686F7265206372656174655B
:108DC000206661696C6564006F776E6572207468F7
:108DD0007265616420637265617465206661696CA7
:108DE0006564006F776E657220646964206E6F74CD
:108DF000206C6F636B206D75746578006F776E659E
:108E000072206661696C656420746F206C6F636B9F
:108E1000206D75746578006E6F6E2D6F776E65725C
:108E2000206D7574657820756E6C6F636B2073753B
:108E300063636565646564006F776E65722064695D
:108E400064206E6F742066696E697368006F776E58
:108E50006572206661696C656420746F20756E6C44
:108E60006F636B206D757465782061667465722020
:108E70006F776E6572736869702074657374006EC5
:108E80006F6E2D6F776E6572206D757465782075C5
:108E90006E6C6F636B2072656A6563746564006BEA
:108EA00076625F6D757465785F6F776E6572006E60
:108EB0006F6E5F6F776E65725F7374617475730048
:108EC00053594E435F4D555445585F4F574E455289
:108ED000534849505F303031006D757465782075A6
:108EE0006E6C6F636B206279206E6F6E2D6F776E84
:108EF00065720053594E430053594E435F4D5554CC
:108F000045585F464153545F30303100756E636F92
:108F10006E74656E646564206D75746578206C6F21
:108F2000636B2F756E6C6F636B0053594E435F53C9
:108F3000454D5F464153545F30303100756E636F6D
:108F40006E74656E6465642073656D6170686F72C0
:108F50006520776169742F706F7374007175657522
:108F60006520637265617465206661696C65640083
:108F700071756575652073656E64206661696C65E1
:108F80006400717565756520726563656976652035
:108F90006661696C656400717565756520706179DD
:108FA0006C6F6164206D69736D61746368007175C5
:108FB00065756520666173742070617468207072D5
:108FC00065736572766573207061796C6F6164009A
:108FD00073656E645F726563765F7061697273005A
:108FE0004950435F51554555455F464153545F30A5
:108FF00030310071756575652073656E642F72651B
:1090000063656976652073616D652074687265615A
:1090100064004950430074687265616420736C6534
:109020006570206661696C656400706C6174666F60
:10903000726D206D6963726F7365636F6E64207308
:109040006F7572636520756E617661696C61626CC3
:109050006500736C6565702072657475726E656409
:10906000206561726C696572207468616E206D693B
:109070006E696D756D207469636B2D7068617365C1
:1090800020626F756E6400736C6565702064757224
:109090006174696F6E2076616C69640072657175C8
:1090A00065737465645F7469636B73007469636B83
:1090B0005F7573006E6F6D696E616C5F7573006DC7
:1090C000696E5F65787065637465645F757300547D
:1090D000494D455F534C4545505F30303100746811
:1090E0007265616420736C6565702064757261746B
:1090F000696F6E2061636375726163790054494DD5
:109100004500574553545F544F504449522F7A6598
:10911000706879722F696E636C7564652F7A6570FB
:109120006879722F6B65726E656C2E6800216B5FBB
:1091300069735F7072655F6B65726E656C2829007C
:10914000415353455254494F4E204641494C205BB0
:1091500025735D20402025733A25640A00096B5F62
:1091600063757272656E745F6765742063616C6CA1
:109170006564207072652D6B65726E656C0A000EF9
:109180000B0703005A657068797200342E332E394C
:109190003900252E2A73006E524635344C31352D58
:1091A000444B00436F727465782D4D33332040205B
:1091B000313238204D487A20286E524635344C31B1
:1091C000352900574553545F544F504449522F7A24
:1091D00065706879722F6C69622F686561702F689D
:1091E0006561702E63006368756E6B5F757365648F
:1091F00028682C2063290009756E65787065637492
:1092000065642068656170207374617465202864EA
:109210006F75626C652D667265653F2920666F7299
:10922000206D656D6F72792061742025700A006C65
:109230006566745F6368756E6B28682C2072696759
:1092400068745F6368756E6B28682C206329292019
:109250003D3D20630009636F727275707465642010
:109260006865617020626F756E6473202862756630
:10927000666572206F766572666C6F773F2920662F
:109280006F72206D656D6F72792061742025700A90
:10929000006279746573203E20686561705F666F57
:1092A0006F7465725F62797465732862797465732F
:1092B000290009686561702073697A6520697320E7
:1092C000746F6F20736D616C6C0A00686561705F0C
:1092D000737A203E206368756E6B737A2873697A9F
:1092E000656F6628737472756374207A5F68656150
:1092F000702929006368756E6B305F73697A652029
:109300002B206D696E5F6368756E6B5F73697A653C
:10931000286829203C3D20686561705F737A0028C9
:109320006E696C2900574553545F544F504449525D
:109330002F7A65706879722F6C69622F7574696C09
:10934000732F6F6E6F66662E630073746174652091
:109350003D3D20305500217379735F736C697374E0
:109360005F69735F656D70747928266D67722D3E35
:10937000636C69656E747329007472616E736974CD
:1093800020213D202828766F6964202A2930290071
:109390007374617465203D3D202831554C203C3C60
:1093A0002028312929006D67722D3E726566732071
:1093B0003D3D2030007374617465203D3D202831AF
:1093C000554C203C3C202830292900574553545FF8
:1093D000544F504449522F7A65706879722F696EE4
:1093E000636C7564652F7A65706879722F73706924
:1093F0006E6C6F636B2E68007A5F7370696E5F7559
:109400006E6C6F636B5F76616C6964286C29000910
:109410004E6F74206D79207370696E6C6F636B2072
:1094200025700A007A5F7370696E5F6C6F636B5FA3
:1094300076616C6964286C290009496E76616C69F3
:1094400064207370696E6C6F636B2025700A00571F
:109450004553545F544F504449522F7A6570687990
:10946000722F6C69622F7574696C732F6E6F7469DB
:1094700066792E63002A2A2A20426F6F74696E670C
:10948000206E524620436F6E6E6563742053444BCA
:109490002076332E332E302D6261313637643966B3
:1094A00033646234202A2A2A0A002A2A2A20557381
:1094B000696E67205A6570687972204F5320763440
:1094C0002E332E39392D66643932303461303264AE
:1094D0003532202A2A2A0A0072302F61313A2020A0
:1094E000307825303878202072312F61323A2020B0
:1094F000307825303878202072322F61333A20209E
:109500003078253038780A0072332F61343A2020C1
:10951000307825303878207231322F69703A202027
:10952000307825303878207231342F6C723A202010
:109530003078253038780A0020787073723A20200D
:109540003078253038780A004661756C74696E672A
:1095500020696E737472756374696F6E20616464E0
:109560007265737320287231352F7063293A203069
:1095700078253038780A00556E68616E646C6564D1
:10958000204952516E3A2025640A002A2A2A2A2AA2
:10959000204D5055204641554C54202A2A2A2A2A2B
:1095A0000A002020537461636B696E6720657272D4
:1095B0006F722028636F6E746578742061726561C4
:1095C000206D69676874206265206E6F7420766113
:1095D0006C6964290A002020556E737461636B699D
:1095E0006E67206572726F720A0020204461746198
:1095F000204163636573732056696F6C6174696F92
:109600006E0A0020204D4D4641522041646472652F
:1096100073733A20307825780A002020496E7374DD
:1096200072756374696F6E2041636365737320564E
:10963000696F6C6174696F6E0A002020466C6F61FF
:1096400074696E672D706F696E74206C617A792011
:109650007374617465207072657365727661746984
:109660006F6E206572726F720A00574553545F54D3
:109670004F504449522F7A65706879722F61726336
:10968000682F61726D2F636F72652F636F727465DF
:10969000785F6D2F6661756C742E63002128282811
:1096A0005343425F54797065202A29202828307856
:1096B0004530303045303030554C29202B20307823
:1096C00030443030554C2920292D3E4346535220FA
:1096D00026202831554C203C3C20283055202B207A
:1096E00034552929290009537461636B696E672019
:1096F0006572726F72206E6F742061207374616383
:109700006B206661696C0A0A002A2A2A2A2A2055D7
:1097100053414745204641554C54202A2A2A2A2A9B
:109720000A0020204469766973696F6E206279208F
:109730007A65726F0A002020556E616C69676E65EC
:1097400064206D656D6F7279206163636573730A60
:109750000020204E6F20636F70726F636573736FAC
:109760007220696E737472756374696F6E730A0028
:109770002020496C6C6567616C206C6F6164206FA0
:1097800066204558435F52455455524E20696E74C9
:109790006F2050430A002020496C6C6567616C2083
:1097A000757365206F662074686520455053520AB2
:1097B000002020417474656D707420746F2065788A
:1097C000656375746520756E646566696E65642091
:1097D000696E737472756374696F6E0A002A2A2A3F
:1097E0002A2A20425553204641554C54202A2A2AE1
:1097F0002A2A0A002020537461636B696E67206512
:1098000072726F720A00202050726563697365205E
:109810006461746120627573206572726F720A00F0
:1098200020204246415220416464726573733A209D
:10983000307825780A002020496D7072656369735D
:1098400065206461746120627573206572726F7245
:109850000A002020496E737472756374696F6E20FC
:10986000627573206572726F720A00526573657259
:1098700076656420457863657074696F6E20280092
:1098800053707572696F757320696E746572727545
:10989000707420284952512000535053454C206980
:1098A0006E20746872656164206D6F646520646FFA
:1098B0006573206E6F7420696E64696361746520DE
:1098C0005053500A0065736620213D202828766F8A
:1098D0006964202A293029000945534620636F75A1
:1098E0006C64206E6F7420626520726574726965A5
:1098F000766564207375636365737366756C6C79E4
:109900002E205368616C6C206E65766572206F63E3
:109910006375722E0A002A2A2A2A2A2048415244B4
:10992000204641554C54202A2A2A2A2A0A0020205F
:10993000427573206661756C74206F6E2076656366
:10994000746F72207461626C6520726561640A00D4
:1099500020204465627567206576656E740A002074
:10996000204661756C7420657363616C6174696F06
:109970006E20287365652062656C6F77290A004147
:109980005243485F455843455054207769746820D6
:10999000726561736F6E2025780A0A000946617549
:1099A0006C7420657363616C6174696F6E20776994
:1099B00074686F75742046535220696E666F0A0092
:1099C00009486172644661756C7420776974686FC8
:1099D0007574204846535220696E666F2053686143
:1099E0006C6C206E65766572206F636375720A0019
:1099F0002A2A2A2A2A204465627567206D6F6E69BB
:109A0000746F7220657863657074696F6E202A2A9E
:109A10002A2A2A0A002A2A2A2A2A2025732025648B
:109A200029202A2A2A2A2A0A00574553545F544FCC
:109A3000504449522F7A65706879722F6172636859
:109A40002F61726D2F636F72652F636F727465780B
:109A50005F6D2F6972715F6D616E6167652E630066
:109A60007072696F203C3D20282831554C203C3CC9
:109A70002028332929202D2031290009696E76619B
:109A80006C6964207072696F726974792025642032
:109A9000666F7220256420697271212076616C7571
:109AA0006573206D757374206265206C6573732017
:109AB0007468616E20256C750A0A00574553545F1F
:109AC000544F504449522F7A65706879722F6172F1
:109AD00063682F61726D2F636F72652F6D70752FC4
:109AE00061726D5F6D70752E630009436F6E6669FC
:109AF000677572696E672025752073746174696378
:109B0000204D505520726567696F6E7320666169DC
:109B10006C65640A0A0009436F6E6669677572694D
:109B20006E672025752064796E616D6963204D50E4
:109B30005520726567696F6E73206661696C656434
:109B40000A0A00095265717565737420746F206389
:109B50006F6E6669677572653A2025752072656754
:109B6000696F6E732028737570706F727465643AD4
:109B7000202575290A0A002128726567696F6E5BC6
:109B80006964785D2E64745F617474722026202885
:109B900031554C203C3C20283029292900095241CC
:109BA0004D5F4E4F434143484520776974682044D8
:109BB000545F4D454D5F434143484541424C45202C
:109BC0006174747269627574650A0A000946616994
:109BD0006C656420746F20616C6C6F6361746520C8
:109BE0004D505520726567696F6E732066726F6D98
:109BF0002044540A0A002828284D50555F54797093
:109C000065202A29202828307845303030453030EA
:109C100030554C29202B20307830443930554C2990
:109C200020292D3E5459504520262028307846467C
:109C3000554C203C3C2038552929203E3E203855A3
:109C4000203D3D20380009496E76616C6964206EC4
:109C5000756D626572206F66204D50552072656784
:109C6000696F6E730A0A00464C4153485F300053D7
:109C700052414D5F3000574553545F544F50444953
:109C8000522F7A65706879722F6C69622F6C6962E5
:109C9000632F6E65776C69622F6C6962632D686FE4
:109CA0006F6B732E63002828282873697A655F74A8
:109CB000292836342929203C3C20313029202D20E8
:109CC00028282875696E747074725F742928265F5D
:109CD000656E642929202D203078323030303030C4
:109CE00030302929203E3D203230343800096D655E
:109CF0006D6F727920737061636520617661696C44
:109D000061626C6520666F72206E65776C69622097
:109D100068656170206973206C6573732074686175
:109D20006E20746865206D696E696D756D20726551
:109D30007175697265642073697A652073706563F3
:109D4000696669656420627920434F4E4649475FE2
:109D50004E45574C49425F4C4942435F4D494E5F27
:109D600052455155495245445F484541505F53491A
:109D70005A450A002A6C6F636B20213D2028287603
:109D80006F6964202A29302900096E6F6E2D726573
:109D900063757273697665206C6F636B20616C6CA0
:109DA0006F636174696F6E206661696C65640A0037
:109DB000574553545F544F504449522F7A65706849
:109DC00079722F647269766572732F636C6F636B3F
:109DD0005F636F6E74726F6C2F636C6F636B5F6326
:109DE0006F6E74726F6C5F6E72662E630074797042
:109DF00065203C20434C4F434B5F434F4E54524FE2
:109E00004C5F4E52465F545950455F434F554E5438
:109E100000657272203E3D203000636C6F636B40C2
:109E2000343030303030303000574553545F544F69
:109E3000504449522F7A65706879722F696E636C4D
:109E40007564652F7A65706879722F6472697665BA
:109E500072732F6770696F2F6770696F5F757469B0
:109E60006C732E680063616C6C6261636B00094EF9
:109E70006F2063616C6C6261636B210A0063616CCB
:109E80006C6261636B2D3E68616E646C6572000983
:109E90004E6F2063616C6C6261636B2068616E64FD
:109EA0006C6572210A00574553545F544F50444922
:109EB000522F6D6F64756C65732F68616C2F6E6FB8
:109EC000726469632F6E7266782F68616C2F6E7290
:109ED000665F6770696F2E68006E72665F67706993
:109EE0006F5F70696E5F70726573656E745F6368D3
:109EF00065636B282A705F70696E2900574553545B
:109F00005F544F504449522F7A65706879722F64BC
:109F10007269766572732F6770696F2F6770696FEA
:109F20005F6E7266782E6300657272203D3D203050
:109F30000063622D3E68616E646C657200677069D3
:109F40006F403530303030303030000001020304D3
:109F5000050607756172744034303030323030306D
:109F600000000000000100000001010000010101EB
:109F70000100000000574553545F544F504449526C
:109F80002F6D6F64756C65732F68616C2F6E6F72C7
:109F90006469632F6E7266782F68656C7065727382
:109FA0002F6E7266785F677070695F7070692E637C
:109FB00000705F6770706920213D202828766F69E6
:109FC00064202A29302900574553545F544F504488
:109FD00049522F6D6F64756C65732F68616C2F6EBD
:109FE0006F726469632F6E7266782F64726976652A
:109FF00072732F7372632F6E7266785F636C6F6318
:10A000006B2E63006D5F636C6F636B5F63622E6DBD
:10A010006F64756C655F696E697469616C697A6596
:10A020006400574553545F544F504449522F6D6F4D
:10A0300064756C65732F68616C2F6E6F72646963F1
:10A040002F6E7266782F647269766572732F7372E1
:10A05000632F6E7266785F636C6F636B5F686663B5
:10A060006C6B2E63000000010101574553545F548F
:10A070004F504449522F6D6F64756C65732F686142
:10A080006C2F6E6F726469632F6E7266782F6472C4
:10A0900069766572732F7372632F6E7266785F6371
:10A0A0006C6F636B5F6C66636C6B2E63000000010A
:10A0B0000101574553545F544F504449522F6D6F1F
:10A0C00064756C65732F68616C2F6E6F7264696361
:10A0D0002F6E7266782F68616C2F6E72665F677084
:10A0E000696F74652E6800696E646578203C20385D
:10A0F00000574553545F544F504449522F6D6F647D
:10A10000756C65732F68616C2F6E6F726469632F55
:10A110006E7266782F647269766572732F737263DC
:10A120002F6E7266785F6770696F74652E6300705A
:10A130005F696E7374616E636500705F6368616E02
:10A140006E656C0070696E5F6861735F74726967D9
:10A1500067657228705F696E7374616E63652C2029
:10A1600070696E2900696E745F656E61626C65006E
:10A170000000010101574553545F544F5044495268
:10A180002F7A65706879722F6B65726E656C2F64BB
:10A1900065766963652E63007263203E3D202D283D
:10A1A0003078666629202626207263203C20300005
:10A1B0000964657669636520257320696E69743A60
:10A1C00020696E76616C6964206572726F722028F6
:10A1D0002564290A00574553545F544F504449524F
:10A1E0002F7A65706879722F6B65726E656C2F6659
:10A1F0006174616C2E6300726561736F6E20213D26
:10A20000204B5F4552525F4B45524E454C5F50418B
:10A210004E49430009417474656D7074656420741F
:10A220006F207265636F7665722066726F6D206154
:10A23000206B65726E656C2070616E696320636F60
:10A240006E646974696F6E0A00574553545F544FCA
:10A25000504449522F7A65706879722F6B65726E1F
:10A26000656C2F696E69742E630074687265616431
:10A270005F64617461203C3D205F5F737461746949
:10A28000635F7468726561645F646174615F6C6967
:10A2900073745F656E640009756E657870656374CC
:10A2A0006564206C69737420656E64206C6F6361F3
:10A2B00074696F6E0A00646576203C3D205F6465BA
:10A2C000766963655F6C6973745F656E64006D6168
:10A2D000696E00574553545F544F504449522F7A8A
:10A2E00065706879722F6B65726E656C2F69646C2E
:10A2F000652E63005F6B65726E656C2E637075739F
:10A300005B305D2E63757272656E742D3E62617393
:10A31000652E7072696F203E3D20300057455354C2
:10A320005F544F504449522F7A65706879722F6B91
:10A3300065726E656C2F696E636C7564652F6B73E7
:10A34000636865642E68007468726561642D3E629E
:10A350006173652E70656E6465645F6F6E0057454E
:10A3600053545F544F504449522F7A657068797244
:10A370002F6B65726E656C2F6D73675F712E630056
:10A3800021617263685F69735F696E5F69737228C8
:10A3900029207C7C20282874696D656F7574292EAE
:10A3A0007469636B73203D3D202828286B5F7469B6
:10A3B0006D656F75745F74297B307D29292E7469F2
:10A3C000636B732900090A0021617263685F697217
:10A3D000715F756E6C6F636B6564286B65792900BE
:10A3E0006D7367712D3E77726974655F707472204A
:10A3F0003E3D206D7367712D3E6275666665725FC6
:10A400007374617274202626206D7367712D3E77F8
:10A41000726974655F707472203C206D7367712D72
:10A420003E6275666665725F656E6400574553549B
:10A430005F544F504449522F7A65706879722F6B80
:10A4400065726E656C2F6D757465782E6300216181
:10A450007263685F69735F696E5F69737228290050
:10A46000096D7574657865732063616E6E6F742015
:10A470006265207573656420696E7369646520493F
:10A480005352730A006D757465782D3E6C6F636B63
:10A490005F636F756E74203E2030550057455354EE
:10A4A0005F544F504449522F7A65706879722F6B10
:10A4B00065726E656C2F73656D2E6300282861725E
:10A4C00063685F69735F696E5F6973722829203DF5
:10A4D0003D203029207C7C20282874696D656F75AB
:10A4E00074292E7469636B73203D3D202828286BE6
:10A4F0005F74696D656F75745F74297B307D292980
:10A500002E7469636B73292900574553545F544F68
:10A51000504449522F7A65706879722F6B65726E5C
:10A52000656C2F7468726561642E63002828282882
:10A530007072696F2929203D3D2031352026262063
:10A540007A5F69735F69646C655F74687265616482
:10A550005F656E7472792828656E7472792929296D
:10A56000207C7C202828283135202D203129203EB0
:10A570003D2028282D313629292920262620282843
:10A580007072696F2929203E3D2028282D313629F7
:10A59000292026262028287072696F2929203C3D11
:10A5A00020283135202D20312929290009696E768E
:10A5B000616C6964207072696F72697479202825F2
:10A5C00064293B20616C6C6F7765642072616E67F3
:10A5D000653A20256420746F2025640A00095468B8
:10A5E0007265616473206D6179206E6F742062659D
:10A5F000206372656174656420696E2049535273EB
:10A600000A00574553545F544F504449522F7A65BE
:10A61000706879722F6B65726E656C2F73636865F5
:10A62000642E6300217A5F69735F69646C655F748F
:10A6300068726561645F6F626A65637428746872CA
:10A6400065616429002169735F7468726561645F84
:10A6500064756D6D79287468726561642900574569
:10A6600053545F544F504449522F7A657068797241
:10A670002F6B65726E656C2F696E636C7564652FE8
:10A680006B7468726561642E68005F6B65726E65DD
:10A690006C2E637075735B305D2E63757272656EC0
:10A6A0007420213D202828766F6964202A293029CA
:10A6B00000574553545F544F504449522F7A6570A8
:10A6C0006879722F6B65726E656C2F696E636C753D
:10A6D00064652F6B737761702E6800617263685FC9
:10A6E0006972715F756E6C6F636B6564286B6579F9
:10A6F00029207C7C205F6B65726E656C2E637075A3
:10A70000735B305D2E63757272656E742D3E62618F
:10A7100073652E7468726561645F7374617465201B
:10A72000262028282831554C203C3C202830292937
:10A7300029207C20282831554C203C3C20283329D6
:10A740002929290009436F6E74657874207377692D
:10A75000746368696E67207768696C6520686F6CE0
:10A7600064696E67206C6F636B210A0073697A6598
:10A770006F66285F73636865645F7370696E6C6F82
:10A78000636B29203D3D2030207C7C206C6F636B07
:10A7900020213D20265F73636865645F7370696E76
:10A7A0006C6F636B005F6B65726E656C2E637075AA
:10A7B000735B305D2E63757272656E742D3E6261DF
:10A7C00073652E73636865645F6C6F636B6564208B
:10A7D000213D203155005F6B65726E656C2E637094
:10A7E00075735B305D2E63757272656E742D3E629B
:10A7F0006173652E73636865645F6C6F636B65641A
:10A8000020213D20305500282828287072696F29A2
:10A8100029203D3D203135202626207A5F69735F4F
:10A8200069646C655F7468726561645F656E74729B
:10A830007928282828766F6964202A29302929292F
:10A8400029207C7C202828283135202D20312920E2
:10A850003E3D2028282D313629292920262620284A
:10A86000287072696F2929203E3D2028282D313615
:10A8700029292026262028287072696F2929203C42
:10A880003D20283135202D203129292900217465CA
:10A89000726D696E617465000961626F72746564DE
:10A8A000205F63757272656E74206261636B2066EF
:10A8B000726F6D20646561640A0021657373656E53
:10A8C0007469616C000961626F72746564206573FC
:10A8D00073656E7469616C207468726561642025AB
:10A8E000700A00574553545F544F504449522F7AD1
:10A8F00065706879722F6B65726E656C2F74696D07
:10A90000656F75742E6300217379735F646E6F6475
:10A91000655F69735F6C696E6B65642826746F2D63
:10A920003E6E6F64652900574553545F544F504441
:10A9300049522F7A65706879722F6B65726E656CFB
:10A940002F6B686561702E630068656170203C3D07
:10A95000205F6B5F686561705F6C6973745F656EC3
:10A9600064000020202020202020202028282828C3
:10A9700028202020202020202020202020202020CF
:10A98000202020881010101010101010101010101F
:10A99000101010040404040404040404041010102F
:10A9A00010101010414141414141010101010101DB
:10A9B0000101010101010101010101010101101069
:10A9C00010101010424242424242020202020202AF
:10A9D000020202020202020202020202020210103B
:10A9E0001010200000000000000000000000000027
:10A9F0000000000000000000000000000000000057
:10AA00000000000000000000000000000000000046
:10AA10000000000000000000000000000000000036
:10AA20000000000000000000000000000000000026
:10AA30000000000000000000000000000000000016
:10AA40000000000000000000000000000000000006
:10AA500000000000000000000000000000000000F6
:10AA6000000000232D302B2000686C4C00656667C9
:10AA70004546470030313233343536373839414274
:10AA80004344454600303132333435363738396146
:08AA90006263646566000000CA
:10AA9800C1790000997B00000060004000000000C0
:10AAA800000000000000000000000000000000009E
:10AAB800000000000000000000000000000000008E
:10AAC800000000000000000000000000000000007E
:10AAD800000000000000000000000000000000006E
:10AAE800000000000000000000000000000000005E
:10AAF800000000000000000000000000000000004E
:10AB080000000000000000000090D003FF000000DB
:10AB180080000020800000208C0000200000000041
:10AB2800000000000000000000000000000000001D
:10AB3800000000000000000000000000000000000D
:10AB480000000000000000000000000000000000FD
:10AB580000000000000000000000000000000000ED
:10AB680000000000000000000000000000000000DD
:0CAB7800000000000000000000000000D1
:08AB84000000000000000000C9
:10AB8C00F4000020F4000020000000000000000091
:04AB9C000E000000A7
:04ABA00015E015E0C7
:040000030000252DA7
:00000001FF
