:1000000008380020F52700000F950000E1270000C8
:10001000E1270000E1270000E1270000E1270000C0
:10002000000000000000000000000000592900004E
:10003000E127000000000000FD280000E12700008B
:100040001D2B00001D2B00001D2B00001D2B000090
:100050001D2B00001D2B00001D2B00001D2B000080
:100060001D2B00001D2B00001D2B00001D2B000070
:100070001D2B00001D2B00001D2B00001D2B000060
:100080001D2B00001D2B00001D2B00001D2B000050
:100090001D2B00001D2B00001D2B00001D2B000040
:1000A0001D2B00001D2B00001D2B00001D2B000030
:1000B0001D2B00001D2B00001D2B00001D2B000020
:1000C0001D2B00001D2B00001D2B00001D2B000010
:1000D0001D2B00001D2B00001D2B00001D2B000000
:1000E0001D2B00001D2B00001D2B00001D2B0000F0
:1000F0001D2B00001D2B00001D2B00001D2B0000E0
:100100001D2B00001D2B00001D2B00001D2B0000CF
:100110001D2B00001D2B00001D2B00001D2B0000BF
:100120001D2B00001D2B00001D2B00001D2B0000AF
:100130001D2B00001D2B00001D2B00001D2B00009F
:100140001D2B00001D2B00001D2B00001D2B00008F
:100150001D2B00001D2B00001D2B00001D2B00007F
:100160001D2B00001D2B00001D2B00001D2B00006F
:100170001D2B00001D2B00001D2B00001D2B00005F
:100180001D2B00001D2B00001D2B00001D2B00004F
:100190001D2B00001D2B00001D2B00001D2B00003F
:1001A0001D2B00001D2B00001D2B00001D2B00002F
:1001B0001D2B00001D2B00001D2B00001D2B00001F
:1001C0001D2B00001D2B00001D2B00001D2B00000F
:1001D0001D2B00001D2B00001D2B00001D2B0000FF
:1001E0001D2B00001D2B00001D2B00001D2B0000EF
:1001F0001D2B00001D2B00001D2B00001D2B0000DF
:100200001D2B00001D2B00001D2B00001D2B0000CE
:100210001D2B00001D2B00001D2B00001D2B0000BE
:100220001D2B00001D2B00001D2B00001D2B0000AE
:100230001D2B00001D2B00001D2B00001D2B00009E
:100240001D2B00001D2B00001D2B00001D2B00008E
:100250001D2B00001D2B00001D2B00001D2B00007E
:100260001D2B00001D2B00001D2B00001D2B00006E
:100270001D2B00001D2B00001D2B00001D2B00005E
:100280001D2B00001D2B00001D2B00001D2B00004E
:100290001D2B00001D2B00001D2B00001D2B00003E
:1002A0001D2B00001D2B00001D2B00001D2B00002E
:1002B0001D2B00001D2B00001D2B00001D2B00001E
:1002C0001D2B00001D2B00001D2B00001D2B00000E
:1002D0001D2B00001D2B00001D2B00001D2B0000FE
:1002E0001D2B00001D2B00001D2B00001D2B0000EE
:1002F0001D2B00001D2B00001D2B00001D2B0000DE
:100300001D2B00001D2B00001D2B00001D2B0000CD
:100310001D2B00001D2B00001D2B00001D2B0000BD
:100320001D2B00001D2B00001D2B00001D2B0000AD
:100330001D2B00001D2B00001D2B00001D2B00009D
:100340001D2B00001D2B00001D2B00001D2B00008D
:100350001D2B00001D2B00001D2B00001D2B00007D
:100360001D2B00001D2B00001D2B00001D2B00006D
:100370001D2B00001D2B00001D2B00001D2B00005D
:100380001D2B00001D2B00001D2B00001D2B00004D
:100390001D2B00001D2B00001D2B00001D2B00003D
:1003A0001D2B00001D2B00001D2B00001D2B00002D
:1003B0001D2B00001D2B00001D2B00001D2B00001D
:1003C0001D2B00001D2B00001D2B00001D2B00000D
:1003D0001D2B00001D2B00001D2B00001D2B0000FD
:1003E0001D2B00001D2B00001D2B00001D2B0000ED
:1003F0001D2B00001D2B00001D2B00001D2B0000DD
:100400001D2B00001D2B00001D2B00001D2B0000CC
:100410001D2B00001D2B00001D2B00001D2B0000BC
:100420001D2B00001D2B00001D2B00001D2B0000AC
:100430001D2B00001D2B00001D2B00001D2B00009C
:100440001D2B00001D2B00001D2B00001D2B00008C
:100450001D2B00001D2B00001D2B00001D2B00007C
:100460001D2B00001D2B00001D2B00001D2B00006C
:0C0470001D2B00001D2B00001D2B0000A8
:10047C0053B94AB9002908BF00281CBF4FF0FF31FF
:10048C004FF0FF3000F00CB8ADF1080C6DE904CE64
:10049C0000F010F8DDF804E0DDE9022304B0704749
:1004AC00704700BF034613F8012B002AFBD1181A22
:1004BC00013870472DE9F04786468C460846089E61
:1004CC00154674461946002B40F0C1808542B2FA9D
:1004DC0082F245D94AB1C2F1200300FA02FC9540E0
:1004EC0094402EFA03F343EA0C0C4FEA154EA8B2D3
:1004FC00230CBCFBFEF80EFB18CC08FB00F943EAFE
:10050C000C43994528D9EB1808F1FF3704D29945CB
:10051C0002D9A8F102072B44A3EB0903A4B2B3FB45
:10052C00FEFC0EFB1C330CFB00F044EA0344A0421F
:10053C0014D92C190CF1FF3304D2A04202D9ACF11E
:10054C0002032C44241A43EA07401EB1D440002372
:10055C0034607360BDE8F0874746DDE76346F1E73A
:10056C0092BB431B01214FEA154EAFB2200CB3FBDB
:10057C00FEFC0EFB1C330CFB07F840EA03439845CA
:10058C0061D9EB180CF1FF3004D2984502D9ACF1CB
:10059C0002002B44A3EB0803A4B2B3FBFEFC0EFB3E
:1005AC001C330CFB07F744EA0344A7424DD92C1922
:1005BC000CF1FF3304D2A74202D9ACF102032C4454
:1005CC00E41B43EA0040C0E7C2F12003954094408D
:1005DC0020FA03F12EFA03F34FEA154E9040AFB216
:1005EC000343B1FBFEFC0EFB1C10190C0CFB07F8B3
:1005FC0041EA0041884522D969180CF1FF3004D238
:10060C00884502D9ACF102002944A1EB08019BB248
:10061C00B1FBFEFC0EFB1C110CFB07F743EA01437C
:10062C009F420ED9EB180CF1FF3104D29F4202D934
:10063C00ACF102012B44DB1B41EA004193E760461D
:10064C00E3E76146F7E76046A4E76346B8E7834211
:10065C0006D916B9002108467CE7C6E900E0F9E79F
:10066C00B3FA83F78FB9834201D3724508D8BEEB36
:10067C00020460EB030301209C461EB9002169E7CC
:10068C003846FAE7C6E9004CF8E7C7F1200CBB4046
:10069C000EFA07F522FA0CF42EFA0CF1BA401C43B0
:1006AC0020FA0CF3B8404FEA144901431FFA84FEB8
:1006BC00B3FBF9F809FB18300B0C08FB0EFA43EAF4
:1006CC0000439A4540D9E31808F1FF3004D29A450B
:1006DC0002D9A8F102002344A3EB0A0389B2B3FBAD
:1006EC00F9F809FB183308FB0EFE41EA03418E456D
:1006FC002CD9611808F1FF3304D28E4502D9A8F128
:10070C000203214443EA0040A1EB0E01A0FB029836
:10071C004145CE46434602D306D14D4504D201385D
:10072C00B9EB020E68EB0403002EA7D0B5EB0E025A
:10073C0061EB030101FA0CFC22FA07F3F9404CEAD5
:10074C000303C6E9003199E74046C5E74346D9E7BC
:10075C0008B50D4B1A68AAB901220C481A6000F0B2
:10076C005FF80B4800F05CF80A4800F059F80A48AA
:10077C0000F056F8094800F053F8BDE80840084866
:10078C0000F04EB808BD00BF5805002048AD000071
:10079C0078AD000068AD000058AD000088AD0000D9
:1007AC0098AD000010B5044658B1FFF77BFE01462A
:1007BC00204600F089FDBDE810400121014800F001
:1007CC0083BD10BDBCCB00000FB400B5C3B0449AC0
:1007DC00B2B14FF4807145AB02A8019308F0F0F967
:1007EC00011E0DDDFF29C4BF0023FF2102A8C8BFD5
:1007FC008DF8073100F068FD0121044800F064FD1C
:10080C0043B05DF804EB04B0704700BFBCCB0000F4
:10081C000048704728AF0000004870472CAF00001C
:10082C0050B1C36843B1054A13680F2B9FBF591CC5
:10083C001160034A42F82300704700BF5C0500209A
:10084C0060050020014B1868704700BF5C05002054
:10085C00044B1B68834286BF034B53F820000020D7
:10086C00704700BF5C0500206005002003289ABF7C
:10087C00024B53F820000248704700BF38AD00000F
:10088C0033AF000038B50D46044660B159B1E022D3
:10089C00002109F0E7FB2B6823606B686360AB6891
:1008AC00A360014B236138BD59AF000000232DE933
:1008BC00F04FDFF8C081704EDFF8C091DFF8C0A1B7
:1008CC00704DC1B0C8F800303360C9F80030CAF8B8
:1008DC0000302B60FFF73CFF6B48FFF763FF00F025
:1008EC0083FC044669496A48FFF76EFFB4B1D4E94A
:1008FC0000126848FFF768FFA07DE37AA27A217A9C
:10090C000590607D0490207D0390207C0290E07B1C
:10091C000190607B00906048FFF756FF00F0DEFC12
:10092C00069000F0DFFC074600F0CAFC8346FFF798
:10093C006FFF0446FFF770FF4FF47A733A46CDE928
:10094C000240CDE900B30699544B5548FFF73CFFE4
:10095C00FFF778FF00270690069B9F421DD1029758
:10096C002B6850480193DAF800300093D9F8003026
:10097C003268D8F80010FFF727FF4B48FFF712FF3B
:10098C0008F088FC3368002B71D12868003818BF38
:10099C000120404241B0BDE8F08F3846FFF758FFC8
:1009AC00044600283FD0C368002B3CD0014608A861
:1009BC00FFF768FFD4E9013221683C48FFF704FFD8
:1009CC0008A8E36898479DF82C0003283DD8DFE879
:1009DC0000F0022C3036D8F800300133C8F8003063
:1009EC00089CDDF828B0FFF741FF0C9A304903460C
:1009FC00002A08BF0A462F48214600925A46FFF7A4
:100A0C00E3FE4FF0000B08AC3E9B2B489B4508992E
:100A1C001FD39DF82C000791FFF728FF079902467A
:100A2C002648FFF7D1FE013796E733680133336070
:100A3C00D6E7D9F800300133C9F80030D0E7DAF83E
:100A4C0000300133CAF80030CAE72B6801332B6041
:100A5C00C6E7A36A164A0BF1010B002B08BF13461D
:100A6C000093236AA269FFF7AFFE1834CCE74FF06E
:100A7C00FF308FE7B0050020AC050020A805002052
:100A8C00A4050020A00500205CAF00006CAF0000A6
:100A9C007AAF00008BAF0000ABAF00000020A107C5
:100AAC0023B000001BB1000067B100007EB0000055
:100ABC00BDCB0000A3B00000D5B0000002B1000017
:100ACC0000212DE9F04FADF56D7D0DF120080546A7
:100ADC0005224046079108F058FB07AF0146002855
:100AEC0040F099800CAE0522304608F04EFB0446CF
:100AFC00002840F0938010AB9B46DFF838914E4AAB
:100B0C004E490DF1900A4FF0000C0BEB0410C3E9A9
:100B1C0000869F60C0F80CC04FF480604FF0020C50
:100B2C00CDF80090CDE9010C5046059300F08CFBFC
:100B3C00002875D1059B0134052C40493E4A03F130
:100B4C0010030AF1A00A09F58069DCD1A1464046E0
:100B5C0008F03BFB002865D1B9F10109F7D142F24D
:100B6C00107008F0FDFA00285ED101233B6041F2C1
:100B7C008831304608F017FB0746002856D1013C57
:100B8C00F5D122464FF0FF36A146A0460BEB0213DF
:100B9C00DB68002B4CD09E4228BF1E469C4238BFBF
:100BAC001C46013213EB090348F10008052A99464B
:100BBC00ECD1234B0522284622490093002308F050
:100BCC0044FA214B4A4600934346DFF8808028467E
:100BDC001F4908F03AFA3246002328461D49CDF841
:100BEC00008008F032FA2246002328461A49CDF834
:100BFC00008008F02AFA194B42F210720093284632
:100C0C000023174908F021FA164B2F732B610DF5B1
:100C1C006D7DBDE8F08F144B0127F6E7134BFBE716
:100C2C00134BF9E7134BF7E7134BF5E7134BF3E7CC
:100C3C00134BF1E7080E00209190000053B2000016
:100C4C006CB2000064B200007AB2000092B20000F4
:100C5C0074B2000081B200009DB20000BAB2000074
:100C6C00AEB2000031B2000075B1000093B10000CB
:100C7C00B0B10000CCB10000E8B1000001B200003E
:100C8C0017B2000001222DE9F04786B00746114645
:100C9C0002A808F07AFA044600284AD108F0F5FABE
:100CAC0081468A464FF48065002102A808F07BFA41
:100CBC00002842D102A808F088FA804600283ED1CC
:100CCC00013DF1D108F0E1FA484571EB0A0304F556
:100CDC008064E7D31B4BB0EB090561EB0A069D4220
:100CEC0076F10003DED3184B2246384617490093A1
:100CFC00434608F0AAF9164B2A4638461549009384
:100D0C00334608F0A2F914482A463346A4FB0001E6
:100D1C00FFF7AEFB0B4611490246009138461049CD
:100D2C0008F093F90F4B87F80C803B6106B0BDE8D7
:100D3C00F0870D4B4FF00108F5E70C4BFAE70C4B25
:100D4C00F8E700BF80969800FAB5000029B30000C0
:100D5C003CB3000034B3000040420F003FB300002E
:100D6C00DEB2000005B30000B0B30000EFB200002B
:100D7C00D2B100002DE9F04788B00746002103A846
:100D8C0008F02BFA044600284AD108F07EFA814676
:100D9C008A464FF48065002103A808F026FA002843
:100DAC0042D103A808F033FA804600283ED1013D19
:100DBC00F1D108F06AFA484571EB0A0304F5806436
:100DCC00E7D31B4BB0EB090561EB0A069D4276F1AC
:100DDC000003DED3174B224638461749009343468F
:100DEC0008F033F9154B2A4638461549009333461B
:100DFC0008F02BF913482A463346A4FB0001FFF7F1
:100E0C0037FB0B4610490246009138460F4908F053
:100E1C001CF90F4B87F80C803B6108B0BDE8F087DC
:100E2C000C4B4FF00108F5E70B4BFAE70B4BF8E7CF
:100E3C0080969800FAB5000029B300003CB300007E
:100E4C0034B3000040420F003FB30000DEB200009C
:100E5C0087B300004DB3000061B3000073B3000012
:100E6C002DE9F041C2B010AD00210446284608F02F
:100E7C00B4F90146002860D104AF0122384608F0CD
:100E8C0084F9014600285AD108AE0122304608F0F8
:100E9C007CF90146002854D10DF13008012240465E
:100EAC0008F073F900284ED140F206630222ADF827
:100EBC0064304FF48063CDE90132294B294A009309
:100ECC00294915AB1AA8CDE91557CDE9176800F0DB
:100EDC00BBF9002839D141F28831384608F063F962
:100EEC00002834D19DF86430002B32D1284608F00C
:100EFC008EF90546304625B908F067F91B4B0126DB
:100F0C0016E008F062F941F28831404608F04BF9DE
:100F1C0008BB9DF8656006BB1AA808F028F9144BAD
:100F2C002A46009320460023124908F08EF8124BF3
:100F3C002673236142B0BDE8F081104BDFE7104B04
:100F4C00DDE7104BDBE7104BD9E7104BD7E7104B25
:100F5C00D5E7104BD3E7104BD1E7104BCFE700BFD1
:100F6C0008220020D3900000BFB4000037B400006A
:100F7C00D9B40000CFB400009FB400004DB3000002
:100F8C00A9B30000C8B3000093B10000E8B300009F
:100F9C0003B400001CB4000058B400006DB4000091
:100FAC0010232DE9F04F97B007461A463E490BA87F
:100FBC0008F038F9054600286BD10146102203A829
:100FCC0009F050F81022294607A809F04BF808F050
:100FDC005CF981468A46DFF8D4B02C4684EA0B03D0
:100FEC000493334B0022E3180593324B03A90BA84F
:100FFC000394069308F021F9024600284DD107A965
:10100C000BA808F02EF98046002848D1102207A919
:10101C0003A809F00AF8002843D1013405F58063D0
:10102C009C42DBD108F031F9484571EB0A032ED311
:10103C00214BB0EB090561EB0A069D4276F10003EA
:10104C0025D31E4B224638461D490093434607F0D4
:10105C00FCFF1C4B2A4638461B490093334607F0CD
:10106C00F4FF1A482A463346A4FB0001FFF700FAA6
:10107C000B461749024600913846164907F0E5FF22
:10108C00154B87F80C803B6117B0BDE8F08F2546F7
:10109C00A3E7124B4FF00108F3E7114BFAE7114BA2
:1010AC00F8E7114BF6E700BF000D0020785634121C
:1010BC0000EFCDABAA55AA5580969800F0B500006C
:1010CC0029B300003CB3000034B3000040420F00D1
:1010DC003FB30000DEB20000CEB500007CB50000CE
:1010EC0090B50000A2B50000B7B500002DE9F04F97
:1010FC0085B0044608F0C9F880460A20894608F0F5
:10110C002FF8054608F0C1F806460F46002D4BD1C6
:10111C00404571EB090344D3B0EB080B61EB0903B9
:10112C000393264BDFF898A00A222046254900930A
:10113C00002307F08AFF4FF47A72002320462249DD
:10114C00CDF800A007F081FF42F210720023204678
:10115C001E49CDF800A007F078FF42F22832002398
:10116C0020461B49CDF800A007F06FFF46EA0806A1
:10117C005A462046039B1749CDF800A047EA0907B9
:10118C0007F063FF3E4312D042F228339B45039B8A
:10119C0073F100030ED3104B2573236105B0BDE82A
:1011AC00F08FAB460395BCE701250C4BF4E7042507
:1011BC000B4BF1E701250B4BEEE700BFC6B6000069
:1011CC003CB30000BCB60000CCB60000D4B60000A6
:1011DC00DFB6000034B30000A7B6000036B600003E
:1011EC004AB6000072B6000000487047A8AD000077
:1011FC0038B50D460446D0B10E4B1B7873B90E4969
:10120C0040F246330D4A0E4808F0FFF80D4808F03E
:10121C00FCF840F24631094808F0EEF805F0C0FF42
:10122C00002105F0EDFD2846A047002038BD022026
:10123C00FCE700BF030E00204DB7000022B70000F2
:10124C0060B700007DB70000F0B589B01546DDE948
:10125C000E1204469DF84060F8B1F5B1E9B1E2B167
:10126C00042EC0E9255396BF0D4B07209857002339
:10127C0000260027CDE90303CDE901332046CDE953
:10128C000667084B009405F0E9F80028C4F89000B4
:10129C000CBF0620002009B0F0BD0220FBE700BF08
:1012AC009FB7000047910000002108B50348FFF7E5
:1012BC009FFF003818BF0120404208BD81900000FC
:1012CC000048704740420F00024618B111B1024865
:1012DC0008F06EB8704700BFB2B700000048704706
:1012EC00B7B7000000487047C3B70000B2F5802FB5
:1012FC002DE9F04110D2042A28D8454940F21A238E
:10130C00444A454808F081F8444808F07EF840F219
:10131C001A21404808F070F80823D21ACC1D114449
:10132C0024F0070421F00701091B17294FEAD10605
:10133C000ED83B4940F22323364A374808F065F86B
:10134C00364808F062F840F22321E2E70423E4E790
:10135C000025046031462046A660E56007F0D5FF05
:10136C00B6F5004F2CBF08230423421D920008330E
:10137C00D11DDB0803EBD103B3424FEAD10739D8B7
:10138C0001302946A2F1100204F11000B8BF2A4620
:10139C0008F068FE3A462946204607F0B2FF2B4675
:1013AC002A462946204607F083FFA6EB070820466D
:1013BC002946012207F08DFF4246394607F0A1FF6E
:1013CC003B462A463946204607F072FF31462046F6
:1013DC0007F097FF43462A463146204607F068FF40
:1013EC0031462046012207F074FF3946BDE8F04132
:1013FC0007F09ABF0B494FF40E73064A064808F0E3
:10140C0004F8064808F001F84FF40E7181E700BFAC
:10141C00B1B80000E3B7000060B70000D2B800001C
:10142C00EBB8000014B90000014B1B68184700BF53
:10143C00F0000020014B1860704700BFF000002046
:10144C0007B50B46002102460091034800F090F8C6
:10145C0003B05DF804FB00BF35140000044608B56A
:10146C00084611461A46A0470A4B1B7873B90A491D
:10147C0040F24633094A0A4807F0C7FF094807F00B
:10148C00C4FF40F24631054807F0B6FF05F088FE70
:10149C0001F018FA030E00204DB7000022B700002F
:1014AC0060B700007DB70000F0B5024601680A275E
:1014BC000020074E0B461C780131355D6D0701D4B9
:1014CC001360F0BD07FB0043A3F13000F2E700BF4F
:1014DC00D6D200002DE9F84F15469A46D378234A08
:1014EC006F2B12F803B081460F460BF0030B2BD079
:1014FC0026D8582B0CBF10260A26DDF82880324639
:10150C00002348463946FEF7B3FF092A08F1FF3895
:10151C00D4B21ED83034B145E4B277F1000788F864
:10152C00004001D3D04511D82B789B0605D5082E49
:10153C0015D1AB7843F00803AB704046BDE8F88F8B
:10154C0003F0F703702BD5E70826D6E781460F4644
:10155C00D5E7BBF1010F0CBF37345734DBE7102E46
:10156C00EBD1AB7843F01003E6E700BFD6D2000016
:10157C002DE9F04F8A4616461C46002597B003907D
:10158C00307808B9284655E325280AD05146039BE4
:10159C0098470028C0F24E83731C01350493049EB7
:1015AC00EEE71822002110A808F05CFD7378252BBB
:1015BC0000F0A380002398469E469C461846711C5A
:1015CC000F4611F8012B2B2A00F0C68000F2BD80CB
:1015DC00202A00F0C480232A00F0C4802BB19DF88F
:1015EC00483043F040038DF84830B8F1000F05D077
:1015FC009DF8483043F020038DF84830BEF1000FC1
:10160C0005D09DF8483043F010038DF84830BCF1FC
:10161C00000F05D09DF8483043F008038DF8483092
:10162C0028B19DF8483043F004038DF848309DF8FC
:10163C00483003F04401442903D16FF386138DF82D
:10164C0048309DF848302A2A43F0800309978DF8DA
:10165C00483040F08C809DF8493043F001038DF800
:10166C0049307B1C1A782E2A0CBF012100219DF8D1
:10167C00492061F341028DF849200CD15A1C099282
:10168C005A782A2A40F083809DF84920023342F090
:10169C0004028DF849201A786C2A00F0A48000F21C
:1016AC008680682A00F08C806A2A00F0A5804C2A7B
:1016BC0000F0AA801A4612F8013B782B04928DF8A0
:1016CC004B309DF8492000F217816D2B00F2A98058
:1016DC00692B00F21181572B00F2BE80412B03D0F5
:1016EC00453B022B00F2088104229DF84A3062F33C
:1016FC0002038DF84A300123CAE08DF84B30B31C3D
:10170C0004939DF84930D90740F1FD8054F8048BBF
:10171C00B8F1000F07DA9DF84820C8F1000842F034
:10172C0004028DF848205A0740F1F68054F804BBA7
:10173C00BBF1000F80F2F5809DF849306FF3410347
:10174C008DF849304FF0FF3BEBE02D2A0DD0302ABD
:10175C007FF444AF012333E74FF0010C30E74FF037
:10176C00010E2DE74FF001082AE7012028E709A810
:10177C00FFF79AFE099BBB423FF474AF9DF84820DB
:10178C001390C00F60F341028DF848206AE709A856
:10179C00FFF78AFE9DF848301490C3F3400242EAEA
:1017AC00D07262F341038DF84830099B73E7742AB9
:1017BC0026D07A2A7FF47EAF06219DF849200CE0D2
:1017CC005A78682A9DF8492006D1012161F3C60296
:1017DC008DF8492002336DE7022161F3C6028DF8C2
:1017EC004920013366E75A786C2A9DF8492001D1CB
:1017FC000421EBE70321F0E705219DF84920ECE7F4
:10180C0007219DF84920E8E7BDF8482022F4F04272
:10181C0022F0020242F4804242F00202ADF848206B
:10182C00DFE76E3BD9B201238B4040F282410B4281
:10183C0038D113F0240F52D1DF075DD503219DF869
:10184C004A3061F302038DF84A3002F07803A3F1B9
:10185C004000434243411BE00120A3F15801C9B2AF
:10186C0000FA01F111F4624F7FF43EAF40F601072C
:10187C0039421DD111F4043F3ED09DF84A3060F33B
:10188C00020302F07802402A8DF84A3034D000234B
:10189C009DF84820C2F340010B4363F341028DF8DD
:1018AC0048202EE702219DF84A3061F30203E8E755
:1018BC0002209DF84A1002F0780260F30201402ADF
:1018CC008DF84A1002BF9DF8481041F001018DF8C7
:1018DC004810632BDBD1131E18BF0123D8E703215B
:1018EC009DF84A3012F0780F61F302038DF84A30FC
:1018FC0014BF01230023CBE79DF8483043F00103CC
:10190C008DF84830C3E79DF94820002AACBF4FF052
:10191C00FF38DDF84C8006E79F077FF513AFDDF845
:10192C0050B00023CDE913339DF84A309DF849108F
:10193C0003F00703012BC1F3C30132D1CB1E042BDF
:10194C0004D8DFE803F02045452020002368012956
:10195C004FEAE372CDE910321BD19DF94030DA1712
:10196C00CDE9103204349DF8483013F003074FD002
:10197C0032465146049B039807F027FD0028C0F21D
:10198C00598105440BE654F8043BDA17CDE91032C3
:10199C00E9E70229E6D11AB243F3C033CDE91023AB
:1019AC00E0E7022B24D1CB1E042B04D8DFE803F094
:1019BC0018101018180001294FF0000254F8043BBD
:1019CC0014D00229CDE91032CDD19BB21093CAE7C5
:1019DC00073424F00704F4E80223CDE91023C2E70E
:1019EC0054F8043B109300231193BCE7DBB2CDE712
:1019FC00042B08D1073424F00704D4E9002308345D
:101A0C00CDE91023AFE7032BADD154F8043BDDE750
:101A1C009DF84B0078283FF6C2AD62281ED82528C9
:101A2C0050D058287FF4BBADDDE910010DF13E0319
:101A3C00009312AA0AABFFF74DFDBBF1000F8146D4
:101A4C0080F2C180B9F1000F3FF4A9AD0DF13E0653
:101A5C00A6EB0903002F7BD0013379E063381528FE
:101A6C003FF69DAD01A252F820F000BF4B1B0000C9
:101A7C00A91B0000AB150000AB150000AB15000056
:101A8C00AB150000A91B0000AB150000AB15000046
:101A9C00AB150000AB150000F51B0000CD1B0000C2
:101AAC00091B0000AB150000AB150000E11A00008B
:101ABC00AB150000CD1B0000AB150000AB150000F2
:101ACC00CD1B00005146039B98470028C0F2B28002
:101ADC00013564E5BBF1000FDDF840900ADB594697
:101AEC00484608F0C7FAB9F1000F3FF458AD09EBBE
:101AFC00000620E04846FEF7D5FCF8E710980028D1
:101B0C0000F086800DF13E060AAB0021009612AA69
:101B1C00FFF7E0FCBDF84A30BBF1000F03F0EF0318
:101B2C0043F4F04343F010038146ADF84A3049DAF0
:101B3C0000283FF434AD0027A6EB090308E0109B06
:101B4C0000278DF8283001230DF129060DF1280905
:101B5C009DF84A1011F0100206925FD00233139ACE
:101B6C00134405924A0644BF14995B18B8F1000F50
:101B7C006DDDA8EB03089DF848305807C3F3800BC4
:101B8C0065D4590659D53FB151463846039B984701
:101B9C0000284FDB5F46013530234FE01E075ABF4C
:101BAC00C3F300135F012B27DDE91023002BBFF6D5
:101BBC003BAF524263EB43032D27CDE9102333E7B0
:101BCC00002731E700279DF848100DF13E03A3EBE9
:101BDC0009036FF386119B458DF848107FF632AFE1
:101BEC00ABEB030313932DE7109B07293FF6D7AC00
:101BFC00DFE801F00C04060C08080C0C1D70CEE498
:101C0C001D80CCE4EA17C3E90052C8E41D60C6E4A9
:101C1C00304E07460523A6F1050999E7080748BF8A
:101C2C0001339CE7184607935146039B98470028BD
:101C3C00079B04DA17B0BDE8F08F2023C346594642
:101C4C0000290BF1FF3BEDDC4544D8466D1A37B14A
:101C5C0051463846039B98470028EBDB01359DF82D
:101C6C004A30DA0601D41B0706D551463020039BB7
:101C7C0098470028DEDB0135069B3BB151469DF8A9
:101C8C004B00039B98470028D4DB0135059F2F445C
:101C9C0006E051463020039B98470028CADB0135EB
:101CAC007B1B002BF5DC33464A465146039807F064
:101CBC008CFB0028BEDB0544A844A8EB0503002BD5
:101CCC007FF76DAC51462020039B98470028B1DB71
:101CDC000135F2E744B900002DE9F84F0446A38B17
:101CEC0008461907154612D4022803F0070165D1DE
:101CFC00204607F097FB88B10138042800F23781A1
:101D0C00DFE810F05C0035018200D40004010128EA
:101D1C000CBF43F0100143F02001A1831434204682
:101D2C0005F0D4FB002840F09D819A494FF49A733A
:101D3C00994A9A4807F069FB2146B1E003F0070283
:101D4C00501F01281ED80020062A2768C4E900006D
:101D5C0014D13A4603E0E08B0130E0831268002A8C
:101D6C00F9D123F0070343F002022046A28307F0C7
:101D7C0059FB90B342F02002A2832EE023F007031C
:101D8C009AB2F2E7042A33D123F007039AB2204621
:101D9C00A28307F047FB10B142F02002A283A38B71
:101DAC0003F00709894540F0EC80A18BCA0640F18D
:101DBC00508121F01003A38301F00701D4F818809F
:101DCC00A38BB8F1000FB9DA0022276823F00703C0
:101DDC00C4E9002243F00103A383A38B03F007099A
:101DEC00894540F0CF80002FDFD00026B24644E07A
:101DFC006B4940F21B136B4A684807F006FB40F234
:101E0C001B11684807F0F8FA49B167494FF4AB73F6
:101E1C00644A624807F0F9FA4FF4AB71F1E72368B2
:101E2C004BB9624940F257135E4A5C4807F0EDFA31
:101E3C0040F25711E5E723691E684EB95C494FF42F
:101E4C00AD73584A554807F0E0FA4FF4AD71D8E736
:101E5C000F4688464FF00609A38B23F0070343F087
:101E6C0006039BB2A383A268002A40F08D80002F4A
:101E7C0040F08D80002E98D0BA4643F0080304F150
:101E8C00140B5846A38305F021FB002840F09A80E0
:101E9C0040494FF49A73404A404807F0B6FA594605
:101EAC00444807F0B2FA4FF49A71ADE0022909D018
:101EBC00414940F25D133B4A384807F0A6FA40F21C
:101ECC005D119EE7E78B4FB13C494FF4AF73354A38
:101EDC00324807F09AFA4FF4AF7192E723695E68C3
:101EEC004EB9334940F261132E4A2C4807F08DFA53
:101EFC0040F2611185E7A38BB84623F0070343F04A
:101F0C0004039BB24FF00409A383ACE7012909D069
:101F1C002B494FF4B273234A204807F076FA4FF45A
:101F2C00B2716EE723684BB9204940F265131D4A24
:101F3C001A4807F06AFA40F2651162E723699E6855
:101F4C004EB91B494FF4B473164A144807F05DFAA6
:101F5C004FF4B47155E70027A38BB84623F0070361
:101F6C0043F005039BB24FF00509A3837BE70C49B3
:101F7C0040F26B130B4A094807F047FA40F26B1119
:101F8C003FE7002700266EE74FF0010A75E79246FF
:101F9C0073E700BF18BA0000EBB9000060B700008F
:101FAC0073C9000045B900006AB9000076B9000099
:101FBC0099B900002FBA0000B0B90000C6B90000F2
:101FCC00D5B9000085F31188BFF36F8FBAF1000FFC
:101FDC001CD177BB16B120462549B047EFF31185CC
:101FEC00202383F31288BFF36F8F584605F060FAF5
:101FFC0038BB88231F4A2049204807F006FA594667
:10200C001F4807F002FA88211A48FBE6A16800294C
:10201C00DFD00D680029DCD043464A462046D1F873
:10202C0004A0D0471DB12B6829461D46F2E72B466C
:10203C00FAE7394643464A4620463F6807F01EFAFF
:10204C00C7E7584605F058FAA38B23F00803A3837F
:10205C00ABE68B067FF562AE21F02003A38301F083
:10206C00070145E685F31188BFF36F8FBDE8F88F44
:10207C0091200000EBB9000044BA000060B70000EA
:10208C0059BA0000F8B504460D4600F11406EFF3FA
:10209C001187202383F31288BFF36F8F304605F02E
:1020AC0007FA68B988230C4A0C490D4807F0ADF9BA
:1020BC0031460C4807F0A9F98821074807F09CF92C
:1020CC00304605F019FAA5613A462046BDE8F840BD
:1020DC000121FFF701BE00BFEBB9000044BA0000BC
:1020EC0060B7000059BA00002DE9F04704460F46CE
:1020FC0007F0B4F9051E68DB04F11409EFF3118A3B
:10210C00202383F31288BFF36F8F484605F0D0F974
:10211C00804660B98823384A3849394807F075F940
:10212C004946384807F071F98821334842E048465F
:10213C0005F0E2F94FF6FF72E38BA68B934206F0A3
:10214C00070645D0022E15D135460133E3834846A8
:10215C0005F0BCF9002841D14FF49A73264A2A495C
:10216C00274807F052F94946284807F04EF94FF432
:10217C009A71DAE7062E13D8DFE806F0092D121251
:10218C00090409006FF085054FF00008DFE7002314
:10219C003B60636883B9C4E9007786B13546F3E7E1
:1021AC001B4917484FF4E4731A4A07F02EF94FF401
:1021BC00E471184807F020F91F606760EDE752469C
:1021CC0002212046FFF788FD35462846BDE8F087FA
:1021DC006FF00A05D8E76FF00405D5E78AF311888C
:1021EC00BFF36F8FB8F1000FEFD0002332463946A2
:1021FC00204607F043F9E8E7EBB9000044BA0000C9
:10220C0060B7000059BA000018BA00002FBA0000DD
:10221C00D5B9000045B9000008B54268034602F084
:10222C000302032A816002D02AB1002000E000687A
:10223C0000225A6008BD054905484523054A07F0A8
:10224C00E4F84521034807F0D7F800BF73C9000034
:10225C0060B700006FBA0000014B036000207047AC
:10226C00C0AD000008B5044807F0A2F8034807F019
:10227C009FF8002008BD00BF95BA0000CABA000044
:10228C0008B50348034A0021121A07F032F908BDB9
:10229C0038030020040E0020074808B5074A0849F7
:1022AC00121A07F028F9BDE808400648064A074903
:1022BC00121A07F020B900BF60000020380300207C
:1022CC000CD4000060000020600000200CD4000042
:1022DC0038B505460C4699B1D1E901230F48096878
:1022EC0007F066F8D4E90423E1680D4807F060F8BC
:1022FC00E1690C4807F05CF8A1690B4807F058F845
:10230C00012D05D1EFF305810848103907F050F87D
:10231C0021462846BDE8384003F0BEB9F8BA0000A3
:10232C0028BB000058BB000068BB000097BB000036
:10233C0030BFFFF7FDBF00BF054B5A699B689A423F
:10234C001FBF044A536843F08053536004F006B82F
:10235C008406002000ED00E010B5204C204807F06A
:10236C0027F8A36A990137D51E4807F021F81E20DB
:10237C00A36ADA0103D51C4807F01AF81F20174C82
:10238C00A36ADB0203D5194807F012F80220A36AEE
:10239C001C0303D5164807F00BF821200F4CA36A39
:1023AC00590303D5134807F003F82220A36A9A03B4
:1023BC0003D5114806F0FCFF2320084CA36ADB036D
:1023CC0003D50E4806F0F4FF2420A36A6FEA0343FA
:1023DC006FEA1343A36210BD1D20C9E700ED00E0B6
:1023EC00ABBB0000C4BB0000D8BB0000F3BB0000BB
:1023FC001EBC00003DBC000063BC00007EBC0000A5
:10240C0070B5244C064624480D4606F0D1FFA36A4D
:10241C00D90435D5214806F0CBFF1720A36A1A053D
:10242C0003D51F4806F0C4FF18201A4CA36A9B055D
:10243C000FD51C4806F0BCFFA16BA36A180407D586
:10244C00194806F0B5FF1EB1A36A23F40043A3623A
:10245C001920104CA36A590503D5144806F0A8FF9F
:10246C001A20A36ADA050DD5114806F0A1FF1B202E
:10247C00084A936A43F47F43936200232B7070BD28
:10248C001620CBE7A36A9B04F2D50A4806F090FF0E
:10249C001C20EDE700ED00E0AABC0000C1BC000070
:1024AC00D3BC0000E7BC000001BD000017BD00005C
:1024BC0033BD00004CBD000070B5304C06463048B2
:1024CC000D4606F075FFA36AD90646D52D4806F0D1
:1024DC006FFF1120A36A1A0703D52B4806F068FF7B
:1024EC001220264CA36A9B070FD5284806F060FFE4
:1024FC00616BA36A180607D5254806F059FF1EB173
:10250C00A36A23F08003A36213201C4CA36ADA078E
:10251C0003D5204806F04CFF1420A36A9B0603D574
:10252C001D4806F045FF1520144B9A6AD60602D4B6
:10253C009A6A940713D59B6AD90610D5174940F2AD
:10254C002D13174A174806F060FF174806F05DFF79
:10255C0040F22D11124806F04FFF1020BAE7074B3E
:10256C009A6A920642BF5A6A22F400525A629A6AD6
:10257C0042F0FF029A6200232B7070BD00ED00E068
:10258C007CBD000093BD0000D3BC0000C7BD0000A3
:10259C00E0BD0000F7BD00004CBD000049BE0000CE
:1025AC0017BE000060B7000093BE0000F0B56F4B83
:1025BC000446586800258BB0C0F3080385F31188D6
:1025CC00BFF36F8F02F07F46B6F17F4F06D102F05A
:1025DC000C06082E11D1664806F0EAFE654940F259
:1025EC001443654A654806F010FF654806F00DFF78
:1025FC0040F21441604806F0FFFE16074CBF0C4633
:10260C000125002CEAD00026DA1E8DF80760092A75
:10261C0000F29A80DFE802F0058E927198989898F3
:10262C009896584806F0C4FE8DF807604F4EF36A32
:10263C009A0704D5544806F0BBFE002326E0F36A43
:10264C00002B01DA5148F6E7F36A5B0065D5504878
:10265C0006F0AEFE7369A26943F480737361BFF335
:10266C004F8FBFF36F8F736932F8022C23F4807392
:10267C007361BFF34F8FBFF36F8F4DF602739A42A6
:10268C0023D12168434806F093FE23689DF8072068
:10269C00CAB902AE04F120073246206861680834DA
:1026AC0003C2BC421646F7D1099A002D58D0C2F38A
:1026BC00080121B96FEA52226FEA422209921846A8
:1026CC0002A9FFF705FE0BB0F0BDB36ADBB233B164
:1026DC0001200DF10701FFF7EFFE0346D6E7B36AC1
:1026EC0013F47F4F05D001200DF10701FFF788FE91
:1026FC00F3E7B36AB3F5803F02D3FFF72DFEECE7A7
:10270C00254940F2ED231C4A1C4806F07EFE234866
:10271C0006F07BFE40F2ED216CE71F494FF43C7351
:10272C00154A164806F071FE1D4806F06EFE4FF471
:10273C003C715FE700200DF10701CCE700200DF1A3
:10274C000701D3E7174876E7A3F11002164B10F4F4
:10275C00F87F1649164818BF194606F029FE6CE793
:10276C0022F4FF7222F00102A8E700BF00ED00E0A6
:10277C0025BF000051BF000017BE000060B700006D
:10278C0064BF0000A2BF0000BABF0000DCBF0000A5
:10279C00EBBF00000BC0000073C9000028C0000094
:1027AC004CC000007CC000000CBF0000F7BE000055
:1027BC00A1C00000064B5A6942F010025A615A69D6
:1027CC0042F480625A615A6922F008025A617047D9
:1027DC0000ED00E0EFF30880EFF3098101B57246DC
:1027EC00FFF7E4FE01BD00BF002080F31488BFF3A7
:1027FC006F8F002080F30A8880F30B88124880F3D7
:10280C00088801F0BFFB002010490860BFF34F8F10
:10281C0000F032F8202080F311880D484FF0AA0107
:10282C004FF4006206F065FE09484FF40061401851
:10283C0080F30988EFF314800221084380F3148895
:10284C00BFF36F8F00F004F90838002094ED00E01E
:10285C0008260020002318460649D1F89020C2F320
:10286C000722934200DB7047C1F89830C1F8A000F2
:10287C000133F6E700ED00E010B572B6002484F3E6
:10288C001388FFF7E7FF23464FF0FF300C4A03F1A4
:10289C0020010133102B42F82100F8D100234FF016
:1028AC00FF30074A03F160010133102B42F821007D
:1028BC00F8D162B6BFF34F8FBFF36F8F10BD00BF5F
:1028CC0000E100E0084B9B6883420BD1EFF30583DA
:1028DC0043B1064B5A6842F080525A605A6A22F44D
:1028EC0000425A6204F062BC8406002000ED00E055
:1028FC0014498A684FF030001044EFF3098C80E8DB
:10290C00F01F202080F31288BFF36F8F0E4F4FF013
:10291C0000664A698A603E60D2F884000023C2F8DF
:10292C00843080F3118802F1300090E8F01F8CF3B2
:10293C00098802F1000004B506F0EEFDBDE8044084
:10294C00704700008406002004ED00E01EF0040F28
:10295C000CBFEFF30880EFF30980816911F8021CBA
:10296C000229FFD001B5724606F0C7FD01BD00BFBC
:10297C0000B2002807DB01234109034A00F01F00C5
:10298C00834042F82130704700E100E000B200289B
:10299C000CDB01220649430900F01F008240203362
:1029AC0041F82320BFF34F8FBFF36F8F704700BFE9
:1029BC0000E100E0054B420953F82220012300F00E
:1029CC001F0003FA00F01040704700BF00E100E068
:1029DC0038B54B1C072B04460D460FD96B23104AF8
:1029EC001049114806F011FD2946104807232246CC
:1029FC0006F00BFD6B210A4806F0FEFC00B2002825
:102A0C00ACBF00F160400A4A4FEA4313DBB2ABBFE4
:102A1C0000F5614000F00F0080F80033135438BD0E
:102A2C00B5C00000ECC0000060B7000007C100009A
:102A3C0014ED00E0044B054A23F07F039360BFF3D1
:102A4C004F8FBFF36F8F70470000000000ED00E068
:102A5C0008B5FFF7EFFF074AD2F8883023F470036C
:102A6C00C2F88830FFF70CFCFFF716FC00F040F8BA
:102A7C0002F028FF00ED00E042F8203C009B0B49DF
:102A8C0042F81C3C019B21F0010142F8183C029BCE
:102A9C0042F8081C42F8143C4FF0807342F8043C96
:102AAC000023203A0265C0F8843070476914000096
:102ABC0000B50B4B0E4698601546436F83F30B889D
:102ACC002C4686F309880020034B984720460021AA
:102ADC0000220023014C20473395000069140000AC
:102AEC00840600201022014B1A61704700ED00E0B3
:102AFC000023202040F20F1210B5044CE1180133D2
:102B0C00934281F80003F9D110BD00BF00E100E051
:102B1C0008B5EFF30583064A103B02EBC30152F8EC
:102B2C00330049688847BDE80840FFF705BC00BF83
:102B3C0030A400001FB5094C094A2346012109485D
:102B4C0000F0FAF800230393074B0121E41A01A8C3
:102B5C000193029400F014F904B010BD00F00220AF
:102B6C0000000020C0AD00003803002010B50C7A26
:102B7C000B6804F01F0223F01F031A43CB6864098F
:102B8C0023F01F03054943EA440343F00103C1F852
:102B9C009800C1F89C20C1F8A03010BD00ED00E0F9
:102BAC0010B5074BD3F89030C3F30723013B984281
:102BBC0002D8FFF7DBFF10BD6FF01500FBE700BF7D
:102BCC0000ED00E02DE9F04F0F46144606464FF09D
:102BDC0000084D4D85B0B84580F29280D6F804902F
:102BEC00B9F1000F36D0B9F11F0F40F2878019F000
:102BFC001F0F40F08380D6F800A01AF01F0F7DD174
:102C0C00504606F0B3FC834609EB0A00013806F087
:102C1C00ADFC834572D11BF1160F6FD05C456DDD99
:102C2C00C5F898B0D5F89C10C5F898B0D5F8A03078
:102C3C0021F01F0143F01F0AD6E900321A449942D1
:102C4C0002F1FF391ED1CA4508D131465FFA8BF02B
:102C5C0006F095FC08F101080C36BCE73146C5F8C6
:102C6C0098B0D5F89C3022F01F0203F01F031343D9
:102C7C00C5F89C30E0B206F082FC10F1160F3DD086
:102C8C00441CE7E7C5F898B0D5F8A020013B23F029
:102C9C001F0302F01F021343CA453146E0B2C5F8C8
:102CAC00A030E8D006F06BFC10F1160F26D0C5F85A
:102CBC0098B0D5F89C209DF808300AF1FF3A62F3E1
:102CCC0004038DF80830D5F8A0309DF808205B0877
:102CDC0063F347128DF80820D6E9003213440093B1
:102CEC0023F01F035344A3EB0903013023F01F030C
:102CFC006946C0B20393FFF753FFBEE76FF01504AC
:102D0C00204605B0BDE8F08F00ED00E00522044B35
:102D1C00C3F89420BFF34F8FBFF36F8F704700BF82
:102D2C0000ED00E0BFF35F8F0022024BC3F894204C
:102D3C00704700BF00ED00E038B50C4D0C462A780A
:102D4C00FFF740FF287016300FD14FF4C473084AB8
:102D5C000849094806F059FB2146084806F055FB7E
:102D6C004FF4C471024806F047FB38BD000E00203A
:102D7C0047C1000073C9000060B7000076C10000B5
:102D8C002DE9F74F314E894605464FF00008B34602
:102D9C002F4FC84502DB03B0BDE8F08FD5F804A077
:102DAC00BAF1000F4CD029680846019106F0DEFB01
:102DBC00019904460AEB0100013806F0D7FB844266
:102DCC004FF01402234B15D002FB08F36FF01502E1
:102DDC004BF803204FF4CC731F4A2049204806F0CF
:102DEC0014FB49461F4806F010FB4FF4CC711A48EF
:102DFC0006F002FB14F1160F3460EBD01978A142E7
:102E0C00E8DD02FB08B0C7F89840C7F89840D7F83F
:102E1C009C4000F10801007B64F304000871D7F8B2
:102E2C00A0000C79400860F347140C71D7F89C1083
:102E3C0021F01F017160D7F8A01021F01F01316142
:102E4C0008F1010814360C35A3E700BFB4050020C7
:102E5C0000ED00E0000E002047C1000073C9000027
:102E6C0060B70000A2C100002DE9F041694C6A4E28
:102E7C00D4F890303568C3F307239D4286B013D93C
:102E8C0040F20123654A6649664806F0BEFAD4F85A
:102E9C00902029466448C2F3072206F0B6FA40F2A5
:102EAC0001215E4806F0A8FA0020FFF73BFF5F4BBC
:102EBC00C4F8C03085421BD15D4C01A82570FFF7CA
:102ECC00CBF9002506464FF006085A4FAE4216D1F4
:102EDC00002023784F49D1F89020C2F30722934267
:102EEC00C0F292800020FFF711FF06B0BDE8F08120
:102EFC00716801EB0011FFF739FE0130DAE7019A36
:102F0C00290102EB0513D3F80CC00CEA0700B0F54D
:102F1C00800F47D007D8B0F5801F17D0B0F5001F31
:102F2C0023D00135D2E7B0F1006F5CD0B0F1805FF7
:102F3C00F7D158689B685258013B20F01F010B4495
:102F4C00CDE9020223F01F0301220BE0586852580E
:102F5C009B68CDE902022122013B20F01F010B44AA
:102F6C0023F01F038DF8102029E0586852589B68F5
:102F7C00CDE902024122013B20F01F010B4423F05A
:102F8C001F031CF0010F8DF81020059318D02A494F
:102F9C008323224A234806F038FA284806F035FAEB
:102FAC0083217EE7586852589B6820F01F01013B33
:102FBC00CDE902020B4423F01F038DF8108005931A
:102FCC00207802A9FFF7ECFD002819DA144940F229
:102FDC002B23124A134806F018FA194806F015FA72
:102FEC0040F22B215DE758689B685258013B20F05A
:102FFC001F010B44CDE9020223F01F036122B1E74C
:10300C002378013323708CE7C1F89830C1F8A00005
:10301C00013360E700ED00E0CCAD000047C10000DB
:10302C0073C9000060B70000D1C10000AAFF4400C2
:10303C00000E00200000F0FF05C200002BC20000B3
:10304C005AC2000008B50B4BC3F1005303F53C33D7
:10305C00B3F5006F0CD208499223084A084806F0D1
:10306C00D4F9084806F0D1F99221044806F0C4F9C5
:10307C00002008BD08380020C3C2000093C2000025
:10308C0060B700000BC30000014B1860704700BF15
:10309C00F400002010B5074C2368C2180648C0F194
:1030AC00005101F53C318A4236BF22604FF0FF30AF
:1030BC00C01810BDC80500200838002010B558B93C
:1030CC0009490A4840F2C713094A06F09EF940F232
:1030DC00C711074806F090F94FF0FF32BDE81040D9
:1030EC004FF0FF3302F082BE93C3000060B70000C4
:1030FC0093C2000008B558B90749084840F2E313D9
:10310C00074A06F082F940F2E311054806F074F91B
:10311C00BDE8084002F03ABF93C3000060B700005E
:10312C0093C2000008B5244A244B1A6000F060F8E2
:10313C004FF47A612248D0F82436C3F30802C3F363
:10314C0009434B4382F480721E49883201FB0233DF
:10315C004FF4FA215B00B3FBF1F201FB12331A4975
:10316C00B3F57A3F28BF0132C1F80429D0F82036D4
:10317C004FF47A60C3F30802C3F30943434342F2AA
:10318C001C5082F4807202F2172200FB02334FF4BF
:10319C007A701B0AB3FBF0F200FB12330020B3F57C
:1031AC00FA7F4FF0010328BF0132C1F81C27C1F888
:1031BC000009C1F8003608BD0020A107F401002069
:1031CC0000C0FF00F82A00800000125048B1054BE7
:1031DC00054A1B68B3FBF2F35843044B43F001035D
:1031EC0018477047F401002040420F0020AD00004A
:1031FC000122024BC3F80424704700BF002008E0F2
:10320C0037B540230C460A490093411A491105462B
:10321C002346084A084806F0CEF9011E05DA28466E
:10322C00234603B0BDE83040184703B030BD00BFA3
:10323C00E00500202D960000A4A3000010B5EFF3CC
:10324C001184202383F31288BFF36F8F074A13680E
:10325C0023F00201DB07116002D4012000F0A6FF6D
:10326C0084F31188BFF36F8F10BD00BF38060020A8
:10327C00C9B2012908B509D9084909487E23094A68
:10328C0006F0C3F87E21074806F0B6F80C22036955
:10329C0001FB0233986C00F0070008BD0BC4000062
:1032AC0060B70000CEC3000070B5C9B20129036934
:1032BC000BD9194919484FF4E873194A06F0A5F8C7
:1032CC004FF4E871164806F097F8EFF311852024B7
:1032DC0084F31288BFF36F8F0C2606FB0134A46CA9
:1032EC0014F0C00408D0A24206D085F31188BFF3B5
:1032FC006F8F4FF0FF3070BD012206FB01339A64D3
:10330C0085F31188BFF36F8F436803EBC1035B68D0
:10331C0098470020EFE700BF0BC4000060B7000027
:10332C00CEC3000070B50D4606490446411A49113A
:10333C0040220548FFF7B8FF2B4601462046BDE862
:10334C0070401847E0050020A4A30000F8B5002247
:10335C000121054640F20510FFF73AFB0F4800F03B
:10336C00B1FE0446B8B900F0CDFE2F690C493846C1
:10337C0006F09AF8031E09DB0126BE642D69084984
:10338C0005F1200006F090F8031E02DA1C462046D8
:10339C00F8BD6E65FBE76FF00404F8E7313400000C
:1033AC00F4AD00001FB500220123CDE902236B46CA
:1033BC00084ACDF800D0CDF804D006F02AF9002840
:1033CC0005DB4FF4FA720023684602F04DFF05B09E
:1033DC005DF804FB399600000C22104B014602FBF1
:1033EC000033002030B4D3E910521864EFF311808D
:1033FC00202484F31288BFF36F8F9C6C04F0C004FC
:10340C0044F002049C6480F31188BFF36F8F1DB1EC
:10341C002B4630BC0248184730BC7047E0050020F2
:10342C00A4A3000008B506281CD8DFE800F0252569
:10343C000D0F04252500114B986C10F007001BD1C3
:10344C00BDE80840FFF7C8BF0120F9E70C4940F27E
:10345C00FA230C4A0C4805F0D8FF40F2FA2109482F
:10346C0005F0CAFF06494FF44173064A064805F0B9
:10347C00CCFF4FF44171F2E708BD00BFE00500201E
:10348C0073C90000CEC3000060B7000010B4EFF3A6
:10349C001182202383F31288BFF36F8F16480168C3
:1034AC0041F002040460C80707D482F31188BFF30B
:1034BC006F8F012010BC00F049BE1049D1F80C14DC
:1034CC00C903F2D5EFF3118083F31288BFF36F8F2A
:1034DC000B498B6C03F0C00343F002038B6480F345
:1034EC001188BFF36F8F82F31188BFF36F8F0020A9
:1034FC0010BCFFF771BF00BF3806002000E0105071
:10350C00E00500202DE9F041012206464049D1E8B2
:10351C00EF3FC1E8E02F0028F9D1A3B93D493E485F
:10352C004B60CB608A60FEF7DFFD00280BDA3B496D
:10353C0040F2A3233A4A3B4805F067FF40F2A3212F
:10354C00374805F059FF5EB3731E012B56D8012E78
:10355C0006D1354BD3F8503403F00303012B1FD0A5
:10356C0006F0D5FA0546E8B9304B1B78D3B10422E6
:10357C0007462D4BC3F808232B4CDFF8B480D4F846
:10358C004C24D4F84C34D20315D503F00303012B8F
:10359C0001D0012E0FD165B387F31188BFF36F8F64
:1035AC00BDE8F081EFF31187202383F31288BFF37A
:1035BC006F8F0125E0E7BDB1384605F0C8FFD4F8A0
:1035CC00403413F0FF03DAD1D4F80821002AD6D006
:1035DC00C4F80831D4F8083120220123C4F840344F
:1035EC00C8F8A0212361CAE70021012003F04EFD99
:1035FC00E5E704220C4BC3F80423D1E70D4940F254
:10360C00B523074A074805F000FF40F2B52197E7BC
:10361C00DC050020CC050020000600202FC4000093
:10362C00CEC3000060B7000000E01050030E002075
:10363C0000E100E073C9000008B5074806F01FFA66
:10364C0038B10648FFF720FD0448FDF7F3FE0020D3
:10365C0008BD6FF01200FBE714A400006D360000EB
:10366C000A2838B50446074D04D1AB680D2128460D
:10367C005B689847AB6803485B68E1B298472046A3
:10368C0038BD00BF14A4000010B5036961B920490E
:10369C004F23204A204805F0B8FE204805F0B5FE1F
:1036AC004F211C4805F0A8FE486850B91C4950230E
:1036BC00184A194805F0A9FE1A4805F0A6FE502133
:1036CC00EFE75868F8B1884219D19C680868A142A4
:1036DC00586000D19860002008602AB15A680A60CE
:1036EC009A68596002B99960002010E0814206D1B5
:1036FC000868206098688142EDD19C60EBE7044635
:10370C0000680028F2D1002AE8D16FF0150010BD36
:10371C0081C4000045C4000060B700008AC40000EA
:10372C0099C40000ABC4000008B503685F2B4FEAD6
:10373C00531107D80C4A03F01F0352F82120DA402A
:10374C00D2070BD409490A484FF47473094A05F09F
:10375C005CFE4FF47471074805F04EFE0360064B97
:10376C0053F8210008BD00BF1CAE0000F5C40000DA
:10377C0060B70000C2C4000010AE000070B5446811
:10378C0001F01F05207C86B045EA4015A068002892
:10379C0071D0B2F5001F04D1294601F0F7FA0020D0
:1037AC004DE06068667CB2F5800F46624FF0000613
:1037BC0001A80196466031D1B3F1007F14BF0523F7
:1037CC0004238DF804300023CDE904030393E3684C
:1037DC00CB40D90735D4B2F1A07F32D168460095E1
:1037EC00FFF7A2FF009B203350F82330DB0728D4CF
:1037FC006A462946A06801F04DF9163019D0CDF86B
:10380C0008D02946A06803AA00F0DAFF002816DBCE
:10381C0001222946A06801F037FAC0E7B3F1C06F66
:10382C0005D0B3F1007F14BF01230223C9E70323A2
:10383C00C7E76946A06801F003FA0028DFDA06B092
:10384C0070BD6A462946A06801F024F90028D8D139
:10385C009DF80010A06801F0D3F90028D1D00749D9
:10386C00074840F2F113074A05F0CFFD40F2F11181
:10387C00044805F0C1FD6FF08500E0E744C5000089
:10388C0060B7000018C500002DE9F043466840F20F
:10389C000635337CD00601F01F0747EA431748BFB3
:1038AC00032302EA050558BFC2F3401387B0B5F5F0
:1038BC00837F14468DF8033044D00DD8062D43D0A9
:1038CC0005D8A5B1022D12D06FF0150037E0B5F573
:1038DC00807FF9D101250AE040F20222954235D0D1
:1038EC00B5F5407F34D0B5F5007FEDD1042501232B
:1038FC00220303FA01F12DD573685960B06870BBCF
:10390C0003A80397FFF710FF039B00EB830084F4DD
:10391C008033C3F30043C4F34044D0F8802044EA1E
:10392C0043049DF8033022F4706244EA830422F0CD
:10393C000F0244EA05231343C0F88030002007B07F
:10394C00BDE8F0830925D2E70825D0E70625CEE7A8
:10395C000525CCE7630344BF73689960CEE739460D
:10396C000DF1020201F096F814F4403F804617D195
:10397C003946B06801F02CF9B8F1000FDED19DF892
:10398C000210B06801F03CF90028D7D01E491F483E
:10399C00FC231F4A05F039FDFC211D4805F02CFDC8
:1039AC004FF0000901ABCDE90199CDE90439CDF80F
:1039BC000C903946B06803AA00F002FF4845BDDB05
:1039CC0014F4003314D09DF8033084F48034C4F321
:1039DC0000448DF80E308DF80C508DF80D404B4690
:1039EC003946B06803AA00F0B3FF0028C4DAA5E793
:1039FC00CDE904330DF1030303933946B06803AAF0
:103A0C0000F0DEFEF1E700BF44C5000060B7000027
:103A1C0018C500004209022A034670B503D0012ADA
:103A2C001FD002B370BD154E326951680029F9D010
:103A3C00012503F01F030C689D400029F2D08A6811
:103A4C002A4014D04B6883B90D4974230D4A0E4893
:103A5C0005F0DBFC0D4805F0D8FC7421094805F095
:103A6C00CBFC0B4EE0E70B4EDEE7304698471CB123
:103A7C00236821461C46E0E72346FAE7F8A300003A
:103A8C004DC5000045C4000060B70000ABC4000089
:103A9C00DCA30000C0A3000038B54568A868C0B11D
:103AAC0001F07CF80146A0B9A86801F027F804469B
:103ABC0088B902460949A86800F0D4FF22460121C2
:103ACC00DB20FEF785FF2246012140F20D10FEF7A8
:103ADC007FFF002038BD6FF00400FBE7213A0000A7
:103AEC0008B503685F2B4FEA531107D80C4A03F053
:103AFC001F0352F82120DA40D2070BD409490A4897
:103B0C004FF47473094A05F080FC4FF47471074844
:103B1C0005F072FC0360064B53F8210008BD00BF92
:103B2C0070AE0000F5C4000060B70000C2C4000015
:103B3C0064AE00002DE9F04F1546824640F2FF19A5
:103B4C00DFF86CB185B000EB8108D04503D10020C3
:103B5C0005B0BDE8F08FDAF80010C1F3C322082AD3
:103B6C00C1F3080400F2A080524B4C4508BF4FF043
:103B7C00FF34B1F1D05F9F5C4FEA116210D2192A69
:103B8C0012D8DFE802F0142265622930621111119B
:103B9C001111111111111111111111116873767983
:103BAC00382A6CD04E2A53D06FF08500D0E7C5F878
:103BBC000446601C14D0012603A80394FFF790FF61
:103BCC00039A06FA02F2426004E0C5F80C46621C45
:103BDC0006D00026314614E0631CC5F8004661D1BE
:103BEC000AF1040AB1E7661CC5F80446F8D00126B0
:103BFC0003A80394FFF774FF0121039A01FA02F260
:103C0C008260DAF80020039402F40040002818BF08
:103C1C00002103A818BF012601920091FFF760FF55
:103C2C00039C019A00EB8400D0F88040C2F3412C35
:103C3C0000993A0242EA8C020A4304EA0B0422433A
:103C4C0042EA4602C0F88020CAE7C5F80846BEE73B
:103C5C00C5F81046ADE7C5F86045611CDAF80020E0
:103C6C00BED0C2F30042002AC1D0A4E7C5F8644517
:103C7C00F3E7C5F86845F0E7C5F86C45EDE703A830
:103C8C000394FFF72DFF039A631C00EB8200D0F81E
:103C9C00802022F0E04242F08042C0F880209FD089
:103CAC00012697E70026A3E76FF0150050E700BF49
:103CBC00F0F0FCFF7BC500002DE9F04104460D46F9
:103CCC00476805F024FF88B12021EFF311831A46D1
:103CDC0081F31288BFF36F8F60680068D0F83001F1
:103CEC00D0B983F31188BFF36F8FEEE71E4B1B78AF
:103CFC00002BE9D04FF02008642663681B68D3F8CA
:103D0C003031FBB9012005F073FD013EF5D10021E6
:103D1C00012003F0BBF9EFE77B6A00201D7063689C
:103D2C00796A1B68C3F83C170121C3F84017C3F824
:103D3C003001D3F83001196582F31188BFF36F8F0E
:103D4C00BDE8F081EFF311831A4688F31288BFF3B4
:103D5C006F8F61680968D1F830110029DCD183F3C9
:103D6C001188BFF36F8FD2E7030E00202DE9F041CD
:103D7C001D46114E1446D6E90087B2EB080065EBE0
:103D8C00070100234FF47A72FCF772FB4FF47A733D
:103D9C00A0FB031311EB080147EB0307074BC6E924
:103DAC000017C3E9004500240025054BC3E9004575
:103DBC00BDE8F04103F010BD580300204003002083
:103DCC005003002038B500220121E420FEF700FE4C
:103DDC001A4A0020D2F8183723F44033C2F81837A7
:103DEC0001F012FA002828DB0120154901F0BCFA79
:103DFC00002822DB01F0CAF94FF47A720023044642
:103E0C000D46FCF735FB4FF0FF304FF0FF31A41A95
:103E1C000C4A65EB0303C2E900430B4AC2E90043B9
:103E2C000A4B0022C3E90001094B0A49187A01F038
:103E3C00D5F967220020084B1A6038BD00200E50BF
:103E4C00F00100205803002038030020400300201C
:103E5C00E8010020793D00006806002008B501F05B
:103E6C0095F9074AD2E90032C01A064B61EB020100
:103E7C00C3E900014FF47A720023FCF7F9FA08BD8C
:103E8C005803002050030020F7B5234B8446234FE2
:103E9C00187A234BD7E90045D3E900239D4208BF8C
:103EAC00944214D11F4B9C4511D84FF47A7101FBED
:103EBC000CF1012938BF012101220C1945F1000533
:103ECC00C7E9004503B0BDE8F04001F0F7BA164B66
:103EDC00164AD3E90061D2E90032F61841EB02012F
:103EEC004FF47A7E32460B46CCFB0E239442C7E944
:103EFC00002375EB03070DD2A41B65EB0105C82C41
:103F0C0075F10005B4BF01210021009101F096FA72
:103F1C0003B0F0BD0021F8E7E801002048030020C1
:103F2C00400300209BC420005803002050030020B5
:103F3C00064BD3F840231C2A05D1D3F84403431E67
:103F4C005842584170470020704700BF00C0FF0026
:103F5C0003689A070CD50368DB070DD50922074BBC
:103F6C00C3F80C250F22C3F8042501221A60FEE7C2
:103F7C00034B0360EF3B0360704700BF00801050A1
:103F8C00F000FA5008B50123404A4148C2F8003805
:103F9C00404AD2F840231C2A04BF3F4AC2F80C34D2
:103FAC00FFF7D6FF0830FFF7D3FF0830FFF7D0FF3D
:103FBC000830FFF7CDFF00F5F470FFF7C9FF374A63
:103FCC00D2F88C3043F44063C2F88C300022D3001A
:103FDC0003F57F0303F54043D3F8001401310AD0F5
:103FEC00D3F8001439B1D3F800140132D3F80434E7
:103FFC00402A0B60EBD1254BD3F84024002A41D04A
:10400C00FFF796FF48B1234BD3F83423244B9A4245
:10401C009EBF1E4B234AC3F84026FFF789FF18B1F9
:10402C00214B224AC3F8AC27FFF782FF48B1342258
:10403C00164BC3F82426D3F83C2622F40022C3F8EE
:10404C003C261B4B1549D3F80026D20744BF6FF012
:10405C000102C3F80026174BD3F8182522F00302EF
:10406C00C3F81825D3F8182542F00302C3F8182515
:10407C00D1F88C2042F44062C1F88C200022C3F8A5
:10408C00A02508BDC822C3F84024B9E7000012508F
:10409C0000C50D5000C0FF000030055000ED00E0E1
:1040AC00001D0A1840E0A91E00A0085078000A0460
:1040BC0000E0105000B00450014B1B68184700BFC3
:1040CC006C06002010B50C4C237993B90123237195
:1040DC000A4B0028206018BF184600F0A3F950B90D
:1040EC0023680748002B08BF1846BDE8104000F0B5
:1040FC00A7B86FF0770010BD6C060020C54000001B
:10410C006798000008B50D4B1A794AB90C490D484F
:10411C00B1230D4A05F079F9B1210B4805F06CF982
:10412C001B6853B140F20510FEF744FC28B9BDE8FA
:10413C00084040F20510FEF71BBC08BD6C060020C1
:10414C00CCC5000060B700008FC5000008B5124B4D
:10415C001B795BB9114940F20513114A114805F05E
:10416C0054F940F205110E4805F046F958B10128F2
:10417C000DD00D494FF49273094A0A4805F045F9E0
:10418C004FF49271EFE7BDE8084000F06BB8BDE862
:10419C00084000F055B900BF6C060020CCC50000EB
:1041AC008FC5000060B7000073C9000008B5124B42
:1041BC001B795BB9114940F22B13114A114805F0D8
:1041CC0024F940F22B110E4805F016F928B10128FC
:1041DC0007D1BDE8084000F079B9BDE8084000F00F
:1041EC0091B809494FF4A573054A064805F00DF935
:1041FC004FF4A571E7E700BF6C060020CCC50000AA
:10420C008FC5000060B7000073C9000038B50423E7
:10421C000A4C42F21075C4F8083301236361002381
:10422C00C4F80831D4F80831D4F84C34DB0304D585
:10423C00012005F0DDFA013DF6D138BD00E010504B
:10424C00064A13793BB9012110601171044A1846D2
:10425C00C2F8403470476FF0770070477406002046
:10426C0000E0105010B5224C23794BB9214922485B
:10427C00E523224A05F0C9F8E521204805F0BCF8F1
:10428C001F4BD3F84C14D3F84C24C80318D502F0A8
:10429C000302012A03D00AB1FFF7B8FF0022184B22
:1042AC00C3F840240022C3F80821D3F808210122C6
:1042BC001A61226872B9D3F80821002AFBD011E0E8
:1042CC00D3F84824D107E9D5D3F850249207E3D486
:1042DC0022681AB10422C3F8042310BDD3F80821B4
:1042EC00002AFBD00022C3F80821D3F80831F4E7E8
:1042FC0074060020CCC5000060B70000EAC50000C1
:10430C0000E0105008B5094B1B795BB90849094806
:10431C004FF49173084A05F078F84FF49171064800
:10432C0005F06AF8BDE80840FFF770BF740600207E
:10433C00CCC5000060B70000EAC5000070B50125CF
:10434C001E4C1F4ED4F80C0300F00C0000B970BDCD
:10435C00B0FA80F00021C0F11F00830003F58073D8
:10436C009BB203F1A04303F58713196005FA00F221
:10437C0002281B68C4F8082313D1D4F84C34D4F8A1
:10438C004C349B070AD10423C4F84054C4F80433BA
:10439C002561D4F80C0300F00C00D7E7336898477C
:1043AC00F7E7084908484FF4F573084A05F02DF86B
:1043BC004FF4F571054805F01FF800BF00E01050F0
:1043CC007406002073C9000060B70000EAC5000045
:1043DC00712238B5104B0021C3F80823012242F298
:1043EC0010745A60C3F80011D3F800110B490A4D30
:1043FC00D1F840131C2908BFDA60D5F80C3413F43B
:10440C00803305D0012005F0F3F9013CF5D138BD1E
:10441C00034A5371FBE700BF00E0105000C0FF00DF
:10442C007C060020054B0246187918B91A60012247
:10443C001A7170476FF07700704700BF7C06002040
:10444C0008B51C490B794BB91B491C4892231C4AD3
:10445C0004F0DBFF92211A4804F0CEFF0022194B26
:10446C00C3F81021D3F81001C3F81821D3F81801A0
:10447C00C3F81421D3F814011348D0F840031C28B6
:10448C0004BF01209860C3F80021D3F80021012259
:10449C001A600A6852B90B4BD3F80021002AFBD0E2
:1044AC000022C3F80021D3F8003102E07122C3F8D6
:1044BC00042308BD7C060020CCC5000060B70000BA
:1044CC002DC6000000E0105000C0FF0008B5084BDE
:1044DC001B794BB907490848B223084A04F095FFE9
:1044EC00B221064804F088FFBDE80840FFF770BF12
:1044FC007C060020CCC5000060B700002DC6000073
:10450C00F8B50126214C224DD4F80C3303F071037D
:10451C0003B9F8BDB3FA83F30021C3F11F039A006A
:10452C0002F5807292B202F1A04202F5871211607C
:10453C0006FA03F7052B1268D8B2C4F808731DD01D
:10454C00202F0ED8D3B1042B0FD0124912484FF4A0
:10455C009D73124A04F059FF4FF49D710F4804F0FB
:10456C004BFF062BF1D1697108E002236B71C4F883
:10457C001411D4F814312023C4F804332B68984751
:10458C00D4F80C3303F07103C2E700BF00E0105005
:10459C007C06002073C9000060B700002DC6000027
:1045AC005F2898BF074B4FEA50129FBF53F8223039
:1045BC0000F01F0023FA00F000F0010088BF00207B
:1045CC00704700BFD8AE0000034A4309D35C00F02B
:1045DC001F001844C0B270472BC7000010B504462A
:1045EC000846FFF7F1FF00B204EB4000838ADA05BE
:1045FC001CD5C3F3432123F4F853838204F1120234
:10460C0004F1580032F8023F13F4807F03D0C3F357
:10461C00432399420AD09042F4D1002204EBC10307
:10462C005A6004F1600005F0FFF800B910BD0649AE
:10463C0006484FF4DB73064A04F0E7FE4FF4DB71D7
:10464C00034804F0D9FE00BF44C5000060B7000069
:10465C00ACC6000010B5016804460846FFF7A0FF81
:10466C0058B910494FF474730F4A104804F0CDFE3A
:10467C004FF474710C4804F0BFFE01F01F035F2966
:10468C0023604FEA511209D9094940F2D933064A3D
:10469C00064804F0BAFE40F2D931EBE7054B53F86B
:1046AC00220010BDF5C40000C2C4000060B70000B9
:1046BC0073C90000CCAE0000072808B50BD9084917
:1046CC00084840F2A733084A04F09FFE40F2A73195
:1046DC00054804F091FE800000F5807008BD00BF15
:1046EC00A2C6000060B700006DC60000F0B506461B
:1046FC00002487B0114F019117F8012B06AB03EB87
:10470C00D20313F8143C02F00702D34013F0010358
:10471C0006D10134032CEFD10023184607B0F0BDAD
:10472C00074A03AD07CA85E8070055F824100A6A42
:10473C0046F824200A62002AEBD0EEE73BC70000C3
:10474C0000AD0000F7B504460846FFF73DFF06B282
:10475C0004EB4606B38A0D46DB072BD5204605F045
:10476C0064F92946204605F081F858B1204605F039
:10477C00ABF80022276800B207EB8003C3F81025C2
:10478C00C3F81025204600242946FFF727FFB482E2
:10479C0001A80195FFF75EFF019B00EB8300D0F8A9
:1047AC008020064B134043F00203C0F880302046B3
:1047BC0003B0F0BD6FF01500FAE700BFF0F0FCFF9E
:1047CC002DE9F0430E461746044685B058B95D49AD
:1047DC005D4840F25E435D4A04F017FE40F25E41D4
:1047EC005A4804F009FE0846FFF7EEFED7F80080A1
:1047FC000546B8F1000F1AD0204605F05AF828BB30
:10480C004346CDE900008DF80E008DF80F000DF138
:10481C000F0230460DF10E0105F07FF82AB204EBC1
:10482C004202938A23F0020343F0010393827B68D4
:10483C00002B34D03146204693F80080D3F80490F6
:10484C0005F02CF828B1B9F1000F1FD06FF015004E
:10485C0028E028B204EB4000838A23F4604323F061
:10486C0020038382B9F1000F10D0B8F1030FEDD8FB
:10487C007B6821685B6893F800C001EB8C01B8F190
:10488C00000F12D1C1F81085C1F810852AB204EBC3
:10489C004202938A23F01C0343EA88039382BB6889
:1048AC0053BB002005B0BDE8F083D1F8102522F0F1
:1048BC000302C1F81025226802EB8C03D3F81025F3
:1048CC0022F4473222F47C72C3F8102541F6F072C0
:1048DC00D3F8101502EA061242EA08420A43C3F85A
:1048EC00102504EB4C03A3F86460838A43EA4C3331
:1048FC0043F020038382C9E73146D3E90078204690
:10490C00FFF76CFE002FCCD063689F4206D004F1F9
:10491C00600004F06FFF002804DAC3E7A368984531
:10492C00F5D1002004EBC003C3E901782DB204EBF0
:10493C004505AB8AC0B243EA402343F48073AB8293
:10494C00AFE700BFEAC6000060B70000ACC60000CD
:10495C002DE9FF410D4617461E46044658B93D4900
:10496C003D484FF48D633D4A04F04FFD4FF48D618B
:10497C003A4804F041FD0846FFF726FE804627B36F
:10498C00204604F08BFF18B9204604F06FFF18BBCB
:10499C002946204604F075FF10B17B78012B1BD003
:1049AC0001238DF80F3000237A1CCDE900732846C3
:1049BC00BB1C0DF10F0104F0B0FF0FFA88F304EBF0
:1049CC0043039A8A42F003029A82002E40D0294671
:1049DC00204604F063FF20B96FF0150004B0BDE869
:1049EC00F0810022377823684FEA870C03EB8703AA
:1049FC00C3F81025C3F810250FFA88F204EB420215
:104A0C00938A23F4604323F0200393827078F8B1E7
:104A1C002168134B6144D1F81045B6782340C1F896
:104A2C00103541F6F073000400F4403003EA05132E
:104A3C0003433005D1F8104500F4801003432343A1
:104A4C00C1F81035938A43EA473343F0200393822D
:104A5C000020C3E7EAC6000060B70000ACC6000047
:104A6C000FE0ECFF08B558B90749084840F271430C
:104A7C00074A04F0CAFC40F27141054804F0BCFC42
:104A8C00C0E9031208BD00BFEAC6000060B7000011
:104A9C00ACC6000070B51546044658B9134940F22F
:104AAC007A43134A134804F0B0FC40F27A411048A0
:104ABC0004F0A2FC4AB9104940F223330C4A0D48C9
:104ACC0004F0A3FC40F22331F1E704F0CFFE48B12F
:104ADC000846FFF779FD04EB40040020A38A5B0B2A
:104AEC002B7070BD6FF01500FBE700BFEAC600002D
:104AFC00ACC6000060B70000F5C600002DE9F0411F
:104B0C00044658B9204921484FF49163204A04F0D7
:104B1C007CFC4FF491611E4804F06EFC90F87450CC
:104B2C0090F8757065BBA84646222946143005F0EE
:104B3C0099FA184B266853F83770AF4213D10025F9
:104B4C0040F20D10C6F84451D6F84431124B9E4237
:104B5C0008BFDB20FDF70CFF0123284684F87430D6
:104B6C002366BDE8F081E8B2FFF7A6FDA0F58073DF
:104B7C009B08112B04BF46F8008033580135DCE745
:104B8C006FF07700EDE700BFEAC6000060B70000E9
:104B9C00ACC60000E4AE000000A00D5008B558B93A
:104BAC000849094840F28F43084A04F02EFC40F2B1
:104BBC008F41064804F020FC90F87400003818BFB0
:104BCC00012008BDEAC6000060B70000ACC60000BA
:104BDC0008B558B90749084840F29D43074A04F004
:104BEC0014FC40F29D41054804F006FCBDE8084069
:104BFC00FFF7A8BDEAC6000060B70000ACC6000015
:104C0C0008B558B90A490B4840F2A4430A4A04F0C3
:104C1C00FCFB40F2A441084804F0EEFB074B90F873
:104C2C00750003EB8000BDE8084004F0FDBD00BF3B
:104C3C00EAC6000060B70000ACC60000F801002016
:104C4C0010B50C4658B90C490C4840F2AB430C4A11
:104C5C0004F0DBFB40F2AB41094804F0CDFB094BFF
:104C6C0090F8750003EB800004F0C4FD0028A4BF8D
:104C7C002070002010BD00BFEAC6000060B7000025
:104C8C00ACC60000F80100202DE9F3410D46164694
:104C9C00044658B938494FF4A563384A384804F0EB
:104CAC00B4FB4FF4A561354804F0A6FB04F0E9FD14
:104CBC0048B9344940F23543304A314804F0A5FB39
:104CCC0040F23541EFE7204604F0D0FD276800B3F1
:104CDC00204604F0E3FD8046D8B9204604F0F4FDEC
:104CEC000546FFF7E9FC47F800803B5823682AB2D9
:104CFC0003EB8203D3F8102542F00102C3F8102510
:104D0C0026B101232268AB40C2F8143302B0BDE8CF
:104D1C00F081D7F814339B035CBF4FF40033C7F812
:104D2C0014334EB9184940F24F43144A144804F056
:104D3C006CFB40F24F41B6E72846FFF745FC04EB0D
:104D4C004004A38AC3F38203042B11D0052B11D08A
:104D5C0001A80195FFF77EFC019BC168D94001F0C9
:104D6C0001010231284602B0BDE8F04104F022BE38
:104D7C000321F7E70221F5E7EAC60000ACC6000004
:104D8C0060B70000FFC6000020C7000008B558B986
:104D9C000749084840F22F53074A04F036FB40F20B
:104DAC002F51054804F028FBBDE8084004F03DBE37
:104DBC00EAC6000060B70000ACC600002DE9F04F59
:104DCC0007468BB058B97649764840F25C63764A10
:104DDC0004F01BFB40F25C61734804F00DFB814650
:104DEC0059F8043B90F87540D3F8141300936F4BAB
:104DFC00C9B241F4003153F83420009804F0E9FDB5
:104E0C00810305463AD50023CDE907330993674B57
:104E1C0007A803EBC4035B6819460193FFF766FC14
:104E2C00042303EBC40303934FF0000B604B0DF111
:104E3C001C0A0293029A5D4912F8013B0292039AF2
:104E4C0002EBD3028A5C03F0070322FA03F3DA07BE
:104E5C001AD40BF1010BBBF1030F0AF1040AE9D1CF
:104E6C004FF400310022009804F0B3FD019907A81B
:104E7C00FFF73CFC0028D7D125F400350124002D88
:104E8C0077D10BB0BDE8F08F4A4B5B440493DAF852
:104E9C0000100029DDD091FAA1F1B1FA81F1049B47
:104EAC001C7841EA44142046FFF78EFB07EB4000C8
:104EBC00B0F81480C8084FEA9803059301231AF838
:104ECC00002001F0070103FA01F122EA01020AF8BD
:104EDC00002006A80694FFF7BDFB069A059B20321E
:104EEC0050F82220C8F382065B07B046C2F3014299
:104EFC0023D521464846D6B2424604F0EFFC06A81C
:104F0C000694FFF7A7FB069B203350F82330C3F31E
:104F1C0001439E4207D10021204604F04BFD31464F
:104F2C00204604F047FD06A80694FFF793FB0122E8
:104F3C00069B02FA03F30362A9E7022A0DD10321AF
:104F4C00204604F037FD06F00503012BEBD1424659
:104F5C002146484604F0C2FCE5E7022120460592B2
:104F6C0004F028FD032EF2D0059A032ADBD1022E81
:104F7C00ECE795FAA5F3B3FA83F3009904FA03F27C
:104F8C0025EA020503F5A27251F8222007EB430330
:104F9C004846B3F86410C2F3014204F09FFC6EE77C
:104FAC00EAC6000060B70000ACC60000E4AE00002A
:104FBC003BC700003BC700000123034A03FA00F083
:104FCC0093680343936070476000002073B50446F8
:104FDC000191EFF31186202383F31288BFF36F8FB7
:104FEC000B4D019B6A6801A81340019304F002FC6D
:104FFC00002807DB01226B68824023EA02036B6006
:10500C002070002086F31188BFF36F8F02B070BD43
:10501C006000002008B5154B027AD3F8101521F06A
:10502C0001010A43C3F810250268B2F5803F0BD387
:10503C000F4940F2B9730F4A0F4804F0E6F940F2F9
:10504C00B9710C4804F0D8F9C3F8A4264268FF2AB9
:10505C0009D90A4940F2C473064A074804F0D5F945
:10506C0040F2C471EDE7C3F8AC2608BD00200E5029
:10507C0071C700003EC7000060B7000099C7000070
:10508C000B2808B501D800290BDA0B490B4840F264
:10509C0016530B4A04F0B9F940F21651084804F0C3
:1050AC00ABF9000100F1A04041EAC27100F56220A9
:1050BC00C0F8281508BD00BF1BC8000060B7000071
:1050CC003EC700000B2808B50BD90B490B4840F222
:1050DC000B530B4A04F099F940F20B51084804F0B9
:1050EC008BF9000100F1A04000F56220D0F82415E6
:1050FC00D0F8200508BD00BFBFC7000060B7000096
:10510C003EC700000B2808B50BD911494FF4A0631A
:10511C00104A114804F079F94FF4A0610D4804F0DD
:10512C006BF9B3F5801F09D30C4940F20253094ABD
:10513C00094804F06AF940F20251EFE7000100F16E
:10514C00A04000F56220C0F82025C0F8243508BD29
:10515C00BFC700003EC7000060B7000057C8000082
:10516C00012303FA00F010F0670F0AD0064B5B68BE
:10517C00DB4303F0670303420CBF6FF01500002004
:10518C0070474FF0FF3070476000002038B50E4B71
:10519C001B78012B0BD14FF0FF326FF040430B4CBF
:1051AC00D4E90001824273EB0105F9D338BD0849FB
:1051BC00084840F21913084A04F027F940F2191173
:1051CC00054804F019F900BF6000002040270E507C
:1051DC0074C8000060B70000D3C7000030B50C25C0
:1051EC00074B1C1894F8544005FB0433C3E9031215
:1051FC0018750123034A8340C2F8243330BD00BF25
:10520C006000002000200E50F0B5504D85B02C7879
:10521C00002C40F095804E4A01AB07CA83E807008A
:10522C004C491846D1F8102522F00202C1F810257D
:10523C00FFF7F0FE0723672202F001012144013B36
:10524C00CCB24FEA5202F7D1052C7CD119464FF063
:10525C00010C3E4E00246720CFB204E00CFA02F29F
:10526C0020EA0200013490FAA0F25FFA84FEBE45F7
:10527C00B2FA82F2F2D30131327505292A4482F84E
:10528C00547006F10C06E5D10121002432489A082D
:10529C0001FA02F212F0670F18BF1C500433302BC6
:1052AC00F5D1E420FDF764FB2A4B0024D3F810253C
:1052BC00012622F00202C3F8102540F6FF72C3F853
:1052CC002823C3F88041C3F88040C3F88441C3F855
:1052DC008440C3F88841C3F88840C3F88C41C3F8B4
:1052EC008C40C3F89041C3F89040C3F89441C3F884
:1052FC009440C3F89841C3F89840C3F89C41C3F854
:10530C009C40C3F8A041C3F8A040C3F8A441C3F823
:10531C00A440C3F8A841C3F8A840C3F8AC41C3F8F3
:10532C00AC401E660D4B0E4A1B685D20B3FBF2F3BE
:10533C0058430C4B3343984720462E7005B0F0BDB4
:10534C006FF07700FAE76FF08B00F7E76000002052
:10535C000CAD000000200E5000210E50F401002076
:10536C0040420F0030AD000038B52D4B0C461B7879
:10537C00012B0BD02B492C4840F206232B4A04F06E
:10538C0044F840F20621294804F036F8284BD3F8AB
:10539C00102595073DD4D3F8102542F00202C3F82E
:1053AC001025C0B1D3F8482712F0010202BFD3F880
:1053BC00481741F00101C3F848171D4BD3F84017AB
:1053CC00D3F844174900F9D42AB9D3F8482722F066
:1053DC000102C3F84827174B174A1B681449B3FB43
:1053EC00F2F303EB4313BBB1D1F84027D1F8445788
:1053FC0015F080450BD14FF0FF312046FFF7E6FD4D
:10540C00002803DB2078FFF7D7FD284638BD013B89
:10541C00E9E76FF07700F9E76FF07300F6E700BF8C
:10542C006000002074C8000060B70000D3C7000003
:10543C0000200E50F401002040420F002DE9F041F5
:10544C0004461D46FFF78CFE904607469DF81860F3
:10545C0058B11549154840F2BB23154A03F0D5FF46
:10546C0040F2BB21124803F0C7FF12490B1993F805
:10547C0054300C3301EBC30041F8332045602B460C
:10548C0020466EB10C4EA400FFF73CFE33592BB1F5
:10549C00FFF77CFE4045A94100D23751BDE8F081B1
:1054AC00BDE8F041FFF72EBE9DC8000060B70000BC
:1054BC00D3C700006000002000210E50F8B505464F
:1054CC00FFF74EFE58B11149114840F21933114AF9
:1054DC0003F09BFF40F219310E4803F08DFF0E488C
:1054EC00431993F854300C3350F8334000EBC30C91
:1054FC00DCF80460641846F1000640F83340CCF840
:10550C0004602846BDE8F840FFF7BABD9DC800000E
:10551C0060B70000D3C70000600000202DE9F743FE
:10552C002C4B2D4FD3F82C6307F1880916B903B017
:10553C00BDE8F08396FAA6F80123B8FA88F803FAC6
:10554C0008F3D94326EA030607EB080393F85450F3
:10555C000C2303FB0573187D40450BD01F492048D5
:10556C0040F2B7331F4A03F050FF40F2B7311D48E9
:10557C0003F042FF1C4CDB684FEA880214441BB357
:10558C00D9E8EF3F03EA0102C9E8EC2FBCF1000FA8
:10559C00F6D123FA08F3DB0711D5FFF793FD02468A
:1055AC000B4621680029C1D0002121600C2101FB90
:1055BC000575296940460091E9688847B6E707EB0D
:1055CC00C503D3E91823ECE72268002AAED0236088
:1055DC00ACE700BF00200E5060000020BCC80000EB
:1055EC0060B70000D3C7000000210E50064C08B570
:1055FC000649074840F2D623224603F006FF40F244
:10560C00D621204603F0F8FEE0C8000014C90000C3
:10561C0060B70000202908B501D9FFF7E7FF054B5B
:10562C0040EA0120C3F80005D3F80024D207FBD5CB
:10563C0008BD00BF00B0045038B5436905463BB9FE
:10564C000024EA686042537843F00103537038BD7C
:10565C00984704460028F3D000F1FF03FE2B0ED927
:10566C002123094A09490A4803F0CFFE2968094851
:10567C00224603F0CAFE2121034803F0BDFEEB686D
:10568C0044421C70DDE700BF3AC900005DC9000050
:10569C0060B7000075C90000F8B504460D46EFF37D
:1056AC001187202383F31288BFF36F8F164B9E68EC
:1056BC0004F0F8F9042C0CD114498723144A15482A
:1056CC0003F0A3FE144803F0A0FE8721104803F05A
:1056DC0093FE85B1EB69C3F3080363B1022C0AD0C6
:1056EC000E498E230A4A0B4803F08FFE0C4803F038
:1056FC008CFE8E21EAE787F31188BFF36F8F30465B
:10570C00BDE8F840FDF7DEB884060020BCC90000F7
:10571C009AC9000060B70000D9C9000073C9000025
:10572C000ECA000038B50A4B53F82040013053F82C
:10573C002050A54200D838BD606830B1037EDB072D
:10574C0001D4FFF779FF0834F3E723689847FAE7A9
:10575C00F4AE0000012270B5374B032086B01A70EE
:10576C00FFF7E0FF04F03CFA0420FFF7DBFF334CBB
:10577C00334DAC42264628D932494423324A334869
:10578C0003F043FE324803F040FE44212E4803F060
:10579C0033FE54F80C3C059354F8103C049354F825
:1057AC00143C039354F8183C029354F81C3C01939A
:1057BC0054F8203C009354E90A2354E90C0100F0FE
:1057CC00E5FD54F8303C5E65D3E7AE4204F130049D
:1057DC00DFD301F00FFA194C1E4EAC421FD91949F8
:1057EC006823194A194803F010FE194803F00DFEFE
:1057FC006821CBE7D4E90A23B3F1FF3F08BFB2F12C
:10580C00FF3F05D052EA0301206803D101F070FC80
:10581C003034E2E73146183001F0A4FEF8E7E9D362
:10582C0001F05AFA03F037FD0B4A137B23F0010306
:10583C00137306B070BD00BF030E0020A8AC0000AF
:10584C00A8AC000060CA00003FCA000060B70000AE
:10585C008DCA0000879B0000F0030020902370B5D8
:10586C00134E012203FB0066002386B0CDE904230E
:10587C000F220193CDE9023214230E4D0E4903FB86
:10588C000055044601EB40214FF4007230460B4B9F
:10589C00009500F07BFD737B2C7423F00403737371
:1058AC00074B013403EBC423EE606B6006B070BD94
:1058BC006003002084060020082E0020DD59000023
:1058CC00082600207FB50020FFF72CFF324B03F594
:1058DC00006282F3088883F30A88E0232F4C84F853
:1058EC0022300023E37723766376A37684F8203086
:1058FC00626A42F4E022626284F82330FCF75AFFB9
:10590C00FDF7F0F84FF0FF33A362E362FDF7ACFA5A
:10591C00FDF710F9224800F0E7FD224B224A934292
:10592C000ED92249CC23224A224803F06EFD22488C
:10593C0003F06BFDCC211E4803F05EFD1C33EEE73B
:10594C00FCD30120FFF7EEFE02201C4CFFF7EAFE11
:10595C0001F04EFA1A4B00255C611A4B4FF40062B1
:10596C00059301231849CDE903532046174BCDE984
:10597C000155009500F00AFD0646637B204623F096
:10598C000403637300F0E0FE2846FFF767FF31461F
:10599C0020460E4AFDF78CF80826002000ED00E0AA
:1059AC0080040020A4A3000030A40000ACCA0000B6
:1059BC003FCA000060B700008DCA0000F003002051
:1059CC0084060020C4CA0000083000206157000083
:1059DC0008B50D4B9B6893F90E30002B09DB202486
:1059EC00EFF3118384F31288BFF36F8F03F0A2FDE2
:1059FC00F6E7064906481C23064A03F006FD1C215F
:105A0C00044803F0F9FC00BF84060020EACA000039
:105A1C0060B70000C9CA000008B583684BB90B49D0
:105A2C000B488F230B4A03F0F0FC8F21094803F03D
:105A3C00E3FCD0E9003213605A600023427BC0E9DA
:105A4C00003322F002024273836008BD3DCB00009C
:105A5C0060B7000012CB00002DE9F74F04460F464B
:105A6C0091461E469DF830A0EFF3058373B152EAC0
:105A7C0006030BD05D4981235D4A5E4803F0C5FCEB
:105A8C005D4803F0C2FC8121594819E004F1080576
:105A9C00EFF311884FF0200B8BF31288BFF36F8F4D
:105AAC00284601F005FD68B98823544A54495148E9
:105ABC0003F0ABFC2946534803F0A7FC88214F4860
:105ACC0003F09AFC284601F017FD626A23699A429A
:105ADC0074D2EFF311838BF31288BFF36F8F83F3C0
:105AEC001188BFF36F8F5BB94749A623474A4148DA
:105AFC0003F08BFC404803F088FCA6214348DFE709
:105B0C002668B4421AD0CEB13046FFF785FF06F1B5
:105B1C00180001F003FEE26800243946306904F0F5
:105B2C0094FA3046C6F8884000F00EFE41462846EE
:105B3C0001F006F8204603B0BDE8F08F206A6169D9
:105B4C00884202D3A369984207D331499C23284A3F
:105B5C00284803F05AFC9C2196E7E268BAF1000F42
:105B6C0021D0394604F071FA236AE2681344A26921
:105B7C002362934201D163692362636A01336362D6
:105B8C000024284601F0A2FC50BB4FF49A731B4A28
:105B9C002049184803F039FC29461F4803F035FC0E
:105BAC004FF49A718BE7E069814208BFE361E069C9
:105BBC003946801AE06104F048FADEE759EA060338
:105BCC000BD0164B22469B6841461F612846CDE9F7
:105BDC00009600F05BFE0446ACE76FF02204D0E7C1
:105BEC0088F31188BFF36F8FA4E700BF76CB00005A
:105BFC0054CB000060B70000BBCB0000EBB9000039
:105C0C0044BA000059BA0000BECB000012CB000011
:105C1C00D6CB000018BA00002FBA00008406002072
:105C2C002DE9F7430446884617461D46EFF30583D6
:105C3C0083B152EA05030DD05F494FF48A735F4A72
:105C4C005F4803F0E2FB5F4803F0DFFB4FF48A711F
:105C5C005A4818E004F10806EFF31189202383F366
:105C6C001288BFF36F8F304601F022FC68B988238D
:105C7C00554A5649524803F0C8FB3146544803F084
:105C8C00C4FB8821504803F0B7FB304601F034FCCC
:105C9C00636A002B64D0E2684046E16904F0D5F9F0
:105CAC00E369E2681344A269E361934204BF636948
:105CBC00E361636A013B6362EFF31183202282F399
:105CCC001288BFF36F8F83F31188BFF36F8F5BB9AB
:105CDC004049A623404A3A4803F097FB394803F061
:105CEC0094FBA6213C48CEE72568AC4248D0002D59
:105CFC0047D02846FFF790FE05F1180001F00EFD85
:105D0C00206A6369984202D3A369984209D3334944
:105D1C004FF49773294A2A4803F077FB4FF4977195
:105D2C0096E72969E26804F090F9236AE26828464C
:105D3C001344A2692362934204BF63692362636ABA
:105D4C00013363620024C5F8884000F0FDFC49462D
:105D5C00304600F0F5FE2546284603B0BDE8F0833A
:105D6C0057EA05031FD01E4B22469B684946C3F8D1
:105D7C0010803046CDE9007500F088FD0546EBE754
:105D8C000025304601F0A2FB80B94FF49A730E4AFD
:105D9C0014490B4803F039FB3146134803F035FB2B
:105DAC004FF49A716EE76FF02205EAE789F31188D8
:105DBC00BFF36F8FD0E700BF76CB000054CB000051
:105DCC0060B70000BBCB0000EBB9000044BA000088
:105DDC0059BA0000BECB000012CB0000D6CB00009D
:105DEC008406002018BA00002FBA00002DE9F341F8
:105DFC00044617461E46EFF3058565B158496F23D7
:105E0C00584A594803F001FB584803F0FEFA6F2139
:105E1C00544803F0F1FAEFF31188202383F312882E
:105E2C00BFF36F8F524801F043FB60B98823514A8E
:105E3C0051494D4803F0E9FA4D49504803F0E5FA51
:105E4C0088214C48E5E74A4801F056FBE3684C4A88
:105E5C009BB1A0689168884229D057EA06032ED1DD
:105E6C00434801F033FBA0B188F31188BFF36F8F67
:105E7C006FF00F0002B0BDE8F081916891F90E103F
:105E8C000133E36093683A482161A36001F01EFB83
:105E9C0078B94FF49A73374A3A49334803F0B5FA54
:105EAC003349394803F0B1FA4FF49A71C9E72169C3
:105EBC00E6E788F31188BFF36F8F0020DAE791F9DA
:105ECC000E1090F90E306FF07E029942A8BF194661
:105EDC009142B8BF11468B4202DD03F0FDFD054631
:105EEC0022464146CDE90076214800F0CFFC00283F
:105EFC00E3D0EFF31186202383F31288BFF36F8F67
:105F0C001B4801F0D5FA002890D0194801F0F4FA9A
:105F1C00A068C0B1236821699C420AD04BB193F9A7
:105F2C000E309942A8BF19466FF07E039942B8BF54
:105F3C00194603F0D1FD30B131460D4800F000FE9A
:105F4C006FF00A0096E7002DF6D1094801F0BEFA71
:105F5C0000289ED086F31188BFF36F8FF0E700BF47
:105F6C0044CC000022CC000060B7000056CC0000EE
:105F7C00A4060020EBB9000044BA000059BA000096
:105F8C008406002018BA00002FBA0000F8B50546A8
:105F9C00EFF3058363B15549D723554A554803F0B0
:105FAC0034FA554803F031FAD721514803F024FA5A
:105FBC008368002B00F09380504A9268934240F023
:105FCC009180C3683BB94E49EF23494A494803F0D5
:105FDC001CFAEF21E9E7012B03D0013BC360002041
:105FEC00F8BDEFF31187202484F31288BFF36F8F71
:105FFC00444801F05DFA60B98823434A43493D485F
:10600C0003F003FA3F49424803F0FFF988213E4868
:10601C00CCE73C4801F070FA2969A86803F05CFDF4
:10602C00EFF3118384F31288BFF36F8F83F311881E
:10603C00BFF36F8F5BB93749A623374A2D4803F05E
:10604C00E4F9364803F0E1F9A6213348AEE72C68B1
:10605C00A54215D100232B48C5E9023301F036FACD
:10606C00002837D14FF49A73274A2D49214803F061
:10607C00CCF924492B4803F0C8F94FF49A71C6E7C0
:10608C00002CE7D0A3683BB927498F23224A194833
:10609C0003F0BBF98F21D8E70026D4E90032136056
:1060AC005A60637BC4E9006623F002036373A66045
:1060BC0004F1180001F032FBAC6094F90E3020466C
:1060CC002B61C4F8886000F03FFB39460D4800F0A6
:1060DC0037FD84E787F31188BFF36F8F7FE76FF08D
:1060EC0015007DE74FF0FF307AE700BF44CC00008D
:1060FC0022CC000060B7000056CC000084060020C3
:10610C007BCC0000A4060020EBB9000044BA0000D0
:10611C0059BA0000BECB000012CB0000BBCB000074
:10612C0018BA00002FBA00003DCB000008B58368F8
:10613C004BB90B490B488F230B4A03F066F98F219F
:10614C00094803F059F9D0E9003213605A60002372
:10615C00427BC0E9003322F002024273836008BD27
:10616C003DCB000060B7000012CB000070B50446B8
:10617C00EFF31186202585F31288BFF36F8F30481B
:10618C0001F096F960B988232E4A2F492F4803F065
:10619C003CF92B492E4803F038F98821294818E09E
:1061AC00274801F0A9F9EFF3118385F31288BFF3A7
:1061BC006F8F83F31188BFF36F8F63B92549A623C3
:1061CC00254A224803F021F9244803F01EF9A621A0
:1061DC00214803F011F92568AC4213D095B128463B
:1061EC00FFF7A4FF05F1180001F098FA00232846E8
:1061FC00C5F8883000F0A8FA3146BDE87040104868
:10620C0000F09EBCD4E902329A4218BF01330C480C
:10621C00A36001F05BF968B94FF49A73094A10490D
:10622C000A4803F0F2F806490E4803F0EEF84FF472
:10623C009A71B3E786F31188BFF36F8F70BD00BFFF
:10624C00A8060020EBB9000044BA000060B70000BB
:10625C0059BA0000BECB000012CB0000BBCB000033
:10626C0018BA00002FBA0000F7B5044616461D46B2
:10627C00EFF305837BB152EA05030CD02D4988233B
:10628C002D4A2E4803F0C1F82D4803F0BEF88821A2
:10629C00294803F0B1F8EFF31187202383F3128818
:1062AC00BFF36F8F274801F003F960B98823264AA2
:1062BC002649224803F0A9F82249254803F0A5F8FD
:1062CC0088212148E5E71F4801F016F9A368D3B1EE
:1062DC00013B1C48A36001F0F9F868B94FF49A73BC
:1062EC00194A1C49154803F090F816491A4803F04E
:1062FC008CF84FF49A71E4E787F31188BFF36F8F32
:10630C00002003B0F0BD56EA05030BD10D4801F097
:10631C00DDF80028E2D087F31188BFF36F8F6FF0A0
:10632C000F00EEE722463946CDE90065054800F03E
:10633C00ADFAE6E7B2CC000092CC000060B70000EA
:10634C00BBCB0000A8060020EBB9000044BA00004B
:10635C0059BA000018BA00002FBA00000A4B9A680C
:10636C00537B13F001030ED1526F1168B1F1F03F62
:10637C0009D04FF0F031116083F31188BFF36F8FA8
:10638C000223184602DF7047840600202DE9F043F3
:10639C0085B00F9D04460F2D0F4698463AD1294BD8
:1063AC0098453BD104F15803C4E91633109B0026E1
:1063BC00237304230732A57322F007052A46AA216A
:1063CC0063733846C4E90666A660E67303F04AFEBA
:1063DC004FF0F0333B600E9BC4E91D75E6670293EA
:1063EC000D9B07EB050901930C9B4A46009339461C
:1063FC0043462046FCF740FB134B66659B6884F8CC
:10640C006C600BB1D3F880304846C4F8803005B0CE
:10641C00BDE8F08305F110031E2BC3D940F24B23CA
:10642C000A4A0B490B4802F0F0FF29460A486FF064
:10643C000F030E2202F0E9FF40F24B21034802F059
:10644C00DBFF00BFDD59000084060020FFCC0000FC
:10645C0022CD000060B70000A2CD0000F0B587B0DF
:10646C000446DDE91276EFF3058575B1194940F262
:10647C001A33194A194802F0C8FF194802F0C5FF2F
:10648C0040F21A31144802F0B7FF0595109D04959F
:10649C000F9D03950E9D02950D9D01950C9D0095EC
:1064AC00FFF774FFB6F1FF3F08BFB7F1FF3F05D010
:1064BC0056EA070305D1204600F01AFE204607B025
:1064CC00F0BD3A46334604F11800064901F04AF88B
:1064DC00F4E700BF44CC0000FFCC000060B7000024
:1064EC00D3CD0000879B000040F201138381002371
:1064FC00C0E91D33C0F88030014B9860704700BF75
:10650C008406002070B590F90D20437B002A55DBE2
:10651C00DD0653D12B4A43F080039042437309D1DB
:10652C0029495223294A2A4802F06FFF5221274851
:10653C0002F062FFDC0707D526495323234A24487F
:10654C0002F063FF5321F2E7234A114651F8183F3A
:10655C00D4698B4207D1C0E900142060D06111E0EE
:10656C009C42F8D01B68002BF5D090F90E5093F993
:10657C000E60B542F4D0AE42F2DD5C68C0E9003486
:10658C002060586093698B4200D003B9D36891683E
:10659C0059B91249EA23124A0D4802F036FF114844
:1065AC0002F033FFEA210E48C2E7487BC00604D153
:1065BC00C8897F2801D9986908B1536170BD5161B0
:1065CC00FCE700BF600300201ACE0000F8CD0000ED
:1065DC0060B700003BCE00008406002080CE000097
:1065EC0054CE0000BBCB000010B590F90D20014635
:1065FC00002A437B1BDA204A03F07F03904243734B
:10660C0009D11E495A231E4A1E4802F0FEFE5A2189
:10661C001B4802F0F1FEDC0707D51B495B23184A27
:10662C00184802F0F2FE5B21F2E703F076FA174805
:10663C00044654F8183F8268A34200D003B9C368DB
:10664C008A4216D05AB91249EA23124A0D4802F06E
:10665C00DCFE114802F0D9FEEA210E48D9E7517B45
:10666C00C90606D1D1897F2903D99969002908BFA8
:10667C001346436110BD00BF600300201ACE00001A
:10668C00F8CD000060B700003BCE0000840600206F
:10669C0080CE000054CE0000BBCB000008B5836850
:1066AC004BB9094909488F23094A02F0AEFE8F21E4
:1066BC00074802F0A1FE03F030FA437B23F00203FB
:1066CC0043730023836008BD3DCB000060B700001E
:1066DC0012CB000010B50446FFF740FE144B8CB1F2
:1066EC009A68527B12F0090F0CD11249D223124A2C
:1066FC00124802F08AFE124802F087FED2210E48A0
:10670C0002F07AFE6FF00A019A68C2F888100D49FF
:10671C00C2F884404A6842F080524A60002282F3F8
:10672C001188BFF36F8F9B68D3F8880010BD00BF32
:10673C0084060020D1CE0000A7CE000060B7000078
:10674C003ACF000000ED00E038B50446EFF31185B8
:10675C00202383F31288BFF36F8F174800F0A8FE35
:10676C0068B98823154A1649164802F04EFE12499C
:10677C00154802F04AFE8821104802F03DFE0E48F2
:10678C0000F0BAFE2046FFF7BDFE0B4800F09EFE5F
:10679C0068B94FF49A73094A0C490A4802F035FE5D
:1067AC0005490B4802F031FE4FF49A71E4E785F38A
:1067BC001188BFF36F8F38BDAC060020EBB9000019
:1067CC0044BA000060B7000059BA000018BA0000C3
:1067DC002FBA000070B504460D46EFF31186202346
:1067EC0083F31288BFF36F8F214800F061FE68B904
:1067FC008823204A2049214802F007FE1C492048E2
:10680C0002F003FE88211B4802F0F6FD184800F048
:10681C0073FE002394F86C10627B84F86C3091B199
:10682C008DB1134800F052FEE8B94FF49A73114A37
:10683C001449124802F0E9FD0D49134802F0E5FD38
:10684C004FF49A71DFE712F0280FEAD1A36813B165
:10685C002046FFF723FF637B204623F0040363737A
:10686C00FFF750FEDDE786F31188BFF36F8F70BD25
:10687C00AC060020EBB9000044BA000060B7000081
:10688C0059BA000018BA00002FBA00002DE9F843DD
:10689C00324D0446DDE90898A8420E4617460BD146
:1068AC002F49304840F29E232F4A02F0AEFD40F2B1
:1068BC009E212D4802F0A0FDEFF31183202383F3DA
:1068CC001288BFF36F8F284600F0F2FD60B9882361
:1068DC00264A2749234802F098FD2946254802F00C
:1068EC0094FD88212148E5E7284600F005FE224B5F
:1068FC0039469D68284603F018F9B8F1FF3F08BFE8
:10690C00B9F1FF3F06D04A4643461C4905F1180031
:10691C0000F028FE204600F0D9FD68B918494FF464
:10692C00B773124A0F4802F070FD2146154802F069
:10693C006CFD4FF4B771D5E7084800F0C7FD40B9BE
:10694C000F494FF4B773094A064802F05EFD03493C
:10695C00ECE73046BDE8F843FFF7BCBEAC060020C0
:10696C0062CF000060B70000F8CD0000EBB900006A
:10697C0044BA000059BA000084060020879B00002E
:10698C0018BA00002FBA0000F8B504460D46EFF314
:10699C001187202383F31288BFF36F8F5A4800F0BE
:1069AC0087FD60B98823594A59495A4802F02DFD90
:1069BC005549594802F029FD8821544818E052489D
:1069CC0000F09AFD637B03F01F02002A0CBF012626
:1069DC00002663D1514A03F07F039442637309D1BB
:1069EC004F495A234F4A4B4802F00FFD5A214D484C
:1069FC0002F002FDD90707D54B495B23494A4548AC
:106A0C0002F003FD5B21F2E7204603F086F8637B7E
:106A1C006DB243F08003DA07A573637307D542495F
:106A2C005323404A3B4802F0F0FC5321DFE73F4A36
:106A3C00114651F8183F8B422ED1D069C4E9001091
:106A4C000460D4610FE09842F8D01B68002BF5D09D
:106A5C0093F90EC06545F6D0AC45F4DD5868C4E931
:106A6C00003004605C6093698B4200D003B9D3683A
:106A7C005361254800F02AFD00283ED14FF49A734B
:106A8C00224A2B49234802F0C0FC1F49294802F036
:106A9C00BCFC4FF49A7190E7D069D7E79B072AD5D5
:106AAC00A16841B924491B488F23244A02F0ADFC4C
:106ABC008F2122489CE720466DB203F02EF8A57377
:106ACC000B68994209D14B68C4E900131C604C60F7
:106ADC00CFE74A689342F6D01B68002BF3D093F9AA
:106AEC000E209542F5D0AA42F3DD5A68C4E9003273
:106AFC0014605C60BDE7A573BBE787F31188BFF337
:106B0C006F8F3046F8BD00BFAC060020EBB900001B
:106B1C0044BA000060B7000059BA000060030020BE
:106B2C001ACE0000F8CD00003BCE000084060020F9
:106B3C0018BA00002FBA00003DCB000012CB0000A9
:106B4C0070B504460D46F9B9EFF30586E6B91A4B54
:106B5C005A699B689A4217D000F0B8FC78B94FF488
:106B6C00B773164A1649174802F04FFC21461648CF
:106B7C0002F04BFC4FF4B771104802F03DFC30466C
:106B8C00BDE87040FFF7A6BD204600F09FFC68B939
:106B9C004FF49A73094A0A490A4802F036FC214616
:106BAC00094802F032FC4FF49A71E5E785F311883D
:106BBC00BFF36F8F70BD00BF84060020EBB90000DF
:106BCC0018BA000060B700002FBA0000034648B99D
:106BDC00EFF3058232B9064A51699268914201D0AD
:106BEC00FFF778BD83F31188BFF36F8F704700BF39
:106BFC008406002010B5EFF31184202383F3128850
:106C0C00BFF36F8F284800F053FC60B98823274AE4
:106C1C002749284802F0F9FB2349274802F0F5FBE5
:106C2C008821224812E0204800F066FCEFF305832F
:106C3C0073B1224940F23B33214A1E4802F0E5FB76
:106C4C00204802F0E2FB40F23B311D4802F0D4FB3D
:106C5C001D4B9A68D37B012B0CD11C494FF44F73FD
:106C6C00174A144802F0D1FB164802F0CEFB4FF441
:106C7C004F71EAE7013BD3730B4800F027FC68B96E
:106C8C004FF49A73094A12490A4802F0BEFB0649AE
:106C9C00104802F0BAFB4FF49A71C2E784F31188E2
:106CAC00BFF36F8F10BD00BFAC060020EBB9000026
:106CBC0044BA000060B7000059BA000044CC000090
:106CCC00F8CD0000BBCB0000840600209BCF000059
:106CDC0018BA00002FBA000010B5EFF3118420236E
:106CEC0083F31288BFF36F8F354800F0E1FB60B976
:106CFC008823344A3449354802F087FB30493448FC
:106D0C0002F083FB88212F4813E02D4800F0F4FBA0
:106D1C0030498A68D37B73B92F4940F247332F4AE5
:106D2C002A4802F072FB2E4802F06FFB40F247310A
:106D3C002A4802F061FBEFF3058060B129494FF45A
:106D4C005273264A214802F060FB254802F05DFB95
:106D5C004FF45271ECE708460133D37350F8183FE7
:106D6C00834200D003B9CB68507BC00606D1D089D2
:106D7C007F2803D99869002808BF134610484B6137
:106D8C0000F0A4FB68B94FF49A730E4A16490F48E9
:106D9C0002F03BFB0A49154802F037FB4FF49A719D
:106DAC00B1E784F31188BFF36F8FEFF311802023C9
:106DBC0083F31288BFF36F8FBDE81040FFF706BF57
:106DCC00AC060020EBB9000044BA000060B700002C
:106DDC0059BA000084060020CCCF0000F8CD00008A
:106DEC00BBCB000044CC000018BA00002FBA000046
:106DFC00024B03F11802C3E90622704784060020F7
:106E0C0001F110031E2B10B50C4612D940F20143B0
:106E1C00114A1249124802F0F8FA214611486FF053
:106E2C000F030E2202F0F1FA40F201410A4802F07F
:106E3C00E3FAFFF7A9FD70B10B4B9B68DB7B53B9F1
:106E4C00EFF31180202383F31288BFF36F8FBDE81B
:106E5C001040FFF7BBBE10BDF8CD0000FDCF000009
:106E6C0060B70000A2CD00008406002070B5EFF3DF
:106E7C00058373B136494FF48E63364A364802F0B7
:106E8C00C4FA364802F0C1FA4FF48E61314802F070
:106E9C00B3FAEFF31184202383F31288BFF36F8FBF
:106EAC002F4800F005FB60B988232E4A2E492A484A
:106EBC0002F0ABFA2A492D4802F0A7FA882129489A
:106ECC00E5E7274800F018FB294A9068D569036864
:106EDC00A84214BF194600214068036058609368AB
:106EEC00D06929B92349C3E900100360D3610CE0D0
:106EFC0093F90E5091F90E60B5421FD0AE421DDDD4
:106F0C004868C3E9001003604B60936919498B42D0
:106F1C0000D003B9D3681248536100F0D7FA88B98E
:106F2C004FF4B7730F4A14490B4802F06EFA0C4930
:106F3C00124802F06AFA4FF4B771C0E78142D1D01F
:106F4C000968CEE72046BDE87040FFF7C3BB00BF21
:106F5C0044CC0000F8CD000060B70000BBCB0000B3
:106F6C00AC060020EBB9000044BA000059BA00008E
:106F7C00840600209C06002018BA00002FBA0000DE
:106F8C002DE9F04106460C46EFF3058777B13349FE
:106F9C004FF49163324A334802F037FA324802F028
:106FAC0034FA4FF491612E4802F026FA50EA0103AC
:106FBC0004D1FFF75BFF0020BDE8F081EFF31188EF
:106FCC00202383F31288BFF36F8F284800F070FAE8
:106FDC0060B98823264A2749224802F016FA234929
:106FEC00254802F012FA88212148DDE7234D1F487D
:106FFC0000F082FAA868FFF7F7FAA8682346324631
:10700C001F49183000F0AEFAAA680446537B1748A3
:10701C0043F00403537300F059FA68B94FF4B77393
:10702C00134A18490F4802F0F0F91049164802F0BB
:10703C00ECF94FF4B771D7E74046FFF74BFBAB6861
:10704C00D3E90A23B3F1004F08BFBA42B3D102F01F
:10705C00C3FD201A20EAE070AEE700BF44CC00006C
:10706C00F8CD000060B70000BBCB0000AC060020E0
:10707C00EBB9000044BA000059BA000084060020A5
:10708C00879B000018BA00002FBA000038B50446E0
:10709C000D46EFF3058373B1114940F2B243114A27
:1070AC00114802F0B2F9114802F0AFF940F2B241C6
:1070BC000C4802F0A1F9FFF763FFB5F1FF3F08BFE1
:1070CC00B4F1FF3F0346204608D0DA17B3F1004F66
:1070DC0072F10002184628BF6FF0004038BD00BFA7
:1070EC0044CC0000F8CD000060B70000BBCB000022
:1070FC0038B50446EFF31185202383F31288BFF3D0
:10710C006F8F204800F0D4F968B988231E4A1F49B4
:10711C001F4802F07AF91B491E4802F076F98821C3
:10712C00194802F069F9174800F0E6F9637B5B0730
:10713C0010D504F1180000F0F1FA637B204623F01F
:10714C0004036373FFF7DEF92946BDE838400D48A8
:10715C00FFF7F6BC0B4800F0B9F968B94FF49A7315
:10716C00094A0D490A4802F050F906490B4802F049
:10717C004CF94FF49A71D3E785F31188BFF36F8FF5
:10718C0038BD00BFAC060020EBB9000044BA0000CB
:10719C0060B7000059BA000018BA00002FBA0000FE
:1071AC00014B9868704700BF840600202DE9F84316
:1071BC000446077BEFF31185202383F31288BFF37A
:1071CC006F8F7C4800F074F968B988237A4A7B4940
:1071DC007B4802F01AF977497A4802F016F98821AF
:1071EC00754802F009F9734800F086F9637B1807BB
:1071FC0017D5704800F06AF968B94FF49A736E4A63
:10720C0071496F4802F001F96A49704802F0FDF8C3
:10721C004FF49A71E4E785F31188BFF36F8FBDE8E3
:10722C00F883D90943F0080277D16273A36813B1CC
:10723C002046FFF733FA04F1180000F06FFAA66D40
:10724C0004F15808B04511D04FF0000976B1304622
:10725C00FFF724FA06F1180000F060FA3046C6F881
:10726C008890FFF74FF9A66DB045EFD1584EB36833
:10727C009C4271D1EFF30588B8F1000818BF4FF0AC
:10728C000108B369534A934200D003B9F36820460E
:10729C00736102F045F9B8F1000F02D04E48FFF7C8
:1072AC0023F9B3689C426AD1EFF30586002E66D1B0
:1072BC00237BDA071FD53F4800F008F900289CD043
:1072CC0085F31188BFF36F8F86F31188BFF36F8F2F
:1072DC000423184602DFEFF31185202383F3128871
:1072EC00BFF36F8F334800F0E3F800283FF46DAF25
:1072FC00304800F001F92F4800F0E8F878BB4FF463
:10730C00B7732D4A30492E4802F07FF829492F488F
:10731C0002F07BF84FF4B77162E7304A03F07F0359
:10732C0043F008039442637308D12D495A232D4A24
:10733C00234802F06AF85A212A4852E7D90707D5A0
:10734C0029495B23274A1E4802F05FF85B21F3E7CB
:10735C00204602F0E2FB69E74FF0000891E728466F
:10736C00FFF7B8F921494FF4EE731E4A144802F0A6
:10737C004CF81F4802F049F84FF4EE71DCE70D4869
:10738C0000F0A4F800283FF438AF85F31188BFF360
:10739C006F8FFB077FF543AF40F28E53114A1549AF
:1073AC00074802F032F82146134802F02EF840F25A
:1073BC008E51C1E7AC060020EBB9000044BA0000C6
:1073CC0060B7000059BA000018BA00002FBA0000CC
:1073DC00840600209C06002080040020600300200E
:1073EC001ACE0000F8CD00003BCE000083D0000088
:1073FC008ED00000B0D00000BBD000002DE9F843C7
:10740C0006460F469046EFF31189202383F312882A
:10741C00BFF36F8F1F4800F04BF868B988231E4AE2
:10742C001E491F4801F0F1FF1A491E4801F0EDFFFB
:10743C008821194801F0E0FF164800F05DF8346827
:10744C00A6421CD10025134800F040F8D0B94FF4E7
:10745C009A73114A1449124801F0D7FF0D49134889
:10746C0001F0D3FF4FF49A71E3E741462046B84749
:10747C0005460028E7D17368A342E3D02468002CAA
:10748C00F3D1DFE789F31188BFF36F8F2846BDE88E
:10749C00F88300BFAC060020EBB9000044BA000032
:1074AC0060B7000059BA000018BA00002FBA0000EB
:1074BC00006838B1044B00F003001B7CC01A18BFE5
:1074CC0001207047012070478406002000230268C9
:1074DC000360EFF30581074B19B19968497BC90724
:1074EC0006D4197C98680843831A5842584170474F
:1074FC000120704784060020024B1A7C9B681343C2
:10750C000360704784060020024B1868984208BF3D
:10751C000020704700020020034B1B680BB9FCF7DE
:10752C009DBC0020704700BFB006002030B570B184
:10753C000B4B5B6898420AD0036843B1D3E9042132
:10754C00D0E90445121941EB0501C3E90421D0E946
:10755C00003213605A600023C0E9003330BD00BF15
:10756C0000020020B3F1FF3F08BFB2F1FF3F2DE94D
:10757C00F84F04469B4615461F4600F0B280D0F8E3
:10758C000090B9F1000F0CD057497023574A584856
:10759C0001F03BFF574801F038FF7021534801F0D0
:1075AC002BFF8160EFF31188202383F31288BFF344
:1075BC006F8F5148FFF77CFF824660B988234F4A92
:1075CC004F494B4801F021FF4B494E4801F01DFF3C
:1075DC0088214A48E3E74848FFF78EFFBBF1000FCC
:1075EC00494A1FDBFFF798FF064601354BF1000BAC
:1075FC00454A2D184BEBE073D2E90017C4E904534C
:10760C006D1843EB0707FFF77FFF0346DFF8FCE03D
:10761C00DEF80490EBB9C4E900E9C9F80040CEF8F3
:10762C00044028E06FF00103D2E900125B1A4FF01E
:10763C00FF3161EB02025B1B62EB0B02012B72F15F
:10764C000001BCBF01234A464FF0000AC4E90432D2
:10765C00D9E7D3E9041CD4E904208A4270EB0C0B63
:10766C002EDA891A5A686CEB0000C3E90410C4E9DD
:10767C00003214605C60FFF747FF84420ED1244B4C
:10768C001B685BB9BAF1000F02D1FFF745FF064644
:10769C00304602F08AFA0021FCF7F6FB1648FFF799
:1076AC0015FFB0B94FF49A73144A1A49104801F0F7
:1076BC00ACFE1149184801F0A8FE4FF49A7188E706
:1076CC00521A60EB0C009945C4E90420A3D01B6846
:1076DC00A0E788F31188BFF36F8F28463946BDE8C1
:1076EC00F88F00252F46F8E7FDD00000D9D0000018
:1076FC0060B70000BBCB0000B4060020EBB9000063
:10770C0044BA000059BA0000100500200002002005
:10771C00B006002018BA00002FBA000070B504465D
:10772C00EFF31186202383F31288BFF36F8F234866
:10773C00FFF7BEFE68B98823214A2249224801F08E
:10774C0064FE1E49214801F060FE88211C4801F0AE
:10775C0053FE1A48FFF7D0FE236833B3FFF7D4FE6D
:10776C0005462046FFF7E2FE00224FF00043A542FB
:10777C00C4E9042306D1FFF7CFFE02F016FA00216C
:10778C00FCF782FB00240D48FFF7A0FE80B94FF4F4
:10779C009A730B4A0E490C4801F037FE07490D4805
:1077AC0001F033FE4FF49A71D0E76FF01504EAE75D
:1077BC0086F31188BFF36F8F204670BDB40600208E
:1077CC00EBB9000044BA000060B7000059BA0000E1
:1077DC0018BA00002FBA00002DE9F0470446EFF369
:1077EC001188202383F31288BFF36F8F4248FFF771
:1077FC005FFE68B98823414A4149424801F005FEC1
:10780C003D49414801F001FE88213C4801F0F4FD5E
:10781C00DFF8F8903848FFF76FFEC9F80040FFF723
:10782C0073FE002604460027DFF8E4A0D9F80030E8
:10783C00DAE900C0D91754B1D4E90452AB4271EB68
:10784C00020E1DDAED1A62EB0102C4E904520024A7
:10785C0013EB0C0340EB01012046CAE90031C9F8D7
:10786C00004002F0A2F92146FCF70EFB2248FFF77C
:10787C002DFEA0B188F31188BFF36F8FBDE8F087A0
:10788C0015EB0C0340EBE570CAE90030C4E9046762
:10789C002046FFF74BFE1848FFF718FE68B94FF467
:1078AC009A73164A1B49174801F0AFFD12491A4842
:1078BC0001F0ABFD4FF49A71A7E788F31188BFF381
:1078CC006F8F2046A3689847EFF31188202383F32A
:1078DC001288BFF36F8F0848FFF7EAFD002889D0A4
:1078EC000548FFF709FED9F800305B1BC9F80030DA
:1078FC00FFF70AFE044699E7B4060020EBB9000036
:10790C0044BA000060B7000059BA0000B00600206D
:10791C001005002018BA00002FBA000070B5EFF364
:10792C001186202383F31288BFF36F8F1A48FFF759
:10793C00BFFD68B98823194A19491A4801F065FD39
:10794C001549194801F061FD8821144801F054FDD6
:10795C001148FFF7D1FDFFF7DFFD144AD2E90045CE
:10796C00041945EBE0750C48FFF7B0FD68B94FF40E
:10797C009A730A4A0E490B4801F047FD06490D4817
:10798C0001F043FD4FF49A71DFE786F31188BFF3E2
:10799C006F8F2046294670BDB4060020EBB900005D
:1079AC0044BA000060B7000059BA0000100500206E
:1079BC0018BA00002FBA000038B50D4C0D4DAC4272
:1079CC0013D90D4925230D4A0D4801F01EFD0D4814
:1079DC0001F01BFD2521094801F00EFD2046D4E9DC
:1079EC00011202F0FEF81834E9E7F7D3002038BD95
:1079FC00A0020020A00200203FD100001DD10000F9
:107A0C0060B700008DCA0000F8B50D4E0D4C0E4D40
:107A1C0033680E48984767782B680C48984733684A
:107A2C000B489847022F08D12478E31F5C425C4135
:107A3C002B68074898472046F8BD0024F8E700BF9C
:107A4C002C020020B806002028020020040300208D
:107A5C00F002002070B51D4E1D4C33681D48984730
:107A6C002378590744BF23F00403237023789A0723
:107A7C0005D500F0C1F8237823F002032370164DCE
:107A8C0014482B689847336814489847637813B1A7
:107A9C00134802F0DDF8002304211148637000F054
:107AAC00CBF82B680D48984733680A4898472378D9
:107ABC00DB0705D502F0C9F8237823F00103237006
:107ACC002B680448BDE87040184700BF2C0200200A
:107ADC00B8060020F0020020280200200403002039
:107AEC00BC0600202DE9F041FFF78EFF18B10024F1
:107AFC002046BDE8F081364F36483B68984704462F
:107B0C0020B16FF08F04FFF7A5FFF1E7324D2B7812
:107B1C00D80706D402F097F804462B7843F00103FB
:107B2C002B702E4E2B483368984710B1002CE8D0A0
:107B3C00E9E7002CE7D13B68264898470446002823
:107B4C00DFD12B78990706D400F04EF804462B7839
:107B5C0043F002032B7033681E4898470028E5D188
:107B6C00002CD0D13B681B4898470028C9D13368FA
:107B7C00184895F8008098470028C2D13B681848EF
:107B8C00984704460028BCD16B7843B918F0010F14
:107B9C0005D0144802F05AF8022304466B7033687F
:107BAC000F4898470028C1D1002CACD13B6809483C
:107BBC0098470028A5D12B7806485A075CBF43F09C
:107BCC0004032B7033689847002890D099E700BFC6
:107BDC002C020020F0020020B80600202802002011
:107BEC0004030020BC0600200122024B002083F875
:107BFC0080257047C00600202DE9F0410A4C002575
:107C0C0026464FF0010803272046C4F8208027772A
:107C1C00013501F0FBFF202D04F12C04F4D10023DD
:107C2C0086F88035BDE8F081C0060020014B1B684A
:107C3C00184700BF0802002010B50A46044619B1C7
:107C4C00024B00211B68984710BD00BF0C0200209E
:107C5C0010B50C4C206800F0BFFD0B4A1368591C82
:107C6C0011604BB9094A4820D2F8003443F007039D
:107C7C00C2F80034FAF77CFE2068BDE8104000F032
:107C8C00C5BD00BF14020020440C0020008004502D
:107C9C0038B5164D286800F09FFD154B1C68013C4B
:107CAC001C60ECB94820FAF771FE0722114BC3F89F
:107CBC000823D3F8002422F00702C3F80024C3F8E9
:107CCC000041D3F80021C3F80441D3F804214FF448
:107CDC008072C3F80841D3F80831074BC3F88821E8
:107CEC002868BDE8384000F091BD00BF14020020A8
:107CFC00440C00200080045000E100E070B5104DF1
:107D0C00104E2B68B3420DD0FFF7A2FF00F006FD1A
:107D1C0000F042FD40B101F0A8FF0446FFF7B8FFA8
:107D2C0044B92E60002405E000F0ECFA044618B1CA
:107D3C00FFF7AEFF204670BD02F09AF8EDE700BFEA
:107D4C0010020020117365000022074BC3F81021AC
:107D5C00C3F80C21C3F80021C3F80421C3F808218F
:107D6C00C3F81421704700BF0050045008B5FFF74A
:107D7C00EBFF01230360104B0A6832B9D3F80C21D6
:107D8C001AB9D3F80821002AF6D00B687BB90B4B33
:107D9C0099420ED0A3F58473D3F80831002B0CBF95
:107DAC004FF0FF306FF00200FFF7CEFF08BD002050
:107DBC00FAE74FF0FF30F7E7005004500851045039
:107DCC0070B506460D4619B34B6913F00F040CD071
:107DDC0011495523114A124801F017FB114801F0C3
:107DEC0014FB55210D4801F007FB2146012001F041
:107DFC003FFE0D480D49C0F80065C0F80455FFF76B
:107E0C00B5FF21460546204601F032FE284670BDDE
:107E1C006FF00105FAE700BFABD1000058D10000AC
:107E2C0060B70000D4D10000005004500051045041
:107E3C00034B0449C3F800050348FFF797BF00BF85
:107E4C0000500450045104500450045010B5044622
:107E5C000021012001F00CFE064B0749C3F8004538
:107E6C000648FFF783FF00210446084601F000FE98
:107E7C00204610BD005004500851045008500450C6
:107E8C0038B50C4659B1074D0749C5F800050748E8
:107E9C00FFF76CFF10B9D5F80835236038BD6FF0CB
:107EAC000100FBE700500450105104500C500450DA
:107EBC002DE9F047804600244FF010091E4E94B077
:107ECC000DF1270525F01F0506F1200A01221021CE
:107EDC001A4801F035FF2B1900935246102320212C
:107EEC001548CDF8049000F04BFA0746F8B9D6E9DE
:107EFC000C321034013342F10002302CC6E90C3242
:107F0C00E4D1B8F1000F04D022464146284601F0D6
:107F1C000AFF2E46084C0FCE0FC496E80F002035F2
:107F2C0084E80F0095E80F00103484E80F00384601
:107F3C0014B0BDE8F08700BF1805002038050020FC
:107F4C00F0B5194D194FAB6B8DB0BB4229D0184E03
:107F5C00306800F041FC402300221946284601F00D
:107F6C00F9FE3021684601F016FF044678B96846E0
:107F7C00FFF79EFF044690B9302302461946684627
:107F8C0001F0E8FE01220023C5E90C23AF63306841
:107F9C0000F03CFC204601F068FE0DB0F0BD0E2454
:107FAC00F5E70020F9E700BF18050020B4A5B4A53B
:107FBC00180200202DE9F04F99B00DF1570802F18D
:107FCC000F0982460E46144628F01F084FEA19196D
:107FDC0022B1002967D0B2F5803F64D8334F344DBD
:107FEC00386800F0F9FBD5E90C3213430BD150463D
:107FFC00FFF7A6FF834630B1386800F007FC5846FF
:10800C0019B0BDE8F08FD5E90C2319EB020243F14E
:10801C000003B3F5803F14D3302102A801F0BBFE5E
:10802C00B8B902A8FFF744FF83460028E4D13023F7
:10803C000246194602A801F08DFE00220023C5E974
:10804C000C23DFF870A03CB92046FFF731FF8346C4
:10805C00D2E76FF0920BCFE7102C4FF001024FF0EC
:10806C0010015046A14628BF4FF0100901F068FEE0
:10807C00102352462021CDE900830D4800F080F9F1
:10808C0083460028B8D14A463046414601F0DDFF10
:10809C00D5E90C32013342F10002C5E90C32A4EBF4
:1080AC0009044E44CFE76FF0860BA8E718020020B6
:1080BC0018050020380500202DE9F04F89B007463F
:1080CC000C4615461E4601F0B0FE78B97B6900904F
:1080DC00C3F3013262F305108DF8000010F030008C
:1080EC0007D1B96889070FD06FF0860009B0BDE8D9
:1080FC00F08F102808D1BDF8023023F4F87343F444
:10810C00A873ADF8023053E0DBB2F82B02D06FF05D
:10811C008500EBE700234FF0010B984619469C466F
:10812C00D7F808E0DFF8CC9159F804AB1EEA0A0F37
:10813C0008D00BFA0CF343EA080303F07F08012381
:10814C0041EA0A010CF1010CBCF1070FECD12BB187
:10815C009DF8033068F347038DF803303EEA0101C4
:10816C00D5D17B88FF2B35D005D8802B34D0C02BB4
:10817C00CDD1022306E0B3F5807F2FD0B3F5C07FBD
:10818C00C5D106239DF8021063F306118DF8021079
:10819C0010B91EF0030FA7D13B79022B2BD01FD89F
:1081AC00012BA1D1BDF8021063F3C811ADF8021078
:1081BC00012A39D0032A23D0002A95D13B88B3F564
:1081CC00105FA4D1182E03D0202E01D0102E8BD1ED
:1081DC00494F2DE00323D5E70123D3E70423D1E74F
:1081EC00032B02D0FF2B7FF47FAF0221BDF80230AE
:1081FC0061F3C81385E7BDF8023043F4C07380E720
:10820C00412E0ED0202E05D006D8102E02D0182EBE
:10821C007FF46AAF394F0BE0302EFBD0612E7FF428
:10822C0063AF0135013EF5E7302E7FF45DAF344F7F
:10823C004FF000080F364FEA1619C14515D11F2E05
:10824C001CD81C22002101A801F00CFF4FF0000AE1
:10825C004FF0FF39D04518D11F2E04D9BA20FFF7A3
:10826C00F5FD002835D1002040E704EB080001F0B3
:10827C0088FD00283AD008F10108DEE74146204687
:10828C0001F0BBFD0028DCD030E707EB0A124FEA07
:10829C000A130692BAF1000F1ED1009A0792BDF88C
:1082AC0002202B44C2F3C11205920DF1040C03F110
:1082BC00100E624618685968083303C27345944619
:1082CC00F7D101A904EB0A00FFF77AFD38B101F0F0
:1082DC00ACFD6FF0920009E7CDF81C90DFE71C2194
:1082EC0001A801F042FD0AF1010AB3E76FF08A0020
:1082FC00FCE600BF0CAF00004000815100000020E4
:10830C001084045010B590B01C22002101A801F07B
:10831C00A9FEF82001F035FD08B3202200200DEB5A
:10832C000201FFF747FE0446F8B901A84FF480712B
:10833C0001F059FD0E4B0F4904930F4BCDE901137E
:10834C000E4BF821069320230DEB0302FFF7B4FE2E
:10835C00202104460DEB010001F007FD05E0F9209A
:10836C0001F00FFD0028D8D10446204610B010BDF6
:10837C000010C00400240001014B4E80F800FF7F68
:10838C002DE9F3411D464FF48073284C80460020A4
:10839C0017460E46019300F037F901AB2360112309
:1083AC00234A0121C4E9022304F11003636040F65F
:1083BC001103E36104F1200363612123089AE36252
:1083CC001C4B46F000561A60099A45F0005542F0D5
:1083DC000052C3E901122022C4F81080A661276262
:1083EC00A5626162DA60BFF35F8F4FF0A342146045
:1083FC00BFF35F8FBFF35F8F1361BFF35F8FBFF36B
:10840C005F8F03235363BFF35F8FBFF35F8F936360
:10841C00BFF35F8F01F068FD431C0446FAD00020C7
:10842C0000F01CF9204602B0BDE8F081580C002089
:10843C0004000020480C0020BFF35F8F094A13682A
:10844C00BFF35F8F43F48071BFF35F8F1160BFF395
:10845C005F8F23F48073BFF35F8F1360BFF35F8F65
:10846C00704700BF0010805108B5FFF7E5FFBFF360
:10847C005F8F064A1368BFF35F8F43F00103BFF3AE
:10848C005F8F1360BFF35F8F08BD00BF001080517A
:10849C0070B50026C0E9006605460C46FFF7D8FB10
:1084AC0001232B70FFF7C8FFBFF35F8F204BDB68F6
:1084BC00BFF35F8F9B08013BACB3226842B19A4279
:1084CC0005D9FFF7E5FB6FF03F002E7070BD13462A
:1084DC00D4E90115E068002908BF4FF400710028A9
:1084EC0008BFF1202469BFF35F8F114A9360BFF37B
:1084FC005F8FBFF35F8F1564BFF35F8FBFF35F8F29
:10850C005064BFF35F8FBFF35F8F5163BFF35F8F17
:10851C0044F4802444F00104BFF35F8F1460BFF374
:10852C005F8F0020D2E74FF40071F1202546DAE787
:10853C000010805170B503780D461446002B53D0B3
:10854C00BFF35F8F2D4A136BBFF35F8F5908C3F3D3
:10855C004203052B4BD011F0060F02D14FF0FF3028
:10856C0070BD4368D3B9BFF35F8F5368BFF35F8FA0
:10857C00032BF3D9224B2349BFF35F8FD2F88060D2
:10858C00BFF35F8FBFF35F8F43F8046BBFF35F8F55
:10859C008B42F1D1FFF768FF01234360BFF35F8F7C
:1085AC00164B9A68BFF35F8F0132B4EB021F21D8D0
:1085BC00BFF35F8F5A68BFF35F8FB4EB820FCDD8D8
:1085CC0084B1BFF35F8FD3F88020BFF35F8F291D79
:1085DC0005F8012B8D424FEA122204F1FF34EFD043
:1085EC00002CF5D10020BBE76FF02000B8E76FF04E
:1085FC005100B5E76FF03F00B2E700BF00108051AB
:10860C00101080512010805110B50446FFF720FB4C
:10861C00104B186800F0E0F80CB101232370BFF385
:10862C005F8F4FF0A3430022DA61BFF35F8FBFF37C
:10863C005F8F4FF0FF321A63BFF35F8FBFF35F8F13
:10864C003422DA61BFF35F8F0122034BC3F804239A
:10865C0010BD00BF1C0200200080045010B5044661
:10866C0038B9FFF715FBBDE81040074B186800F050
:10867C00CDB803783BB1FFF70BFB034B186800F048
:10868C00C5F80023237010BD1C02002038B51C4C0B
:10869C00D4F80051C5B1BFF35F8F4FF0A343996A73
:1086AC00BFF35F8FBFF35F8F4FF0FF321A63BFF3DF
:1086BC005F8F0023C4F80031D4F80031114B1868D7
:1086CC00BDE8384001F084BCD4F8083153B100F057
:1086DC007FF801F03AFCC4F80851D4F808310121B4
:1086EC00094BECE709495023094A0A4800F08DFE72
:1086FC00094800F08AFE5021054800F07DFE00BFBD
:10870C0000800450240200202002002073C90000C5
:10871C00E6D1000060B700004CD2000008B5074B52
:10872C00186801F044FC064B186801F040FCBDE8E9
:10873C000840002248201146FAF74AB924020020CA
:10874C002002002038B5094B1C7864B1084B4FF05F
:10875C00FF311D68284601F02CFC4FF0FF31044618
:10876C00284601F033FC204638BD00BF030E002024
:10877C002402002010B5064CE36C3BB9214651F89D
:10878C004C3B986901F0E5FB0123E364014810BD03
:10879C00880C0020D40C002010B50B4B0B4C236024
:1087AC0003F5C04363602461FFF7E4FF50B1236D10
:1087BC000020B3F5007FCCBF4FF480634FF40073FF
:1087CC00A36010BD0E20FCE700208051880C002017
:1087DC0000487047880C002008B54FF0FF324FF06E
:1087EC00FF33FDF703FB48B1054906481723064A3A
:1087FC0000F00BFE1721044800F0FEFD08BD00BF81
:10880C00A9D2000060B7000064D2000008B5FDF7E3
:10881C00BDFB48B1054906481F23064A00F0F5FD8B
:10882C001F21044800F0E8FD08BD00BFA9D20000DC
:10883C0060B7000064D200002DE9FF470027054611
:10884C000C469246019700F10C06EFF31189202398
:10885C0083F31288BFF36F8F3046FEF729FE68B999
:10886C0088231A4A1A491B4800F0CFFD31461A4892
:10887C0000F0CBFD8821154800F0BEFD3046FEF718
:10888C003BFEAB6828465C4004EA0A02134903EA43
:10889C000A08534001AACDE90237FEF7AFFD019C4F
:1088AC003CB12046C4F888700021246EFDF792FF7D
:1088BC00F6E7DDE9023223EA020330464946AB60B3
:1088CC00FEF73EF9404604B0BDE8F087EBB9000076
:1088DC0044BA000060B7000059BA0000E59F0000E0
:1088EC002DE9F04F85B08846DDE90E1B054617468D
:1088FC00EFF305838BB151EA0B030ED040494FF4D3
:10890C008573404A404800F080FD404800F07DFDF2
:10891C004FF485713B4800F06FFD0291B8F1000FE8
:10892C0056D007F001030393FEF73AFC05F10C0453
:10893C008146EFF3118A202383F31288BFF36F8FE4
:10894C002046FEF7B5FD029960B98823304A3149BB
:10895C002D4800F05AFD21462F4800F056FD882185
:10896C002B48D8E720460291FEF7C6FD17F0020F00
:10897C001CBF0023AB60AB6807F00102029903EA4D
:10898C000806BAB1B04517D17A0744BFB343AB6000
:10899C002046FEF79BFDE8B94FF49A731C4A1F4919
:1089AC00194800F032FD21461D4800F02EFD4FF411
:1089BC009A71D5E7002EE7D151EA0B0312D120466C
:1089CC00FEF784FD0028E7D08AF31188BFF36F8F80
:1089DC00002603E08AF31188BFF36F8F304605B091
:1089EC00BDE8F08FC9E919872A46CDE9001B20465E
:1089FC005146FDF74BFF0028EAD1D9F86460EDE74A
:108A0C00B2CC0000B2D2000060B70000BBCB0000BB
:108A1C00EBB9000044BA000059BA000018BA0000C3
:108A2C002FBA000008B5EFF305834BB1074908488E
:108A3C003823084A00F0E9FC3821064800F0DCFC39
:108A4C00C0E90233C0E9000008BD00BF44CC0000FF
:108A5C0060B70000B2D2000038B50546002941D0FD
:108A6C0051F8043C0C1F002BB8BFE41800F0B6F80A
:108A7C001D4A136833B9636014602846BDE838405A
:108A8C0000F0B2B8A34208D9206821188B4201BF6C
:108A9C0019685B6809182160EDE71A465B680BB131
:108AAC00A342FAD911685018A0420BD12068014496
:108ABC00501811608342E0D118685B680844536019
:108ACC001060DAE702D90C232B60D6E72068211856
:108ADC008B4202BF19685B680918636008BF21608C
:108AEC005460CAE738BD00BFF80C0020F8B5CD1CA7
:108AFC00064625F0030508350C2D38BF0C25002D36
:108B0C0001DBA94203D90C2333600020F8BD00F02F
:108B1C0065F821490A6814469CB9204F3B6823B973
:108B2C002146304600F03CF838602946304600F0CB
:108B3C0037F8431C23D10C233046336000F054F833
:108B4C00E3E723685B1B17D40B2B03D923601C446E
:108B5C00256004E06368A2420CBF0B605360304692
:108B6C0000F042F804F10B00231D20F00700C21A9C
:108B7C001CBF1B1AA350C9E722466468CCE7C41C6F
:108B8C0024F00304A042E3D0211A304600F008F888
:108B9C000130DDD1CFE700BFF80C0020F40C002031
:108BAC0038B50023054D044608462B60FAF772FAD7
:108BBC00431C02D12B6803B1236038BDFC0C002090
:108BCC0007B5009313460A4601460348006801F0B6
:108BDC005DFA03B05DF804FB300200200148FAF79F
:108BEC006DBA00BFA00200200148FAF783BA00BF9B
:108BFC00A00200202DE9F04F98468B899DB00746C6
:108C0C001B060D46144610D50B6973B94021FFF7AE
:108C1C006DFF2860286130B90C233B604FF0FF30AA
:108C2C001DB0BDE8F08F40236B610023CDF80C80A4
:108C3C004FF00109DFF8A081099320238DF829302A
:108C4C0030238DF82A3023469A4613F8012B0AB1AB
:108C5C00252AF9D1BAEB040B0BD05B4622462946E8
:108C6C00384601F03EFA013000F0A780099A5A44C8
:108C7C0009929AF80030002B00F09F8000234FF0EF
:108C8C00FF320AF1010A049307938DF853301A93BB
:108C9C00CDE90523544605224F4814F8011B01F079
:108CAC00EDFA049AD8B9D00644BF20238DF853307E
:108CBC00110744BF2B238DF853309AF800302A2B20
:108CCC0015D0079A544600204FF00A0C214611F893
:108CDC00013B303B092B4BD9B0B1079214E0A0EB10
:108CEC000803A24609FA03F313430493D2E7039B48
:108CFC00191D1B68002B0391BBBF5B4242F00202A3
:108D0C0007930793B8BF049223782E2B0AD163786C
:108D1C002A2B32D1039B02341A1D1B6843EAE373DE
:108D2C0003920593DFF8B4A003222178504601F09A
:108D3C00A5FA38B1A0EB0A004022049B0134824012
:108D4C001343049314F8011B062225488DF82810B0
:108D5C0001F094FA002836D0224B1BBB039B07333F
:108D6C0023F0070308330393099B334409936AE701
:108D7C000CFB02320C460120A8E7002301344FF013
:108D8C000A0C19460593204610F8012B303A092A93
:108D9C0003D9002BC6D00591C4E70CFB0121044676
:108DAC000123F0E703AB2A4604A9384600930E4B87
:108DBC00AFF30080421C0646D6D1AB895B063FF56B
:108DCC002DAF09982CE703AB2A4604A9384600932B
:108DDC00054B00F00BF8EDE7D6D30000DCD3000018
:108DEC00E0D3000000000000EFA000002DE9FF47D9
:108DFC000F7E914680460C46782F9A460C9D01F1C9
:108E0C00430207D8622F0AD8002F00F0E080582FB9
:108E1C0000F0BB8004F1420684F842703AE0A7F1FE
:108E2C006303152BF6D801A151F823F0918E0000A5
:108E3C00A58E0000218E0000218E0000218E0000E6
:108E4C00218E0000A58E0000218E0000218E0000D6
:108E5C00218E0000218E0000C18F0000358F000094
:108E6C00778F0000218E0000218E0000E38F000020
:108E7C00218E0000358F0000218E0000218E000015
:108E8C007F8F00002B6804F142061A1D1B682A60B4
:108E9C0084F842300123ABE0236829681F0601F1F6
:108EAC000400286001D50D6803E05E06FBD5B1F91E
:108EBC000050002D61687ADA2D200029A16084F819
:108ECC0043002DDA6D425E480A231646B5FBF3F1DA
:108EDC0003FB1157C75D06F8017D2F460D46BB42BB
:108EEC00F4D9082B0BD12368DF0708D523696168F7
:108EFC009942DEBF302306F8013C06F1FF36921B87
:108F0C0022614B4603AA21464046CDF800A001F051
:108F1C0043F9013071D14FF0FF3004B0BDE8F08758
:108F2C0023F004032360CDE72B682068191D29600A
:108F3C00050601D51D6802E04106FBD51D886F2F83
:108F4C003F4814BF0A230823002184F843106668A5
:108F5C00002EA660B9DB216821F004012160002DF0
:108F6C00B3D1002EB1D11646BBE7236843F02003E2
:108F7C0023607827334884F84570296823680E1DD0
:108F8C002E601E0603D50D6804E02D48F3E75D0640
:108F9C00F9D50D88D90744BF43F0200323600DB1E8
:108FAC001023D1E7236823F020032360F8E724483B
:108FBC000A23CCE72B682668181D616928603506E2
:108FCC001B6801D5196002E07006FBD519800023DF
:108FDC001646236195E72B6800211A1D2A601E682E
:108FEC006268304601F04AF908B1801B6060636822
:108FFC002361002384F8433083E7236932464946D2
:10900C004046D047013086D023689B0714D4E068D3
:10901C00039B9842B8BF18467FE701233246494666
:10902C004046D04701303FF476AF0135E3680399F1
:10903C005B1AAB42F1DCEAE7002504F11906F5E70F
:10904C00E7D30000F8D300007047F0B588B181B1C8
:10905C00D0F8D840072C0CD81825661C04FB0557F3
:10906C0005FB0404C151C4E90823059BA362C0F8A5
:10907C00D860F0BD08B5F7F719FC4FF47A7000F022
:10908C006FF8FAE710B54FF0FF310446006800F0B6
:10909C008AF860B1606800F098F84FF47A7000F0CC
:1090AC005FF8FAE7E3680133E36000F054F8A36873
:1090BC001B68002BF6D0606800F087F84FF47A70CC
:1090CC0000F04EF8FAE710B54FF0FF310446006897
:1090DC0000F08BF82074606800F077F84FF0FF31E7
:1090EC00A06800F060F8206800F091F86074E06807
:1090FC0000F06BF84FF47A7000F032F8FAE7431C8A
:10910C0019D0002810DA10F1100F0FD010F10F0F3A
:10911C0005DA10F1160F0CBF0220062070470C3038
:10912C00012803D9062000E0FCD17047002914BFA8
:10913C000120042070470320704708B528B1D0F8EF
:10914C00943013B1D0F89800984700214FF47A70FE
:10915C00FDF79CFFF9E708B5FDF788FE002008BD78
:10916C0010B500242146FDF791FF204610BD10B527
:10917C00044640B1D0F8900028B1F9F7A3FB0020C9
:10918C00C4F8900010BD0220FCE710B548B1914224
:10919C0007D832B100F0AFFCBDE810400021FFF75A
:1091AC00AEBF022010BD10B50C4660B14A1C0CBFFE
:1091BC004FF0FF3300230A46FDF756F82146BDE871
:1091CC001040FFF79CBF022010BD08B518B1FCF78A
:1091DC00CDFF002008BD0220FCE708B518B100F057
:1091EC0083FC002008BD0220FCE710B50C4660B1E2
:1091FC004A1C0CBF4FF0FF3300230A46FCF7F6FD68
:10920C002146BDE81040FFF77ABF022010BD08B51B
:10921C0030B1FCF7BBFEBDE808400021FFF76FBF83
:10922C00022008BD70B530B129B122B11BB100F0DC
:10923C003CFC002070BD0220FCE710B50B46144628
:10924C0068B161B1B2F1FF3F0CBF4FF0FF330023A7
:10925C0000F03BFC2146BDE81040FFF750BF022058
:10926C0010BD10B50B46144668B161B1B2F1FF3FA9
:10927C000CBF4FF0FF330023FCF7D2FC2146BDE8B6
:10928C001040FFF73CBF022010BD08B500F09AFA61
:10929C00002108BD7047F8F707B8836800EBC101DF
:1092AC00B3F5004F2CBF51F8220031F81200704773
:1092BC0000EBC1018068B0F5004F2CBF41F82230A3
:1092CC0021F812307047012208B5FFF7E6FFD040B5
:1092DC0008BD836800EBC101B3F5004F08D34B68A0
:1092EC001AB143F001034B60704723F00103FAE716
:1092FC004B881AB143F001034B80704723F00103F4
:10930C00FAE753000122FFF7D3BF8368481CB3F57B
:10931C00004F34BF042308230833A0EBD300B0FA6A
:10932C0080F0C0F11F0070472DE9F0410D468668B2
:10933C000446FFF7C8FFB6F5004F014601D30128DC
:10934C0032D02046FFF7E1FF04EB80010E6996B99D
:10935C000122E36882401343E36002220D612B4635
:10936C0029462046FFF7A4FF032229462046BDE8E4
:10937C00F041FFF79DBF022231462046FFF78DFFDB
:10938C000746034629462046FFF792FF0322334641
:10939C0029462046FFF78CFF39462B462046FFF71F
:1093AC0087FF02223146E1E7BDE8F08100207047DB
:1093BC000FB407B504A951F8040B0191F8F740F864
:1093CC0003B05DF804EB04B070472DE9F04107469B
:1093DC00884615461E461446B44205D30EB1601B92
:1093EC0008E02378002BFAD0414614F8010BB8475B
:1093FC000028F1DABDE8F081002383F31188BFF374
:10940C006F8F0423184602DF70470FB407B504A909
:10941C0051F8040B0191F8F713F803B05DF804EB65
:10942C0004B07047838B13F0070305D10368002B3E
:10943C000CBF002003207047022B05D1C08BB0FA63
:10944C0080F0400980007047012B05D10368002B88
:10945C000CBF0020052070470020704710B50C464B
:10946C0000B111B96FF0150010BD081D00F02FF8F8
:10947C000028F9D1A368032BF6D9F3E72DE9F041C5
:10948C000D4607461946281D90461E46F8F7C4FEA1
:10949C00044638B13346424629463846A446BDE810
:1094AC00F0416047BDE8F08138B50C46054658B12F
:1094BC0051B10B6843B14B6833B12022002100F04D
:1094CC00D1FD00202C6138BD6FF01500FBE7034681
:1094DC0058B1426802F00302012A03D0032A04D1D6
:1094EC00026812B10020986070476FF01500704749
:1094FC00704700F0B7BD00F0A8BD01460068F8F752
:10950C00E7BE08B5F8F714FFBDE80840F8F714BF3C
:10951C0000210120F8F7DCBE436F83F30B88704702
:10952C006FF08500704761B662B680F31188BFF3A7
:10953C006F8F704772B6002383F31188BFF36F8F60
:10954C00BFF34F8F30BF62B6BFF36F8F704772B6E9
:10955C00002383F31188BFF36F8FBFF34F8F20BFAE
:10956C0080F31188BFF36F8F62B6704740E800F349
:10957C0013F4803FD8B208BF6FF01500704730B5B8
:10958C000C684B6885B00A894D890094013B24F026
:10959C001F04234402F01F0242EA451223F01F036A
:1095AC0069468DF808200393F9F7FAFA05B030BD37
:1095BC004FF0FF307047F8B5069F0469C9B2EFF35E
:1095CC001186202585F31288BFF36F8F0C2505FBC0
:1095DC000144A56C05F0070CBCF1010F0CD1A7647C
:1095EC0086F31188BFF36F8FC4E91023436853F8D7
:1095FC00313098470020F8BD05F0C005AF4286F326
:10960C001188BFF36F8F0CBF6FF077004FF0FF30F6
:10961C00F1E713B580240094FFF7CDFF02B010BD25
:10962C000069CBB200EB4310002110471046FCF749
:10963C009DBDFAF767BEFAF715BE8022F9F734BE66
:10964C00436800205B68DB680B607047436802EA84
:10965C0001005B6821EA02015860002099607047A4
:10966C00436800205B6859607047436800205B6862
:10967C009960704743685A68136821EA03000B40ED
:10968C005060002093607047FBF798BB30B543687F
:10969C001360057A446804EBC504A34202D36FF04F
:1096AC00010030BD5C798C4201D00833F0E700201A
:1096BC00F7E743681B68D3F83031704743681B6881
:1096CC00D3F88004C3F88004704742681368D3F859
:1096DC004C0150B10020926A12780A70C3F84C0108
:1096EC00D3F84C2101229A6270474FF0FF3070473B
:1096FC0013B501AA0446FFF7C9FF002805DB019B3F
:10970C00226819791868FAF715FA02B010BD38B545
:10971C00054600220121C620F9F75AF9C620F9F7AF
:10972C0027F96C680121E068FFF7E2FF6B681968A4
:10973C006369C1F82435E28BA38BA07E1343228C82
:10974C001343628C1343627E9BB20243207E02431E
:10975C001343C1F86C3569680B68D3F8002242F4E6
:10976C008022C3F800220822C3F800254A6A01218E
:10977C00C3F83C270022C3F840271965D3F83011F1
:10978C000029FBD0C3F800256D680021E8682C681F
:10979C00FFF7AEFF0823C4F800352A7A52B9AB6A3A
:1097AC00C4F804370123C4F80837C4F84C21D4F8A2
:1097BC004C21A362002038BD08B50220F9F7A2FEA7
:1097CC00002008BD08B5FBF7E1FC08BD08B5FEF7A5
:1097DC0089F948B1002383F31188BFF36F8F0423F9
:1097EC00184602DF6FF0040008BD0346002018473E
:1097FC0000F041B9024610B5116891B1B1FA81F38C
:10980C00C3F11F000123834021EA0303D2E8EF4F89
:10981C008C4204D1C2E8EC3FBCF1000FF6D1EBD185
:10982C0010BD6FF00B00FBE710B50368CB40DB07F6
:10983C0010D401238B40026843EA0201D0E8EF4FB9
:10984C00944204D1C0E8EC1FBCF1000FF6D1F2D168
:10985C00002010BD6FF01500FBE7FAF72DBC08B522
:10986C00FAF74EFEBDE80840FAF768BD10B504469D
:10987C000846FAF7A9FE04EB4004A08AC0F3401096
:10988C0010BD10B504460846FAF79EFE04EB4004E2
:10989C00A08A10F01C0018BF012010BD10B50446A2
:1098AC000846FAF791FE04EB4004A08AC0F340008E
:1098BC0010BD10B50446FFF7F1FF10B12046FFF7BD
:1098CC00D5FF00F0010010BD10B504460846FAF7AC
:1098DC007BFE04EB4004A08A400B10BD70B504461F
:1098EC0008461646FAF770FE083034F810300D466C
:1098FC00DA0509D5C3F3432304EBC30231462846EA
:10990C0054F8333052689847A3682BB13146284637
:10991C00E268BDE87040184770BD2DE9F341174669
:10992C00DDE90858019001A80C461E46FAF792FE94
:10993C00019B391E18BF012100EB8300231E18BFA9
:10994C000123002E43EA410314BF0C210021002DFA
:10995C0043EA010314BF4FF470610021B8F1000F0A
:10996C0043EA010314BF4FF440310021D0F88020AA
:10997C000B4322EA030304B124780FB13F787F0034
:10998C001C430EB13678B6003C438DB129780902E0
:10999C003443B8F1000F03D098F800804FEA084820
:1099AC00214341EA0801C0F8801002B0BDE8F08103
:1099BC002946EDE71FB50DF10F03019300238DF838
:1099CC000F101A4619460093FFF7A7FF05B05DF874
:1099DC0004FB2DE9F04700250446884617462E4621
:1099EC004FF00109AA46BE420CD1D4F8443133B130
:1099FC000023C4F84431D4F8443145F400352846EA
:109A0C00BDE8F087F0B2FAF757FEA0F580739B081B
:109A1C0009FA03F318EA030F05D022581AB144F8D7
:109A2C0000A022581D430136DDE738B504460D462B
:109A3C00FFF71CFFB0B12046FFF730FF90B920466E
:109A4C00FFF742FF012322688340C2F818332368D2
:109A5C0000B203EB8003D3F8102522F00302C3F805
:109A6C00102538BD2846BDE838400021FFF7A2BFBD
:109A7C00C9B2FBF7CFBD08B1F9F7A8BB704740B12D
:109A8C00C368587810F001001EBF1878B0FA80F047
:109A9C0040097047EFF31183202383F31288BFF33F
:109AAC006F8FFEE708B5FFF7F5FFC0E9032303FB53
:109ABC0002120023C0E90621C0E9000041610162E5
:109ACC00436280F828308360704713B501240094FA
:109ADC00FBF7C2FF02B010BD90F90E308B4201D0E3
:109AEC00FCF752BF0020704703460020C3E9003347
:109AFC00C3E9020070473AB18A4205D3C0E90212A9
:109B0C00C0E90000002070476FF015007047EFF3BC
:109B1C000580003818BF01207047D0E9003213606F
:109B2C005A600023C0E90033704738B504460D462F
:109B3C00FCF75AFD637B43F002036373E5B1A56048
:109B4C002B689D4209D16B68C4E900531C606C60A2
:109B5C0012E06A689A42F6D01B68002BF3D094F995
:109B6C000E2093F90E108A42F3D09142F1DD5A681F
:109B7C00C4E9003214605C6038BD01211838FCF770
:109B8C0029BE08B540F2E733C117C0184FF47A72FA
:109B9C004FF0000341F10001F6F76AFCC117FDF725
:109BAC00EFF94FF47A73584308BD08B50246FDF738
:109BBC00ABFC70B1D0E904319B1A61EBE272B3F1EA
:109BCC00004F72F1000104DA002AACBF18460020E5
:109BDC0008BD6FF00040FBE708B5FDF79FFE08BD20
:109BEC00704710B400F10C04C0E903440024446134
:109BFC0010BCF7F77BBB10B50446406A10B1A16AE4
:109C0C0000F029F80020C4E9090010BD38B505465C
:109C1C00FFF7F1FF2B7F0446012B0ED0023B012BEB
:109C2C000ED82B6A012B18BF6FF096042C22002142
:109C3C00284600F017FA204638BD2B6A002BF2E7B5
:109C4C006FF09604F2E7FEF759B8704700207047A2
:109C5C0000207047704710B5044608B1FDF7ECFFC3
:109C6C002046BDE81040FDF7E1BF0A2840DCC31CCC
:109C7C0022DA10F1400F47D010F13F0F2BDA10F120
:109C8C00410F44D010F1550F44D010F1490F08BFCB
:109C9C006FF0840018BF6FF08600704709282AD82F
:109CAC00DFE800F00529290816293829292F6FF03B
:109CBC009800704700207047C31C0D2B1BD8DFE8A1
:109CCC0003F0072F1A1C1A1A1A1A1A1A1D1A1A1D1F
:109CDC006FF08500704710F1210F1ED00BDB10F1D7
:109CEC00200F1DD010F1100F08BF6FF09400D1E7BA
:109CFC0064380928D2D96FF0860070476FF0940051
:109D0C0070476FF08C0070476FF0840070476FF0F5
:109D1C00890070476FF0930070476FF088007047B0
:109D2C006FF09200704710B501380A44914200D18F
:109D3C0010BD10F8013F11F8014B63400370F5E7BB
:109D4C000144814200D1704711F8013D1A440A7058
:109D5C00120AF6E710B58B4294BFC4184418A042FF
:109D6C0000D110BD00F8012BF9E700231A4682B090
:109D7C0001908B4201D102B070470198C25401335B
:109D8C00F7E707B501A9FEF77BF8003818BF0120EB
:109D9C0003B05DF804FBF7B506460D46202D2F46A3
:109DAC00A8BF202700216846FEF772FB044670B955
:109DBC003A4631466846FEF7BDFB10F1520F044699
:109DCC0008D0431CF4D0684600F0B5F834B12046F6
:109DDC0003B0F0BD684600F0AEF8E3E7EC1B3E4480
:109DEC00F5D02546DAE7CA0448BF41F480618B04FC
:109DFC0048BF41F400618160704730B589B00546B9
:109E0C0018220C4601A8002100F02CF9012344EA89
:109E1C00052401A9BA2007940593FDF7D1FF00286A
:109E2C0018BF6FF0920009B030BDF7B5BA2001A988
:109E3C00FEF726F8044610B1002003B0F0BD019DDA
:109E4C002F0AEDB2AC4205D1BA20FDF7FFFF002876
:109E5C00F2D008E0E6193046FDF7F8FF30B1304695
:109E6C00FFF78FFF10B96FF09200E6E70134E9E7D6
:109E7C0008B5F820FFF785FF18B9F920FFF781FF27
:109E8C0010B16FF0920008BDF820FDF7D1FF00284B
:109E9C00F7D1F920FDF7CCFF0028F4D0F1E738B565
:109EAC00BFF35F8F4FF0A344E569BFF35F8FBFF340
:109EBC005F8F10236363BFF35F8F012000F08AF87C
:109ECC00BFF35F8F00236363BFF35F8FBFF35F8FBD
:109EDC00E36BBFF35F8F5B06F8D425B1BFF35F8FE5
:109EEC00E561BFF35F8F38BD08B5FEF72BFC30B9C9
:109EFC00BFF35F8F4FF0A343986ABFF35F8FBFF33D
:109F0C005F8F4FF0A342D36BBFF35F8F10F0240F22
:109F1C0003F0230304D0FFF7C2FF6FF01F0008BD4E
:109F2C004FF0FF30002BFAD1BFF35F8F1063BFF3FC
:109F3C005F8F1846F3E710B5037804461BB1FDF7A5
:109F4C00A7FE00232370002010BD022203689A6034
:109F5C007047C0F30B03482B4B6028BF482310F409
:109F6C00003F8B6008BF0023CB6010F4803308BF28
:109F7C00C1E9013300F47003B3F5700F14BF002373
:109F8C008B6800284FF0010C4FF008028B60B8BFB3
:109F9C000023C1E905C2B8BFC1E905337047FBF71F
:109FAC00F5BF4FF0FF324FF0FF33FBF71FBFFEF74B
:109FBC0039BD07B54FF0FF334FF0FF32CDE9002329
:109FCC00002200F02FF803B05DF804FB00F026B877
:109FDC0000F020B8FFF7D5BD10B54B68D0E9194299
:109FEC0012F0010F03EA040301D09C4210D17BB1A3
:109FFC004366520744BF8A681A430B6848BF8A609D
:10A00C0003660123086080F86C301830FDF786FB7E
:10A01C00002010BD4FF0FF32FEF70EBC0A460021A7
:10A02C00FEF70ABC5200FEF75BBC0139024410B5C6
:10A03C00904201D1002005E0037811F8014FA342B2
:10A04C0001D0181B10BD0130F2E70A44431E9142A7
:10A05C0000D1704710B511F8014B914203F8014F34
:10A06C00F9D110BD02440346934200D1704703F866
:10A07C00011BF9E70246014410B58A42134603D08E
:10A08C001C780132002CF8D1181A10BD30B51446CA
:10A09C009BB005461A46002C05DA8B2303604FF063
:10A0AC00FF301BB030BD4FF4027300910491694630
:10A0BC00ADF80C3014BF04F1FF3323460293059323
:10A0CC004FF6FF73ADF80E301E9BFEF793FD431C4D
:10A0DC00BCBF8B232B60002CE3D0009B00221A709A
:10A0EC00DFE72DE9F0471F468E6882460C46BE42DC
:10A0FC0090460B682DD8B1F90C2012F4906F26D035
:10A10C006569096905EB4505A3EB01097B1C05EBAA
:10A11C00D5754B446D109D4238BF1D46530527D550
:10A12C002946FEF7E3FC064660B34A462169FFF771
:10A13C008CFFA38923F4906343F08003A3812661F1
:10A14C004E446561A5EB090526603E46A560BE42FE
:10A15C0000D93E4632464146206800F09DF8A3687F
:10A16C0000209B1BA360236833442360BDE8F08769
:10A17C002A4600F0ABF806460028E0D1216950468B
:10A18C00FEF76AFC0C234FF0FF30CAF80030A389AD
:10A19C0043F04003A381E9E72DE9F04716469846C2
:10A1AC008A6807460B690C46DDF820909342B8BFCD
:10A1BC001346336091F843200AB1013333602368AE
:10A1CC00990642BF336802333360256815F00605E3
:10A1DC0006D104F1190AE36832689B1AAB422BDCF6
:10A1EC0094F843302268003B18BF0123920630D408
:10A1FC0004F1430241463846C847013023D0236856
:10A20C001A3454F80A2C03F00603042B0ABF54F832
:10A21C000E5C002533684FF0000608BFED1A54F8A9
:10A22C00123C08BF25EAE5759342C4BF9B1AED1892
:10A23C00B5421AD1002008E0012352464146384667
:10A24C00C847013003D14FF0FF30BDE8F08701352E
:10A25C00C1E7E1185A1C30200233224481F8430034
:10A26C0094F8451082F84310C2E701232246414678
:10A27C003846C8470130E6D00136D9E7C9B20346A3
:10A28C00024410B59342184601D1002003E0047833
:10A29C0001338C42F6D110BD884210B501EB02049B
:10A2AC0002D98442234607D8431EA14208D011F894
:10A2BC00012B03F8012FF8E7024401468A4200D132
:10A2CC0010BD13F8014D02F8014DF7E7F8B507463C
:10A2DC0015460C4621B91146BDE8F840FEF706BC00
:10A2EC0022B9FEF7B9FB00242046F8BD00F013F8A4
:10A2FC00A842F9D229463846FEF7F8FB0646002854
:10A30C00F1D021462A46FFF7A0FE214638463446B6
:10A31C00FEF7A2FBE8E751F8043C181F002BBCBF6A
:08A32C000B58C0187047000037
:08A334008C61FF7F01000000B5
:10A33C003131000000000000D13D000000000000A1
:10A34C0000000000A4A30000C5790000000000007C
:10A35C0000000000DCA3000000000000C0A300000F
:10A36C0000000000F8A300000000000014A400008E
:10A37C004536000000000000C597000000000000FA
:10A38C005130000000000000D997000000000000D0
:08A39C00712200000000000026
:10A3A40038C4000000AE0000CCAC000094020020D1
:10A3B400E0050020593300000000000059C50000EA
:10A3C40028AE0000A8AC0000960200203C06002045
:10A3D400A53A00000000000065C500003CAE000086
:10A3E400A8AC00009802002048060020A53A00000E
:10A3F4000000000070C5000050AE0000A8AC0000D2
:10A404009A02002054060020A53A00000000000033
:10A4140084C500007CAE0000E8AC00009C02002073
:0CA42400600600201B97000000000000F4
:10A43000000000001D950000000000001D950000B8
:10A44000000000001D950000000000001D950000A8
:10A45000000000001D950000000000001D95000098
:10A46000000000001D950000000000001D95000088
:10A47000000000001D950000000000001D95000078
:10A48000000000001D950000000000001D95000068
:10A49000000000001D950000000000001D95000058
:10A4A000000000001D950000000000001D95000048
:10A4B000000000001D950000000000001D95000038
:10A4C000000000001D950000000000001D95000028
:10A4D000000000001D950000000000001D95000018
:10A4E000000000001D950000000000001D95000008
:10A4F000000000001D950000000000001D950000F8
:10A50000000000001D950000000000001D950000E7
:10A51000000000001D950000000000001D950000D7
:10A52000000000001D950000000000001D950000C7
:10A53000000000001D950000000000001D950000B7
:10A54000000000001D950000000000001D950000A7
:10A55000000000001D950000000000001D95000097
:10A56000000000001D950000000000001D95000087
:10A57000000000001D950000000000001D95000077
:10A58000000000001D950000000000001D95000067
:10A59000000000001D950000000000001D95000057
:10A5A000000000001D950000000000001D95000047
:10A5B000000000001D950000000000001D95000037
:10A5C000000000001D950000000000001D95000027
:10A5D000000000001D950000000000001D95000017
:10A5E000000000001D950000000000001D95000007
:10A5F000000000001D950000000000001D950000F7
:10A60000000000001D950000000000001D950000E6
:10A61000000000001D950000000000001D950000D6
:10A62000000000001D950000000000001D950000C6
:10A63000000000001D950000000000001D950000B6
:10A64000000000001D950000000000001D950000A6
:10A65000000000001D950000000000001D95000096
:10A66000000000001D950000000000001D95000086
:10A670000000000099860000000000001D95000009
:10A68000000000001D950000000000001D95000066
:10A69000000000001D950000000000001D95000056
:10A6A000000000001D950000000000001D95000046
:10A6B000000000001D950000000000001D95000036
:10A6C000000000001D950000000000001D95000026
:10A6D000000000001D950000000000001D95000016
:10A6E000000000001D950000000000001D95000006
:10A6F000000000001D950000000000001D950000F6
:10A70000000000001D950000000000001D950000E5
:10A71000000000001D950000000000001D950000D5
:10A72000000000001D950000000000001D950000C5
:10A73000000000001D950000000000001D950000B5
:10A74000000000001D950000000000001D950000A5
:10A75000000000001D950000000000001D95000095
:10A76000000000001D950000000000001D95000085
:10A77000000000001D950000000000001D95000075
:10A78000000000001D950000000000001D95000065
:10A79000000000001D950000000000001D95000055
:10A7A000000000001D950000000000001D95000045
:10A7B000000000001D950000000000001D95000035
:10A7C000000000001D950000000000001D95000025
:10A7D000000000001D950000000000001D95000015
:10A7E000000000001D950000000000001D95000005
:10A7F000000000001D950000000000001D950000F5
:10A80000000000001D950000000000001D950000E4
:10A81000000000001D950000000000001D950000D4
:10A82000000000001D950000000000001D950000C4
:10A83000000000001D950000000000001D950000B4
:10A84000000000001D950000000000001D950000A4
:10A85000000000001D950000000000001D95000094
:10A86000000000001D950000000000001D95000084
:10A87000000000001D950000000000001D95000074
:10A88000000000001D950000000000001D95000064
:10A89000000000001D950000000000001D95000054
:10A8A000000000001D950000000000001D95000044
:10A8B000000000001D950000000000001D95000034
:10A8C000000000001D950000000000001D95000024
:10A8D000000000001D950000000000001D95000014
:10A8E000000000001D950000000000001D95000004
:10A8F000000000001D950000000000001D950000F4
:10A90000000000001D950000000000001D950000E3
:10A91000000000001D950000000000001D950000D3
:10A92000000000001D950000000000001D950000C3
:10A93000000000001D950000000000001D950000B3
:10A94000000000001D950000000000001D950000A3
:10A95000000000001D950000000000001D95000093
:10A96000000000001D950000000000001D95000083
:10A97000000000001D950000000000001D95000073
:10A98000000000001D950000000000001D95000063
:10A99000000000001D950000000000001D95000053
:10A9A000000000001D950000000000001D95000043
:10A9B000000000001D950000000000001D95000033
:10A9C000000000001D950000000000001D95000023
:10A9D000000000001D950000000000001D95000013
:10A9E000000000001D950000000000001D95000003
:10A9F000000000001D950000000000001D950000F3
:10AA0000000000001D950000000000001D950000E2
:10AA1000000000001D950000000000001D950000D2
:10AA2000000000001D950000000000001D950000C2
:10AA3000000000001D950000000000001D950000B2
:10AA4000000000001D950000000000001D950000A2
:10AA5000000000001D950000000000001D95000092
:10AA600014A40000BF960000000000001D95000027
:10AA7000000000001D950000000000001D95000072
:10AA8000000000001D950000000000001D95000062
:10AA9000000000001D950000000000001D95000052
:10AAA000000000001D950000000000001D95000042
:10AAB000000000001D950000000000001D95000032
:10AAC000000000001D950000000000001D95000022
:10AAD000000000001D950000000000001D95000012
:10AAE000000000001D950000000000001D95000002
:10AAF000000000001D950000000000001D950000F2
:10AB0000000000001D9500007001002095960000D7
:10AB1000000000001D950000000000001D950000D1
:10AB2000000000001D950000000000001D950000C1
:10AB3000000000001D950000000000001D950000B1
:10AB4000000000001D950000000000001D950000A1
:10AB500029550000F7970000000000001D95000037
:10AB6000000000001D950000000000001D95000081
:10AB7000000000001D950000000000001D95000071
:10AB8000000000001D950000000000001D95000061
:10AB9000000000001D950000000000001D95000051
:10ABA000000000001D950000000000001D95000041
:10ABB000000000001D950000000000001D95000031
:10ABC000000000001D950000000000001D95000021
:10ABD000000000001D950000000000001D95000011
:10ABE000000000001D950000000000001D95000001
:10ABF000000000001D950000000000001D950000F1
:10AC0000000000001D950000000000001D950000E0
:10AC1000000000001D950000000000001D950000D0
:10AC2000000000001D950000000000001D950000C0
:10AC3000000000001D950000000000001D950000B0
:10AC4000000000001D950000000000001D950000A0
:10AC5000000000001D9500006B980000F7970000B1
:10AC6000000000001D950000000000001D95000080
:10AC7000000000001D950000000000001D95000070
:10AC8000000000001D950000000000001D95000060
:10AC9000000000001D950000F800002095960000BF
:08ACA000000000001D950000FA
:10ACA800953800004D960000599600006D960000FA
:10ACB80077960000819600008937000095360000DD
:04ACC8000000000088
:10ACCC00B1330000479600001F9600000000000002
:0CACDC007D3200000000000000000000BD
:0CACE800D7960000C53C0000C996000093
:10AD000000A0105000820D50000405500500000006
:10AD1000040000000100000000000000000000002E
:10AD20000338FDD87047000000000000000000005C
:10AD30000338FDD8704700003BAF000040AF000073
:10AD400045AF000051AF0000BDB20000CCB2000022
:10AD5000E9B20000CD0A0000E0B40000F9B4000040
:10AD600013B500006D0E000018B500002CB50000F2
:10AD700013B50000810D00004AB500005CB500006D
:10AD800013B50000910C000000B6000013B60000DF
:10AD900032B60000AD0F0000EFB60000FEB60000B6
:10ADA0001DB70000F9100000A4B70000ABB7000009
:10ADB0000101010101010101000000010101000088
:10ADC00060000020000000000600010002000000FA
:10ADD000D4AD00000000000084C2000006000000A6
:10ADE000E04F1600000000208CC20000210000008F
:10ADF000E0EF02200D3200003133000000000000BF
:10AE00009934000049320000439600003F9600004C
:10AE100000A0105000820D50000405507F0000007B
:10AE2000FFFF0100FF0700007F00000000A010509E
:10AE3000F80000200000000000000000FFFF0000FC
:10AE400000820D5070010020000000000100000091
:10AE5000FF07000000040550000000000000000093
:10AE60000200000000A0105000820D5000040550A8
:10AE70007F000000FFFF0100FF07000000600C5092
:10AE80000000000000000000A8AE000000C20100A9
:10AE90000000D6010000000000000040000000009B
:10AEA000020E0020010E002000600C50B4AE000025
:10AEB00001000000BCAE00000400000024000000FF
:10AEC00026000002250600012706000300A01050FE
:10AED00000820D50000405507F000000FFFF0100BC
:10AEE000FF0700000800000002000000040000004E
:10AEF000010000003CA300004CA3000084A300005C
:10AF00008CA300009CA30000A4A30000000101008A
:10AF100000020200001400000028000000400000B1
:10AF200001000000020000006763630031322E322E
:10AF30002E3000494E56414C494400504153530075
:10AF40004641494C00554E535550504F525445447C
:10AF500000534B4950504544006F6B005B4B5642C9
:10AF60005D20424547494E2052554E00302E312E2D
:10AF7000302D70726976617465005B4B56425D20BE
:10AF800056455253494F4E202573005B4B56425D48
:10AF9000204B45524E454C206E616D653D2573201A
:10AFA00076657273696F6E3D2573005B4B56425D2B
:10AFB0002046454154555245532064796E5F74686C
:10AFC00072656164733D25752073656D3D2575203F
:10AFD0006D757465783D2575206D757465785F7045
:10AFE000693D25752071756575653D257520746908
:10AFF0006D65723D257520737461636B5F67756164
:10B0000072643D2575206E756C6C5F636865636B5B
:10B010003D257520696E76616C69645F6F626A3D7B
:10B020002575005B4B56425D20504C4154464F52B3
:10B030004D20626F6172643D2573206370753D25FC
:10B040007320636C6F636B5F687A3D25752063794D
:10B05000636C655F687A3D2575207469636B5F6812
:10B060007A3D257520636F6D70696C65723D25733F
:10B070002076657273696F6E3D22257322005B4BEB
:10B0800056425D20424547494E2069643D25732064
:10B0900067726F75703D2573206E616D653D222569
:10B0A0007322005B4B56425D20524553554C542051
:10B0B00069643D25732067726F75703D2573207339
:10B0C000746174653D2573206D6573736167653DBB
:10B0D00022257322005B4B56425D204D4554524958
:10B0E000432069643D2573206E616D653D257320A5
:10B0F00076616C75653D256C6420756E69743D25BF
:10B1000073005B4B56425D20454E442069643D25EB
:10B11000732073746174653D2573005B4B56425D0B
:10B120002053554D4D41525920706173733D257523
:10B13000206661696C3D257520756E737570706F42
:10B14000727465643D257520736B69707065643D2C
:10B15000257520696E76616C69643D257520746F74
:10B1600074616C3D2575005B4B56425D20454E4435
:10B170002052554E0073746172742073656D617056
:10B18000686F726520637265617465206661696CC1
:10B19000656400646F6E652073656D6170686F72C1
:10B1A0006520637265617465206661696C65640021
:10B1B000776F726B65722074687265616420637268
:10B1C00065617465206661696C65640073746172A1
:10B1D000742073656D6170686F726520706F737431
:10B1E000206661696C6564006D6561737572656D7B
:10B1F000656E7420736C656570206661696C65644A
:10B2000000776F726B657220646964206E6F7420C2
:10B2100066696E69736800776F726B657220746817
:10B220007265616420646964206E6F742072756E4B
:10B2300000636F6F70657261746976652079696506
:10B240006C642062656E63686D61726B2076616C00
:10B250006964006B76625F73636865645F776F72C1
:10B260006B657200776F726B6572730074687265DC
:10B2700061647300746F74616C5F7969656C647389
:10B28000006D696E5F7468726561645F636F756E8F
:10B290007400697465726174696F6E73006D6178B2
:10B2A0005F7468726561645F636F756E74006D656D
:10B2B00061737572656D656E745F6D73005343489D
:10B2C00045445F434F4F505F30303100636F6F70C4
:10B2D00065726174697665207969656C642074684B
:10B2E000726F756768707574005343484544007306
:10B2F000656D6170686F7265207761697420666141
:10B30000696C65640073656D6170686F7265207744
:10B310006169742F706F737420666173742070613B
:10B3200074682076616C6964006F7065726174691D
:10B330006F6E7300656C61707365645F7573007028
:10B34000616972735F7065725F736563006D7574B8
:10B35000657820637265617465206661696C6564F7
:10B36000006D75746578206C6F636B206661696C25
:10B370006564006D7574657820756E6C6F636B2005
:10B380006661696C6564006D75746578206C6F63C7
:10B390006B2F756E6C6F636B2066617374207061C8
:10B3A00074682076616C6964006C6F636B656420FF
:10B3B00073656D6170686F72652063726561746535
:10B3C000206661696C65640072656C6561736520F7
:10B3D00073656D6170686F72652063726561746515
:10B3E000206661696C6564006F776E6572207468B1
:10B3F0007265616420637265617465206661696C61
:10B400006564006F776E657220646964206E6F7486
:10B41000206C6F636B206D75746578006F776E6557
:10B4200072206661696C656420746F206C6F636B59
:10B43000206D75746578006E6F6E2D6F776E657216
:10B44000206D7574657820756E6C6F636B207375F5
:10B4500063636565646564006F776E657220646917
:10B4600064206E6F742066696E697368006F776E12
:10B470006572206661696C656420746F20756E6CFE
:10B480006F636B206D7574657820616674657220DA
:10B490006F776E6572736869702074657374006E7F
:10B4A0006F6E2D6F776E6572206D7574657820757F
:10B4B0006E6C6F636B2072656A6563746564006BA4
:10B4C00076625F6D757465785F6F776E6572006E1A
:10B4D0006F6E5F6F776E65725F7374617475730002
:10B4E00053594E435F4D555445585F4F574E455243
:10B4F000534849505F303031006D75746578207560
:10B500006E6C6F636B206279206E6F6E2D6F776E3D
:10B5100065720053594E430053594E435F4D555485
:10B5200045585F464153545F30303100756E636F4C
:10B530006E74656E646564206D75746578206C6FDB
:10B54000636B2F756E6C6F636B0053594E435F5383
:10B55000454D5F464153545F30303100756E636F27
:10B560006E74656E6465642073656D6170686F727A
:10B570006520776169742F706F73740071756575DC
:10B580006520637265617465206661696C6564003D
:10B5900071756575652073656E64206661696C659B
:10B5A00064007175657565207265636569766520EF
:10B5B0006661696C65640071756575652070617997
:10B5C0006C6F6164206D69736D617463680071757F
:10B5D000657565206661737420706174682070728F
:10B5E00065736572766573207061796C6F61640054
:10B5F00073656E645F726563765F70616972730014
:10B600004950435F51554555455F464153545F305E
:10B6100030310071756575652073656E642F7265D4
:10B6200063656976652073616D6520746872656114
:10B6300064004950430074687265616420736C65EE
:10B640006570206661696C656400706C6174666F1A
:10B65000726D206D6963726F7365636F6E642073C2
:10B660006F7572636520756E617661696C61626C7D
:10B670006500736C6565702072657475726E6564C3
:10B68000206561726C696572207468616E206D69F5
:10B690006E696D756D207469636B2D70686173657B
:10B6A00020626F756E6400736C65657020647572DE
:10B6B0006174696F6E2076616C6964007265717582
:10B6C00065737465645F7469636B73007469636B3D
:10B6D0005F7573006E6F6D696E616C5F7573006D81
:10B6E000696E5F65787065637465645F7573005437
:10B6F000494D455F534C4545505F303031007468CB
:10B700007265616420736C65657020647572617424
:10B71000696F6E2061636375726163790054494D8E
:10B720004500574553545F544F504449522F7A6552
:10B73000706879722F696E636C7564652F7A6570B5
:10B740006879722F6B65726E656C2E6800216B5F75
:10B7500069735F7072655F6B65726E656C28290036
:10B76000415353455254494F4E204641494C205B6A
:10B7700025735D20402025733A25640A00096B5F1C
:10B7800063757272656E745F6765742063616C6C5B
:10B790006564207072652D6B65726E656C0A000EB3
:10B7A0000B0703005A657068797200342E332E3906
:10B7B0003900252E2A73006E524635344C31352D12
:10B7C000444B00436F727465782D4D333320402015
:10B7D000313238204D487A20286E524635344C316B
:10B7E000352900574553545F544F504449522F7ADE
:10B7F00065706879722F6C69622F686561702F6857
:10B800006561702E63006368756E6B5F7573656448
:10B8100028682C2063290009756E6578706563744B
:10B8200065642068656170207374617465202864A4
:10B830006F75626C652D667265653F2920666F7253
:10B84000206D656D6F72792061742025700A006C1F
:10B850006566745F6368756E6B28682C2072696713
:10B8600068745F6368756E6B28682C2063292920D3
:10B870003D3D20630009636F7272757074656420CA
:10B880006865617020626F756E64732028627566EA
:10B89000666572206F766572666C6F773F292066E9
:10B8A0006F72206D656D6F72792061742025700A4A
:10B8B000006279746573203E20686561705F666F11
:10B8C0006F7465725F6279746573286279746573E9
:10B8D000290009686561702073697A6520697320A1
:10B8E000746F6F20736D616C6C0A00686561705FC6
:10B8F000737A203E206368756E6B737A2873697A59
:10B90000656F6628737472756374207A5F68656109
:10B91000702929006368756E6B305F73697A6520E2
:10B920002B206D696E5F6368756E6B5F73697A65F6
:10B93000286829203C3D20686561705F737A002883
:10B940006E696C2900574553545F544F5044495217
:10B950002F7A65706879722F6C69622F7574696CC3
:10B96000732F6F6E6F66662E63007374617465204B
:10B970003D3D20305500217379735F736C6973749A
:10B980005F69735F656D70747928266D67722D3EEF
:10B99000636C69656E747329007472616E73697487
:10B9A00020213D202828766F6964202A293029002B
:10B9B0007374617465203D3D202831554C203C3C1A
:10B9C0002028312929006D67722D3E72656673202B
:10B9D0003D3D2030007374617465203D3D20283169
:10B9E000554C203C3C202830292900574553545FB2
:10B9F000544F504449522F7A65706879722F696E9E
:10BA0000636C7564652F7A65706879722F737069DD
:10BA10006E6C6F636B2E68007A5F7370696E5F7512
:10BA20006E6C6F636B5F76616C6964286C290009CA
:10BA30004E6F74206D79207370696E6C6F636B202C
:10BA400025700A007A5F7370696E5F6C6F636B5F5D
:10BA500076616C6964286C290009496E76616C69AD
:10BA600064207370696E6C6F636B2025700A0057D9
:10BA70004553545F544F504449522F7A657068794A
:10BA8000722F6C69622F7574696C732F6E6F746995
:10BA900066792E63002A2A2A20426F6F74696E67C6
:10BAA000206E524620436F6E6E6563742053444B84
:10BAB0002076332E332E302D62613136376439666D
:10BAC00033646234202A2A2A0A002A2A2A2055733B
:10BAD000696E67205A6570687972204F53207634FA
:10BAE0002E332E39392D6664393230346130326468
:10BAF0003532202A2A2A0A0072302F61313A20205A
:10BB0000307825303878202072312F61323A202069
:10BB1000307825303878202072322F61333A202057
:10BB20003078253038780A0072332F61343A20207B
:10BB3000307825303878207231322F69703A2020E1
:10BB4000307825303878207231342F6C723A2020CA
:10BB50003078253038780A0020787073723A2020C7
:10BB60003078253038780A004661756C74696E67E4
:10BB700020696E737472756374696F6E206164649A
:10BB80007265737320287231352F7063293A203023
:10BB900078253038780A00556E68616E646C65648B
:10BBA000204952516E3A2025640A002A2A2A2A2A5C
:10BBB000205553414745204641554C54202A2A2AB6
:10BBC0002A2A0A0020204469766973696F6E206210
:10BBD00079207A65726F0A002020556E616C696762
:10BBE0006E6564206D656D6F727920616363657346
:10BBF000730A002020537461636B206F7665726650
:10BC00006C6F772028636F6E74657874206172653D
:10BC100061206E6F742076616C6964290A002020AF
:10BC20004E6F20636F70726F636573736F722069FC
:10BC30006E737472756374696F6E730A00202049A5
:10BC40006C6C6567616C206C6F6164206F66204569
:10BC500058435F52455455524E20696E746F2050C0
:10BC6000430A002020496C6C6567616C2075736520
:10BC7000206F662074686520455053520A002020CA
:10BC8000417474656D707420746F20657865637598
:10BC9000746520756E646566696E656420696E738F
:10BCA0007472756374696F6E0A002A2A2A2A2A2020
:10BCB000425553204641554C54202A2A2A2A2A0A02
:10BCC000002020537461636B696E67206572726F28
:10BCD000720A002020556E737461636B696E672071
:10BCE0006572726F720A0020205072656369736515
:10BCF000206461746120627573206572726F720ACC
:10BD00000020204246415220416464726573733AB8
:10BD100020307825780A002020496D7072656369AB
:10BD20007365206461746120627573206572726F3F
:10BD3000720A002020496E737472756374696F6EA5
:10BD400020627573206572726F720A002020466C43
:10BD50006F6174696E672D706F696E74206C617AA3
:10BD60007920737461746520707265736572766191
:10BD700074696F6E206572726F720A002A2A2A2A0D
:10BD80002A204D5055204641554C54202A2A2A2A13
:10BD90002A0A002020537461636B696E6720657204
:10BDA000726F722028636F6E74657874206172659B
:10BDB00061206D69676874206265206E6F742076FB
:10BDC000616C6964290A0020204461746120416328
:10BDD000636573732056696F6C6174696F6E0A00D6
:10BDE00020204D4D46415220416464726573733A80
:10BDF00020307825780A002020496E7374727563AC
:10BE000074696F6E204163636573732056696F6C4C
:10BE10006174696F6E0A00574553545F544F504424
:10BE200049522F7A65706879722F617263682F6149
:10BE3000726D2F636F72652F636F727465785F6DBB
:10BE40002F6661756C742E630021282828534342A5
:10BE50005F54797065202A292028283078453030B1
:10BE60003045303030554C29202B2030783044304C
:10BE700030554C2920292D3E434653522026202858
:10BE800031554C203C3C20283055202B203455295E
:10BE900029290009537461636B696E67206F7220F2
:10BEA00044617461204163636573732056696F6CEC
:10BEB0006174696F6E206572726F72207769746841
:10BEC0006F757420737461636B2067756172642C85
:10BED00020757365722D6D6F6465206F72206E75AD
:10BEE0006C6C2D706F696E74657220646574656327
:10BEF00074696F6E0A0A0052657365727665642014
:10BF0000457863657074696F6E2028005370757290
:10BF1000696F757320696E7465727275707420280C
:10BF20004952512000535053454C20696E2074688B
:10BF300072656164206D6F646520646F6573206E47
:10BF40006F7420696E646963617465205053500A90
:10BF50000065736620213D202828766F6964202AB9
:10BF6000293029000945534620636F756C64206EA3
:10BF70006F742062652072657472696576656420ED
:10BF80007375636365737366756C6C792E20536883
:10BF9000616C6C206E65766572206F636375722EBE
:10BFA0000A002A2A2A2A2A2048415244204641557A
:10BFB0004C54202A2A2A2A2A0A002020427573205B
:10BFC0006661756C74206F6E20766563746F722085
:10BFD0007461626C6520726561640A0020204465AA
:10BFE000627567206576656E740A0020204661756B
:10BFF0006C7420657363616C6174696F6E20287363
:10C0000065652062656C6F77290A00415243485F7D
:10C0100045584345505420776974682072656173B0
:10C020006F6E2025780A0A00094661756C742065D8
:10C030007363616C6174696F6E20776974686F7582
:10C04000742046535220696E666F0A000948617277
:10C05000644661756C7420776974686F75742048E4
:10C0600046535220696E666F205368616C6C206E77
:10C0700065766572206F636375720A002A2A2A2A20
:10C080002A204465627567206D6F6E69746F722037
:10C09000657863657074696F6E202A2A2A2A2A0AD5
:10C0A000002A2A2A2A2A20257320256429202A2AC0
:10C0B0002A2A2A0A00574553545F544F5044495284
:10C0C0002F7A65706879722F617263682F61726D63
:10C0D0002F636F72652F636F727465785F6D2F6960
:10C0E00072715F6D616E6167652E63007072696F5A
:10C0F000203C3D20282831554C203C3C2028332929
:10C1000029202D2031290009696E76616C6964202F
:10C110007072696F7269747920256420666F72206D
:10C12000256420697271212076616C756573206DBC
:10C13000757374206265206C657373207468616E1A
:10C1400020256C750A0A00574553545F544F5044DC
:10C1500049522F7A65706879722F617263682F6116
:10C16000726D2F636F72652F6D70752F61726D5FC9
:10C170006D70752E630009436F6E6669677572692D
:10C180006E6720257520737461746963204D505566
:10C1900020726567696F6E73206661696C65640AF9
:10C1A0000A00094D61726B696E6720257520617206
:10C1B00065617320666F722064796E616D696320BA
:10C1C000726567696F6E73206661696C65640A0ADF
:10C1D00000095265717565737420746F20636F6E0A
:10C1E0006669677572653A20257520726567696FA3
:10C1F0006E732028737570706F727465643A2025B1
:10C2000075290A0A002128726567696F6E5B696487
:10C21000785D2E64745F6174747220262028315515
:10C220004C203C3C202830292929000952414D5FEF
:10C230004E4F434143484520776974682044545F1A
:10C240004D454D5F434143484541424C4520617453
:10C25000747269627574650A0A00094661696C65E1
:10C260006420746F20616C6C6F63617465204D5045
:10C270005520726567696F6E732066726F6D20441A
:10C28000540A0A00464C4153485F30005352414D16
:10C290005F3000574553545F544F504449522F7AF2
:10C2A00065706879722F6C69622F6C6962632F6E9A
:10C2B00065776C69622F6C6962632D686F6F6B7351
:10C2C0002E63002828282873697A655F742928312D
:10C2D00038382929203C3C20313029202D2028289D
:10C2E0002875696E747074725F742928265F656E94
:10C2F000642929202D2030783230303030303030F1
:10C300002929203E3D203230343800096D656D6F9B
:10C31000727920737061636520617661696C616216
:10C320006C6520666F72206E65776C696220686547
:10C330006170206973206C657373207468616E206E
:10C34000746865206D696E696D756D2072657175B3
:10C35000697265642073697A6520737065636966C4
:10C3600069656420627920434F4E4649475F4E45D8
:10C37000574C49425F4C4942435F4D494E5F5245DD
:10C380005155495245445F484541505F53495A45CC
:10C390000A002A6C6F636B20213D202828766F6984
:10C3A00064202A29302900096E6F6E2D726563752D
:10C3B0007273697665206C6F636B20616C6C6F6360
:10C3C0006174696F6E206661696C65640A00574527
:10C3D00053545F544F504449522F7A6570687972B4
:10C3E0002F647269766572732F636C6F636B5F6322
:10C3F0006F6E74726F6C2F636C6F636B5F636F6EC5
:10C4000074726F6C5F6E72662E6300747970652053
:10C410003C20434C4F434B5F434F4E54524F4C5F75
:10C420004E52465F545950455F434F554E54006538
:10C430007272203E3D203000636C6F636B40313080
:10C440006530303000574553545F544F5044495283
:10C450002F7A65706879722F696E636C7564652FC9
:10C460007A65706879722F647269766572732F6766
:10C4700070696F2F6770696F5F7574696C732E6870
:10C480000063616C6C6261636B00094E6F206361D5
:10C490006C6C6261636B210A0063616C6C62616346
:10C4A0006B2D3E68616E646C657200094E6F20638F
:10C4B000616C6C6261636B2068616E646C65722193
:10C4C0000A00574553545F544F504449522F6D6FE3
:10C4D00064756C65732F68616C2F6E6F726469632D
:10C4E0002F6E7266782F68616C2F6E72665F677050
:10C4F000696F2E68006E72665F6770696F5F706942
:10C500006E5F70726573656E745F636865636B28D8
:10C510002A705F70696E2900574553545F544F501D
:10C520004449522F7A65706879722F647269766512
:10C5300072732F6770696F2F6770696F5F6E7266B5
:10C54000782E6300657272203D3D20300063622DBD
:10C550003E68616E646C6572006770696F4031306F
:10C5600061303030006770696F40643832303000BD
:10C570006770696F403530343030000001040502C7
:10C580000608090F75617274406336303030005709
:10C590004553545F544F504449522F6D6F64756C2E
:10C5A00065732F68616C2F6E6F726469632F6E7292
:10C5B00066782F647269766572732F7372632F6E5B
:10C5C0007266785F636C6F636B2E63006D5F636C84
:10C5D0006F636B5F63622E6D6F64756C655F696E10
:10C5E000697469616C697A656400574553545F5496
:10C5F0004F504449522F6D6F64756C65732F68619D
:10C600006C2F6E6F726469632F6E7266782F64721E
:10C6100069766572732F7372632F6E7266785F63CB
:10C620006C6F636B5F6C66636C6B2E630057455376
:10C63000545F544F504449522F6D6F64756C65734D
:10C640002F68616C2F6E6F726469632F6E726678EB
:10C650002F647269766572732F7372632F6E7266C0
:10C66000785F636C6F636B5F786F2E630057455321
:10C67000545F544F504449522F6D6F64756C65730D
:10C680002F68616C2F6E6F726469632F6E726678AB
:10C690002F68616C2F6E72665F6770696F74652EAC
:10C6A0006800696E646578203C2038005745535413
:10C6B0005F544F504449522F6D6F64756C65732FF2
:10C6C00068616C2F6E6F726469632F6E7266782F6B
:10C6D000647269766572732F7372632F6E726678F7
:10C6E0005F6770696F74652E6300705F696E737445
:10C6F000616E636500705F6368616E6E656C00708B
:10C70000696E5F6861735F747269676765722870CC
:10C710005F696E7374616E63652C2070696E2900A9
:10C72000696E745F656E61626C6500000718232393
:10C7300023232323232323232323230001025745D9
:10C7400053545F544F504449522F6D6F64756C655C
:10C75000732F68616C2F6E6F726469632F6E7266DF
:10C76000782F68616C2F6E72665F677274632E68D3
:10C770000076616C7565203C3D202828307846465F
:10C780004646554C203C3C202830554C2929203E1B
:10C790003E202830554C29290076616C7565203C77
:10C7A0003D20282830784646554C203C3C202830F7
:10C7B000554C2929203E3E202830554C292900631C
:10C7C000635F6368616E6E656C203C202831325572
:10C7D0004C2900574553545F544F504449522F6DD4
:10C7E0006F64756C65732F68616C2F6E6F7264690E
:10C7F000632F6E7266782F647269766572732F7319
:10C8000072632F6E7266785F677274632E63007056
:10C810005F6368616E5F64617461002863635F6376
:10C8200068616E6E656C203C20283132554C292998
:10C83000202626202876616C7565203C3D20283016
:10C84000783746464646464646554C203C3C2028CE
:10C8500030554C2929290063635F68203C3D20281E
:10C8600030784646464646554C203C3C20283055BC
:10C870004C2929006D5F63622E7374617465203DDD
:10C880003D204E5246585F4452565F5354415445E2
:10C890005F494E495449414C495A454400737973A4
:10C8A000636F756E7465725F636865636B28636838
:10C8B000616E6E656C29203D3D2030006D5F6362C6
:10C8C0002E6368616E6E656C5F646174615B695D47
:10C8D0002E6368616E6E656C203D3D206964780052
:10C8E000574553545F544F504449522F6D6F6475F0
:10C8F0006C65732F68616C2F6E6F726469632F6E45
:10C900007266782F68616C2F6E72665F7272616DED
:10C91000632E6800705F636F6E6669672D3E777285
:10C920006974655F627566665F73697A65203C3D10
:10C93000202830783230554C2900574553545F54E5
:10C940004F504449522F7A65706879722F6B657227
:10C950006E656C2F6465766963652E630072632073
:10C960003E3D202D283078666629202626207263D9
:10C97000203C2030000964657669636520257320BA
:10C98000696E69743A20696E76616C6964206572BB
:10C99000726F7220282564290A00574553545F544A
:10C9A0004F504449522F7A65706879722F6B6572C7
:10C9B0006E656C2F666174616C2E630072656173C5
:10C9C0006F6E20213D204B5F4552525F4B45524ECA
:10C9D000454C5F50414E49430009417474656D7088
:10C9E00074656420746F207265636F76657220666B
:10C9F000726F6D2061206B65726E656C2070616E68
:10CA0000696320636F6E646974696F6E0A0009411F
:10CA10007474656D7074656420746F207265636FE3
:10CA20007665722066726F6D206120666174616C3C
:10CA3000206572726F7220696E204953520A005746
:10CA40004553545F544F504449522F7A657068796A
:10CA5000722F6B65726E656C2F696E69742E630040
:10CA60007468726561645F64617461203C3D205F3D
:10CA70005F7374617469635F7468726561645F6435
:10CA80006174615F6C6973745F656E640009756ED3
:10CA90006578706563746564206C69737420656E75
:10CAA00064206C6F636174696F6E0A006465762040
:10CAB0003C3D205F6465766963655F6C6973745F94
:10CAC000656E64006D61696E00574553545F544F45
:10CAD000504449522F7A65706879722F6B65726E77
:10CAE000656C2F69646C652E63005F6B65726E65A3
:10CAF0006C2E637075735B305D2E63757272656E3C
:10CB0000742D3E626173652E7072696F203E3D2008
:10CB10003000574553545F544F504449522F7A6563
:10CB2000706879722F6B65726E656C2F696E636CBD
:10CB30007564652F6B73636865642E680074687232
:10CB40006561642D3E626173652E70656E64656417
:10CB50005F6F6E00574553545F544F504449522FF6
:10CB60007A65706879722F6B65726E656C2F6D7364
:10CB7000675F712E630021617263685F69735F692B
:10CB80006E5F6973722829207C7C20282874696D67
:10CB9000656F7574292E7469636B73203D3D202881
:10CBA00028286B5F74696D656F75745F74297B30BD
:10CBB0007D29292E7469636B732900090A0021619C
:10CBC0007263685F6972715F756E6C6F636B6564C9
:10CBD000286B657929006D7367712D3E77726974D2
:10CBE000655F707472203E3D206D7367712D3E62EB
:10CBF00075666665725F7374617274202626206D97
:10CC00007367712D3E77726974655F707472203C32
:10CC1000206D7367712D3E6275666665725F656E25
:10CC20006400574553545F544F504449522F7A651E
:10CC3000706879722F6B65726E656C2F6D75746597
:10CC4000782E630021617263685F69735F696E5F4C
:10CC5000697372282900096D75746578657320639E
:10CC6000616E6E6F74206265207573656420696EF5
:10CC70007369646520495352730A006D7574657851
:10CC80002D3E6C6F636B5F636F756E74203E20305A
:10CC90005500574553545F544F504449522F7A65BD
:10CCA000706879722F6B65726E656C2F73656D2E6F
:10CCB00063002828617263685F69735F696E5F69EA
:10CCC00073722829203D3D203029207C7C20282893
:10CCD00074696D656F7574292E7469636B73203D7B
:10CCE0003D202828286B5F74696D656F75745F74CB
:10CCF000297B307D29292E7469636B73292900579C
:10CD00004553545F544F504449522F7A65706879A7
:10CD1000722F6B65726E656C2F7468726561642E1C
:10CD20006300282828287072696F2929203D3D203A
:10CD30003135202626207A5F69735F69646C655FF0
:10CD40007468726561645F656E7472792828656EB7
:10CD5000747279292929207C7C20282828313520C3
:10CD60002D203129203E3D2028282D313629292902
:10CD70002026262028287072696F2929203E3D2010
:10CD800028282D3136292920262620282870726946
:10CD90006F2929203C3D20283135202D203129299B
:10CDA000290009696E76616C6964207072696F721E
:10CDB00069747920282564293B20616C6C6F776544
:10CDC000642072616E67653A20256420746F2025A7
:10CDD000640A000954687265616473206D6179208A
:10CDE0006E6F74206265206372656174656420698A
:10CDF0006E20495352730A00574553545F544F50A5
:10CE00004449522F7A65706879722F6B65726E652E
:10CE10006C2F73636865642E6300217A5F69735FAA
:10CE200069646C655F7468726561645F6F626A658E
:10CE300063742874687265616429002169735F7482
:10CE400068726561645F64756D6D79287468726578
:10CE500061642900574553545F544F504449522F41
:10CE60007A65706879722F6B65726E656C2F696E6A
:10CE7000636C7564652F6B7468726561642E6800FD
:10CE80005F6B65726E656C2E637075735B305D2EC3
:10CE900063757272656E7420213D202828766F6953
:10CEA00064202A29302900574553545F544F504479
:10CEB00049522F7A65706879722F6B65726E656C56
:10CEC0002F696E636C7564652F6B737761702E6864
:10CED00000617263685F6972715F756E6C6F636B1E
:10CEE0006564286B657929207C7C205F6B65726E98
:10CEF000656C2E637075735B305D2E637572726541
:10CF00006E742D3E626173652E7468726561645F34
:10CF1000737461746520262028282831554C203CE4
:10CF20003C202830292929207C20282831554C20D4
:10CF30003C3C202833292929290009436F6E746558
:10CF4000787420737769746368696E67207768699D
:10CF50006C6520686F6C64696E67206C6F636B2111
:10CF60000A0073697A656F66285F73636865645F3A
:10CF70007370696E6C6F636B29203D3D2030207C9F
:10CF80007C206C6F636B20213D20265F7363686596
:10CF9000645F7370696E6C6F636B005F6B65726E5C
:10CFA000656C2E637075735B305D2E637572726590
:10CFB0006E742D3E626173652E73636865645F6C89
:10CFC0006F636B656420213D203155005F6B657296
:10CFD0006E656C2E637075735B305D2E6375727257
:10CFE000656E742D3E626173652E73636865645F60
:10CFF0006C6F636B656420213D2030550028282824
:10D00000287072696F2929203D3D20313520262660
:10D01000207A5F69735F69646C655F7468726561CB
:10D02000645F656E74727928282828766F69642099
:10D030002A293029292929207C7C202828283135B3
:10D04000202D203129203E3D2028282D3136292928
:10D05000292026262028287072696F2929203E3D24
:10D060002028282D313629292026262028287072AC
:10D07000696F2929203C3D20283135202D20312978
:10D08000292900217465726D696E617465000961FA
:10D09000626F72746564205F63757272656E74206E
:10D0A0006261636B2066726F6D20646561640A0063
:10D0B00021657373656E7469616C000961626F72DA
:10D0C00074656420657373656E7469616C2074683F
:10D0D000726561642025700A00574553545F544FB0
:10D0E000504449522F7A65706879722F6B65726E61
:10D0F000656C2F74696D656F75742E63002173798B
:10D10000735F646E6F64655F69735F6C696E6B6596
:10D11000642826746F2D3E6E6F6465290057455351
:10D12000545F544F504449522F7A65706879722F7A
:10D130006B65726E656C2F6B686561702E6300683D
:10D14000656170203C3D205F6B5F686561705F6C5E
:10D150006973745F656E6400574553545F544F5054
:10D160004449522F6E72662F7375627379732F6EF6
:10D1700072665F73656375726974792F7372632F5A
:10D18000647269766572732F63726163656E2F6373
:10D190006F6D6D6F6E2F7372632F63726163656E57
:10D1A0002F6C69625F6B6D752E63002828282875C7
:10D1B000696E747074725F74296B6D755F737263DE
:10D1C0002D3E6465737429202520313629203D3D8C
:10D1D000203029000944455354206D6973616C69FE
:10D1E000676E65640A00574553545F544F50444975
:10D1F000522F6E72662F7375627379732F6E72661B
:10D200005F73656375726974792F7372632F6472CB
:10D2100069766572732F63726163656E2F737873BD
:10D22000796D63727970742F7372632F706C61748F
:10D23000666F726D2F626172656D6574616C2F69C6
:10D240006E74657272757074732E630009556E6822
:10D25000616E646C656420696E7465727275707459
:10D260002E200A00574553545F544F504449522FC3
:10D270006E72662F7375627379732F6E72665F7349
:10D28000656375726974792F7372632F7574696C35
:10D29000732F6E72665F73656375726974795F6D03
:10D2A0007574657865732E6300726574203D3D204A
:10D2B0003000574553545F544F504449522F7A65BC
:10D2C000706879722F6B65726E656C2F6576656E0E
:10D2D00074732E630000202020202020202020288E
:10D2E000282828282020202020202020202020201E
:10D2F0002020202020208810101010101010101056
:10D300001010101010100404040404040404040495
:10D310001010101010101041414141414101010114
:10D3200001010101010101010101010101010101ED
:10D3300001101010101010424242424242020202FA
:10D3400002020202020202020202020202020202BD
:10D35000021010101020000000000000000000006B
:10D3600000000000000000000000000000000000BD
:10D3700000000000000000000000000000000000AD
:10D38000000000000000000000000000000000009D
:10D39000000000000000000000000000000000008D
:10D3A000000000000000000000000000000000007D
:10D3B000000000000000000000000000000000006D
:10D3C000000000000000000000000000000000005D
:10D3D000000000000000232D302B2000686C4C0062
:10D3E0006566674546470030313233343536373865
:10D3F00039414243444546003031323334353637C3
:0CD400003839616263646566000000005A
:10D40C0000000000670000000000000000000000A9
:10D41C000000000000000000000000000000000000
:10D42C0000000000000000000000000000000000F0
:10D43C0000000000000000000000000000000000E0
:10D44C0000000000000000000000000000000000D0
:10D45C0000000000000000000000000000000000C0
:10D46C0000000000000000000000000000000000B0
:10D47C0000000000000000000000000000000000A0
:10D48C000000000000000000000000000000000090
:10D49C00B9930000BD95000000C0105000000000C2
:10D4AC000000000000000000000000000000000070
:10D4BC000000000000000000000000000000000060
:10D4CC000000000000000000000000000000000050
:10D4DC000000000000000000000000000000000040
:10D4EC000000000000000000000000000000000030
:10D4FC000000000000000000000000000000000020
:10D50C00000000000000000000000000000100000E
:10D51C0000A00D5000000000000000000000000002
:10D52C0000000000000000000000000000000000EF
:10D53C0000000000000000000000000000000000DF
:10D54C0000000000000000000000000000000000CF
:10D55C0000000000000000000000000000000000BF
:10D56C0000000000000000000000000000000000AF
:10D57C00000000000000000000000000000000009F
:10D58C000000000000000000793D000000000000D9
:10D59C00FF0000000090D003FF0000000F0000000F
:10D5AC000002002000020020619C000071A000001D
:10D5BC0067742000B4020020DC020020C8020020A6
:10D5CC002803002018030020AB9F0000AF9F000031
:10D5DC0034020020000000000000000000000000E9
:10D5EC00000000000000000000000000000000002F
:10D5FC00000000000000000000000000000000001F
:10D60C00000000000000000000000000000000000E
:10D61C0000000000000000000000000000000000FE
:10D62C0000000000000000000000000000000000EE
:04D63C0000000000EA
:0CD64000000000000000000000000000DE
:10D64C00A0020020A002002000000000000000004A
:10D65C000E000000B4020020B40200200000000004
:10D66C00000000000E000000C8020020C8020020CC
:10D67C0000000000000000000E000000DC02002092
:10D68C00DC02002000000000000000000E00000082
:10D69C00F0020020F002002000000000000000005A
:10D6AC000E00000004030020040300200000000012
:08D6BC00000000000E00000058
:10D6C40018030020180300200000000000000000E0
:10D6D40028030020280300200000000000000000B0
:04D6E40015E015E058
:04000003000027F5DD
:00000001FF
